image_id,filepath,class_name,group_id,source_id,scale,pose,illumination,image_condition,dataset,class_id,decode_ok,sha256,phash
fmd_000000,/content/cossdf_work/datasets/fmd/image/fabric/fabric_moderate_001_new.jpg,fabric,,,,,,,fmd,0,True,db937153248855736be2d50cedc4e60c486d848e5f38f0d1ffc6a881e15383a1,8d22bc4d765e586c
fmd_000001,/content/cossdf_work/datasets/fmd/image/fabric/fabric_moderate_002_new.jpg,fabric,,,,,,,fmd,0,True,87c2433dff6b485802c64a1093c98d08483b65ab1e63ca6f4a15880a0e1a5343,9f33ae924ea1d03c
fmd_000002,/content/cossdf_work/datasets/fmd/image/fabric/fabric_moderate_003_new.jpg,fabric,,,,,,,fmd,0,True,2972ae3f49abd8d30b71f264f3f259d41309a3b4dd05e5326ece977792877145,b65562ea694bc949
fmd_000003,/content/cossdf_work/datasets/fmd/image/fabric/fabric_moderate_004_new.jpg,fabric,,,,,,,fmd,0,True,e80109d2e934522b41ee20e111accb461c5eebe5d5b9e6e1490deface1b5cf5c,c0cdb9f316325a96
fmd_000004,/content/cossdf_work/datasets/fmd/image/fabric/fabric_moderate_005_new.jpg,fabric,,,,,,,fmd,0,True,925410c7dbeef09c9732e028cdc802a403b5433bbafdfb117e92806197bc0103,952ec036d0d46fd3
fmd_000005,/content/cossdf_work/datasets/fmd/image/fabric/fabric_moderate_006_new.jpg,fabric,,,,,,,fmd,0,True,f62936221d0055934773dbbada0d7800a3eecd2ac5cdd50b7c01e69e48a4c345,e1e0140eab973e57
fmd_000006,/content/cossdf_work/datasets/fmd/image/fabric/fabric_moderate_007_new.jpg,fabric,,,,,,,fmd,0,True,15348de9a9ddfb2e82f6c8c94a8e2f06a17a2d4292084dd2ce5d1bc65ccfc8dd,e12a9661f45e275a
fmd_000007,/content/cossdf_work/datasets/fmd/image/fabric/fabric_moderate_008_new.jpg,fabric,,,,,,,fmd,0,True,4e131646c816df52472678fc4a6c03fc328ab52fa9b3213c7f99bc9ea29a1449,9cdaa5d634b3c413
fmd_000008,/content/cossdf_work/datasets/fmd/image/fabric/fabric_moderate_009_new.jpg,fabric,,,,,,,fmd,0,True,bdf13698737e2a989ee07d2926d0317791c729e7e41cb26d57a8b36d759cebfb,b1a67cdb8e8721c4
fmd_000009,/content/cossdf_work/datasets/fmd/image/fabric/fabric_moderate_010_new.jpg,fabric,,,,,,,fmd,0,True,34fb2fdc69646b77d6802ffa7244abd11d2f6f162d2b58ec5bd69b477617e44b,abd8e40a3ead3712
fmd_000010,/content/cossdf_work/datasets/fmd/image/fabric/fabric_moderate_011_new.jpg,fabric,,,,,,,fmd,0,True,45d603d1ec869bc4c24061fd5d3ee488f4fb7377990715182cf40e379bc84800,d32fac8c541b1ba9
fmd_000011,/content/cossdf_work/datasets/fmd/image/fabric/fabric_moderate_012_new.jpg,fabric,,,,,,,fmd,0,True,741eb184bef9a78cfd0d9c8e5e13a5438b40b565c18ae9b6ca5c49f546f04e5e,f8d8e6c3121cfce0
fmd_000012,/content/cossdf_work/datasets/fmd/image/fabric/fabric_moderate_013_new.jpg,fabric,,,,,,,fmd,0,True,4b34f63f4408ee70f792a5b13489ef0b8bc9f48246c81c1a91cae59e54bcb024,a4277be38e1c72c2
fmd_000013,/content/cossdf_work/datasets/fmd/image/fabric/fabric_moderate_014_new.jpg,fabric,,,,,,,fmd,0,True,36e1bb3d1280fca8c313fe2f464fb654d0c64f06a0fb75f57f618571cc59b480,a4b8c3989e0f38ed
fmd_000014,/content/cossdf_work/datasets/fmd/image/fabric/fabric_moderate_015_new.jpg,fabric,,,,,,,fmd,0,True,25f09dac4de8d573cef2d0b91f55683de39f4682997ac8e54c0f3b3fbf69be0c,fdd68d542ab50aa2
fmd_000015,/content/cossdf_work/datasets/fmd/image/fabric/fabric_moderate_016_new.jpg,fabric,,,,,,,fmd,0,True,ec2ccaa61eb1c003d84b12b6db31d6225a6d3770ff2b09592f8e1d067754c366,84d863345be6da69
fmd_000016,/content/cossdf_work/datasets/fmd/image/fabric/fabric_moderate_017_new.jpg,fabric,,,,,,,fmd,0,True,d41f2c7994c68c13f6075ec2d0377a71ac3815c7bb826c0c1eb9005226c52930,e5ba59706a636165
fmd_000017,/content/cossdf_work/datasets/fmd/image/fabric/fabric_moderate_018_new.jpg,fabric,,,,,,,fmd,0,True,3a3c972fba1bb313816ee776c571dce1af1601feb5b9ebcc61a1817adc475811,dd9742861fb6212d
fmd_000018,/content/cossdf_work/datasets/fmd/image/fabric/fabric_moderate_019_new.jpg,fabric,,,,,,,fmd,0,True,6ef09efd985f1c11b0daba9bf2e25ee74a7a80b9c41d2937954fab8a03e4090e,98cbabada8b35252
fmd_000019,/content/cossdf_work/datasets/fmd/image/fabric/fabric_moderate_020_new.jpg,fabric,,,,,,,fmd,0,True,fe5911bfe1e42e29cd92725eba6be041d355c0deac96a0b8370c878412c41ac8,f8818e839f87d866
fmd_000020,/content/cossdf_work/datasets/fmd/image/fabric/fabric_moderate_021_new.jpg,fabric,,,,,,,fmd,0,True,712cda8ab8676c65c73971c74732ececdae78be2b0074c39d1a28a1be322fe78,f6ac432d9314edc8
fmd_000021,/content/cossdf_work/datasets/fmd/image/fabric/fabric_moderate_022_new.jpg,fabric,,,,,,,fmd,0,True,dcbb3643a8239338c575bc524310fac1b20cea0a6bfd4b89b5f500f973b1bc0c,e1bc760905d7ec91
fmd_000022,/content/cossdf_work/datasets/fmd/image/fabric/fabric_moderate_023_new.jpg,fabric,,,,,,,fmd,0,True,e08be71b12d8a7fed504cdaa25d40fda0ec42f581a24143720853170b5e54340,d0e4e4cf972c19d2
fmd_000023,/content/cossdf_work/datasets/fmd/image/fabric/fabric_moderate_024_new.jpg,fabric,,,,,,,fmd,0,True,1e0d93f3e8c7ecebda1d96bb8ba61742f3e15ffdf1c461914be97fb79e16d7ff,94b6f885d9326ae4
fmd_000024,/content/cossdf_work/datasets/fmd/image/fabric/fabric_moderate_025_new.jpg,fabric,,,,,,,fmd,0,True,ad497be8852e1ed5cdbd028eefc9d51701819d83bdfa1e3b48b072b9b43286cd,fafa20c5174c9875
fmd_000025,/content/cossdf_work/datasets/fmd/image/fabric/fabric_moderate_026_new.jpg,fabric,,,,,,,fmd,0,True,40c936c0392f9be5b993206c571402d20a422d0cc1fbbddbcd0f204ab4b1f2e4,e2fac5ea1c526351
fmd_000026,/content/cossdf_work/datasets/fmd/image/fabric/fabric_moderate_027_new.jpg,fabric,,,,,,,fmd,0,True,d55693391d197e3d86834c0167b10857d20eda8c5ecb3d9afce367c0f943c6e7,9d755780762ad827
fmd_000027,/content/cossdf_work/datasets/fmd/image/fabric/fabric_moderate_028_new.jpg,fabric,,,,,,,fmd,0,True,94fb59ac1237c9cdde0e7adc2e1207faa94cc509500bdf91f4109ef92a041b32,91de478c4a4657ea
fmd_000028,/content/cossdf_work/datasets/fmd/image/fabric/fabric_moderate_029_new.jpg,fabric,,,,,,,fmd,0,True,1d186fc00fdedd4928272573c2d952ceed0a032f3d8faac1871047c91239d051,e980fa96949f604f
fmd_000029,/content/cossdf_work/datasets/fmd/image/fabric/fabric_moderate_030_new.jpg,fabric,,,,,,,fmd,0,True,848c5e3b72918db4b6a2f8d2bf8a1f7754ff47a9f56167826fc670f100745118,c8edcc3c12c6a697
fmd_000030,/content/cossdf_work/datasets/fmd/image/fabric/fabric_moderate_031_new.jpg,fabric,,,,,,,fmd,0,True,2bd4bc6991d38dceb90199ef37b9703ead1957dc61b7163c9d0ceed57bbd8c95,a5ffdb49f0c08027
fmd_000031,/content/cossdf_work/datasets/fmd/image/fabric/fabric_moderate_032_new.jpg,fabric,,,,,,,fmd,0,True,e54dd721af14363ca3376ec5991785c97e1d5b0780165c377239f6c194b814de,9d43c28d199736f4
fmd_000032,/content/cossdf_work/datasets/fmd/image/fabric/fabric_moderate_033_new.jpg,fabric,,,,,,,fmd,0,True,847d659ff6908d50fc8e61ac6ac1afa579716a083af217575fd68f2ee1dee85a,e3a5da07584e207f
fmd_000033,/content/cossdf_work/datasets/fmd/image/fabric/fabric_moderate_034_new.jpg,fabric,,,,,,,fmd,0,True,90f5862b420944b3b30f9821b6b9bb9a3275c7e2b6b1b46bbd5327451ba35fe1,8257972be7a66286
fmd_000034,/content/cossdf_work/datasets/fmd/image/fabric/fabric_moderate_035_new.jpg,fabric,,,,,,,fmd,0,True,2962a201dc6a6a9fd12351d9bb0f032ed29b9c55af2430c4e011f5ed2f16ef97,99337a9500faf21d
fmd_000035,/content/cossdf_work/datasets/fmd/image/fabric/fabric_moderate_036_new.jpg,fabric,,,,,,,fmd,0,True,f6e38cd989bc21f3b853e7d46f1ec43425087830c844db26276c7fae55a41231,c4f58598f92d2c66
fmd_000036,/content/cossdf_work/datasets/fmd/image/fabric/fabric_moderate_037_new.jpg,fabric,,,,,,,fmd,0,True,4e48ac47b5e8a62f78d9299bac0ff8df1c1a5eff94cf7e28f41b3cc52dc56dd0,8221bf82f83f3cd2
fmd_000037,/content/cossdf_work/datasets/fmd/image/fabric/fabric_moderate_038_new.jpg,fabric,,,,,,,fmd,0,True,bae7e24d5eec7e2d83058cee60b0c009fab7f3b5d746779db157d0620db96a97,9f6c0102fd58793d
fmd_000038,/content/cossdf_work/datasets/fmd/image/fabric/fabric_moderate_039_new.jpg,fabric,,,,,,,fmd,0,True,c9375894cb697ffc92e95e43f954fa13d1687a0ffc92187a7e514dcd6b456dfd,98889998afb5964f
fmd_000039,/content/cossdf_work/datasets/fmd/image/fabric/fabric_moderate_040_new.jpg,fabric,,,,,,,fmd,0,True,575e86eb3152d539e0f556dae4d3bd45f348efd66e35d42fa2e932c1171d9d60,c179c77a06b64bc4
fmd_000040,/content/cossdf_work/datasets/fmd/image/fabric/fabric_moderate_041_new.jpg,fabric,,,,,,,fmd,0,True,f585e3386eaa30c283696978efd3e0ce9ec71ad24569dd1120167a0ab941106e,97804fb156a65d8d
fmd_000041,/content/cossdf_work/datasets/fmd/image/fabric/fabric_moderate_042_new.jpg,fabric,,,,,,,fmd,0,True,91ae8714a015f6684e5a3c29f330fac7cee69b688f0cbbc8da3c64c2628473e7,b88e3c73ed2c0b16
fmd_000042,/content/cossdf_work/datasets/fmd/image/fabric/fabric_moderate_043_new.jpg,fabric,,,,,,,fmd,0,True,6ab149df2e28eb89ebe96dda8f0d2b077fa7c83d9319dcaf3c3555b7e9a0a677,d16953e04c7f2e16
fmd_000043,/content/cossdf_work/datasets/fmd/image/fabric/fabric_moderate_044_new.jpg,fabric,,,,,,,fmd,0,True,36d4553a537202d6f90c41173ca9ae873a6fa2a00aa3c7aef15605e705733e56,c0e4d65b4d753a2c
fmd_000044,/content/cossdf_work/datasets/fmd/image/fabric/fabric_moderate_045_new.jpg,fabric,,,,,,,fmd,0,True,b20303da647a3620159ee487bf33e922df5a7da02afd8b53a134c91340c7cb11,c9db3d40fe19125c
fmd_000045,/content/cossdf_work/datasets/fmd/image/fabric/fabric_moderate_046_new.jpg,fabric,,,,,,,fmd,0,True,b38c0a0c26b59da0ac866bad5d873bcced3d4af962cadf6ef9f803071cb6b231,c8c204ae6ef52b67
fmd_000046,/content/cossdf_work/datasets/fmd/image/fabric/fabric_moderate_047_new.jpg,fabric,,,,,,,fmd,0,True,a775a257d8020d78d5476ce912ff1cbb3331c780a63aa456458ceb5151a32ad0,cc7c9b9099b15aa5
fmd_000047,/content/cossdf_work/datasets/fmd/image/fabric/fabric_moderate_048_new.jpg,fabric,,,,,,,fmd,0,True,3f0f45b68d74909ac1704ee5efb9f49c92546cc3455a18d5114902cb246748bf,c8972d5bf41f205c
fmd_000048,/content/cossdf_work/datasets/fmd/image/fabric/fabric_moderate_049_new.jpg,fabric,,,,,,,fmd,0,True,0b2a7e062ebe909dd332e25b75a73e9cc0db212e52b68a53b127a467ed39dd74,b6d0a4b49ba46e66
fmd_000049,/content/cossdf_work/datasets/fmd/image/fabric/fabric_moderate_050_new.jpg,fabric,,,,,,,fmd,0,True,7b9aff195c1ea951c89e50703340cace1e65d6dfd857d72883de19acedd179eb,846ab17b9dc34f60
fmd_000050,/content/cossdf_work/datasets/fmd/image/fabric/fabric_object_001_new.jpg,fabric,,,,,,,fmd,0,True,0deb52aaca84453f3e9318885fed6a2e9627db8a21118677e7ce990393b59e48,f393263364ce8ccc
fmd_000051,/content/cossdf_work/datasets/fmd/image/fabric/fabric_object_002_new.jpg,fabric,,,,,,,fmd,0,True,92a5a1046f6bc3337d53c0eb6c8688306eb0e0ae8e93aed3b3fb7f7aee68b239,f89ce0709b47c3cc
fmd_000052,/content/cossdf_work/datasets/fmd/image/fabric/fabric_object_003_new.jpg,fabric,,,,,,,fmd,0,True,be118d0a66ba4a8694648fbf2d614ccc51551e9916450cfe996834fbb419aee2,df528df845acc10d
fmd_000053,/content/cossdf_work/datasets/fmd/image/fabric/fabric_object_004_new.jpg,fabric,,,,,,,fmd,0,True,4fbfd08a7e91579aa54071d2c07f1aef024c52d9fee338e2ba1c17a17b04bb44,eac0d51ba43d46b5
fmd_000054,/content/cossdf_work/datasets/fmd/image/fabric/fabric_object_005_new.jpg,fabric,,,,,,,fmd,0,True,788877013df7368114f5b19e4bd65db132ab455c742138e76f070493827a3ab4,abd4b7928958a4cd
fmd_000055,/content/cossdf_work/datasets/fmd/image/fabric/fabric_object_006_new.jpg,fabric,,,,,,,fmd,0,True,9d2847e0b2f0cef7219287b9f3a2cf2343175037c966441cf2a9c229e074bf93,ffa8a085d716ca1a
fmd_000056,/content/cossdf_work/datasets/fmd/image/fabric/fabric_object_007_new.jpg,fabric,,,,,,,fmd,0,True,0814fc3eebec878512d367516641b5e5b042775d9b8dd23cd4335121914b5858,eb97811e973a9461
fmd_000057,/content/cossdf_work/datasets/fmd/image/fabric/fabric_object_008_new.jpg,fabric,,,,,,,fmd,0,True,1d0e28eb4c4a9056cda7e5994921395c96064920d095235d9742ae37afe7b7b1,c6e52d9a646d589c
fmd_000058,/content/cossdf_work/datasets/fmd/image/fabric/fabric_object_009_new.jpg,fabric,,,,,,,fmd,0,True,be3bfabfaf5e9421d2dc9c6895090d35f94a95f5739ef270812eff724ed7c89a,91d5e78726dd3061
fmd_000059,/content/cossdf_work/datasets/fmd/image/fabric/fabric_object_010_new.jpg,fabric,,,,,,,fmd,0,True,989760196b0744e1a21da2e78b811eeea93233839b8d033aa95502ee9658ce53,ebd40427bcb662c9
fmd_000060,/content/cossdf_work/datasets/fmd/image/fabric/fabric_object_011_new.jpg,fabric,,,,,,,fmd,0,True,deb91cfeccff1345fedd7163bba9380757683bb4f5b0f2e0b65b05eb8a9bc552,d1680eb5fe534a07
fmd_000061,/content/cossdf_work/datasets/fmd/image/fabric/fabric_object_012_new.jpg,fabric,,,,,,,fmd,0,True,df03b29d9c2d26b543bbb82337936716a5d04a29ec7e1bfc334149c68e3057ca,cc8d230a7ad207fb
fmd_000062,/content/cossdf_work/datasets/fmd/image/fabric/fabric_object_013_new.jpg,fabric,,,,,,,fmd,0,True,281ef5c6c0eba0ad9c3a7bd7cdb1034ff84a02ae0b4479c151de783b2e601d0d,c5075ed9f49e2162
fmd_000063,/content/cossdf_work/datasets/fmd/image/fabric/fabric_object_014_new.jpg,fabric,,,,,,,fmd,0,True,964d63935f81f7ee36f93766fe9d695504be0cc2194f3ed75d4ca8e58dc90b4e,f68d68678f1a3143
fmd_000064,/content/cossdf_work/datasets/fmd/image/fabric/fabric_object_015_new.jpg,fabric,,,,,,,fmd,0,True,2e97fa8d6a3ced2d10ecac6f8ce3b4a9159a724befe11645f9cb5dc45cf525e3,b9d5ca89d689949a
fmd_000065,/content/cossdf_work/datasets/fmd/image/fabric/fabric_object_016_new.jpg,fabric,,,,,,,fmd,0,True,cd58e5523c4be72827dc718a7a7482019811bd596dc5846285cb9d55d5c15f5e,afe4941a62939b9c
fmd_000066,/content/cossdf_work/datasets/fmd/image/fabric/fabric_object_017_new.jpg,fabric,,,,,,,fmd,0,True,500f22a2010b8897855ab0abe3fc8782e1b32ef3ee7be0d3c014cbe00e77cd15,d68e7df11456901e
fmd_000067,/content/cossdf_work/datasets/fmd/image/fabric/fabric_object_018_new.jpg,fabric,,,,,,,fmd,0,True,e741121342cbbb8ad9ea665c6e7d79ccceb29f23c10c9325c63c692db6ee42af,cdf99a30c71493c6
fmd_000068,/content/cossdf_work/datasets/fmd/image/fabric/fabric_object_019_new.jpg,fabric,,,,,,,fmd,0,True,d355ae4cfc444725cf82b874f642604da4f458a10f15df3cf7d3e6a3ffec83fb,82292d36ffd898ca
fmd_000069,/content/cossdf_work/datasets/fmd/image/fabric/fabric_object_020_new.jpg,fabric,,,,,,,fmd,0,True,74137069832b91c0f1b2ed8ef799e84702c32abc426ba7715488f6a5ae1d7370,d50af51fe6c80999
fmd_000070,/content/cossdf_work/datasets/fmd/image/fabric/fabric_object_021_new.jpg,fabric,,,,,,,fmd,0,True,7488340d6661e0155ce1c22634b77f4a5093d040bca06317c5289936c5e80137,95f93a73323c690a
fmd_000071,/content/cossdf_work/datasets/fmd/image/fabric/fabric_object_022_new.jpg,fabric,,,,,,,fmd,0,True,fb37379eb28f9da3e14b1f6768e0e8cf32f997bc2ba713c5cbe46cae374118da,c6767d25309b9ca4
fmd_000072,/content/cossdf_work/datasets/fmd/image/fabric/fabric_object_023_new.jpg,fabric,,,,,,,fmd,0,True,5ff0c071671dd61d28384187535ab04004133c993abb55a290a3a664b38c84fc,bde01c90e51e4fb4
fmd_000073,/content/cossdf_work/datasets/fmd/image/fabric/fabric_object_024_new.jpg,fabric,,,,,,,fmd,0,True,b3d50c9cdeecb4214b26fdcdf00c39ff0c804bb759b30336986967eeb5eb0d46,f96175e157544646
fmd_000074,/content/cossdf_work/datasets/fmd/image/fabric/fabric_object_025_new.jpg,fabric,,,,,,,fmd,0,True,7035a12878d43b4b7f9672dd7b8991de939cd6e904bdf7d00412b0e685e61471,96d5d543a8ea817c
fmd_000075,/content/cossdf_work/datasets/fmd/image/fabric/fabric_object_026_new.jpg,fabric,,,,,,,fmd,0,True,be60392daf4cb73530342337ee7b0a51fd9167a00245f7003b37f469f4c2e52b,b99fc1e0c89f061e
fmd_000076,/content/cossdf_work/datasets/fmd/image/fabric/fabric_object_027_new.jpg,fabric,,,,,,,fmd,0,True,7785bf8b276a81c64b48c1b9114ba987febd6c7d60e5d041732558de9f20d1c5,e564223b6a5b72cc
fmd_000077,/content/cossdf_work/datasets/fmd/image/fabric/fabric_object_028_new.jpg,fabric,,,,,,,fmd,0,True,f53eaf832f0952437576b629fcdcb6f048f5fd35f471c230d757152890bdb597,b93c25e632d2d2d2
fmd_000078,/content/cossdf_work/datasets/fmd/image/fabric/fabric_object_029_new.jpg,fabric,,,,,,,fmd,0,True,ec16199db2a000363f54495ce6ece64a2d93ca54ec8d0e8e13596159cc4d378c,8586c4a6db772359
fmd_000079,/content/cossdf_work/datasets/fmd/image/fabric/fabric_object_030_new.jpg,fabric,,,,,,,fmd,0,True,ed59c3fc0fbf68746244a643d25d1870c78ab5f2b2e0183348c14f09bdf43aa5,9fb3ccdd080964ce
fmd_000080,/content/cossdf_work/datasets/fmd/image/fabric/fabric_object_031_new.jpg,fabric,,,,,,,fmd,0,True,736aca0251bdd04ca54934d8f68b700341a2234a9fd4b9aeadfe9deaa20d795e,8ccc7233b7d3410f
fmd_000081,/content/cossdf_work/datasets/fmd/image/fabric/fabric_object_032_new.jpg,fabric,,,,,,,fmd,0,True,66dc0770009125bb64b86588f03c8dc5739715582f1499d2bf965a016fb1a807,f38e0cc9c0e6b31b
fmd_000082,/content/cossdf_work/datasets/fmd/image/fabric/fabric_object_033_new.jpg,fabric,,,,,,,fmd,0,True,26c6a3180990d0048a2f1cbe47c259908db0c07de6a4cb955e04c61733b47406,db10e64c21cbb63e
fmd_000083,/content/cossdf_work/datasets/fmd/image/fabric/fabric_object_034_new.jpg,fabric,,,,,,,fmd,0,True,56a4b96e2e8aa25d5df1abfc5e86ec5622e93fc36dedc81a3f60e97206ac7ffc,ef809b8f645b630c
fmd_000084,/content/cossdf_work/datasets/fmd/image/fabric/fabric_object_035_new.jpg,fabric,,,,,,,fmd,0,True,7f20d653e8d2d2331faa113e88187c19b32d48d5fe619a07fc0932c16f0205b9,ff4b3f68086b3860
fmd_000085,/content/cossdf_work/datasets/fmd/image/fabric/fabric_object_036_new.jpg,fabric,,,,,,,fmd,0,True,65b4fcc4c32f25b3a5c2c11574e773e2bd85d14d39dd6084679d3417ebb9735d,d53f7a182c709ec1
fmd_000086,/content/cossdf_work/datasets/fmd/image/fabric/fabric_object_037_new.jpg,fabric,,,,,,,fmd,0,True,3aa6603a8347bf8d25d2627b37ac5d5ae5b9df7e3422190de0844fab99dec6aa,d58c1e923929be74
fmd_000087,/content/cossdf_work/datasets/fmd/image/fabric/fabric_object_038_new.jpg,fabric,,,,,,,fmd,0,True,d7442998624740e6bc0345452dccda5ae2b904873fe838bb5b7cf1eb04e3236e,bf2fbc74d440c4a2
fmd_000088,/content/cossdf_work/datasets/fmd/image/fabric/fabric_object_039_new.jpg,fabric,,,,,,,fmd,0,True,ce4e009f44113e8656635478139629f2567ec1563a1a6c3f2859b0f191e560c6,d0ae3bd57cc94017
fmd_000089,/content/cossdf_work/datasets/fmd/image/fabric/fabric_object_040_new.jpg,fabric,,,,,,,fmd,0,True,8131bdce3a9291fade44113c86e2a1ab9697aeb043af50b684c7f08d2b533d19,991b63e61ea1629e
fmd_000090,/content/cossdf_work/datasets/fmd/image/fabric/fabric_object_041_new.jpg,fabric,,,,,,,fmd,0,True,78926e09efd38c4678ab0e91354e32e7d8edcbe3d87089aa32502051fc885fad,8d9233dc5a6ed027
fmd_000091,/content/cossdf_work/datasets/fmd/image/fabric/fabric_object_042_new.jpg,fabric,,,,,,,fmd,0,True,8c7788e38ac56bd04e1965d5386fea94ad63d679a114717e360f79fb3cdc801d,afabad852888dc87
fmd_000092,/content/cossdf_work/datasets/fmd/image/fabric/fabric_object_043_new.jpg,fabric,,,,,,,fmd,0,True,99cb4c45f13100e76212fddea1edcffa1c4810dce1ad36c26089c2e53db857ea,b8ac37b855a827d1
fmd_000093,/content/cossdf_work/datasets/fmd/image/fabric/fabric_object_044_new.jpg,fabric,,,,,,,fmd,0,True,fb2a055bcb1c06259fba78add0a52fb6fa9a54954e43e5c6a1e35a94b9f2ae0a,96925be1e1590faa
fmd_000094,/content/cossdf_work/datasets/fmd/image/fabric/fabric_object_045_new.jpg,fabric,,,,,,,fmd,0,True,d3a16138069cc95ccf4748e59806177b34a621fa24e08770ea394048f6c1e14e,87b45c69d5924766
fmd_000095,/content/cossdf_work/datasets/fmd/image/fabric/fabric_object_046_new.jpg,fabric,,,,,,,fmd,0,True,f0773b9f2fa587757d0affb5363ece9ed20f7e95ce698438aeb1d9a2edc7449b,958d7134938dece1
fmd_000096,/content/cossdf_work/datasets/fmd/image/fabric/fabric_object_047_new.jpg,fabric,,,,,,,fmd,0,True,5fc521d2b960ca8f0a975c700e439de6d4e7698b400bcf7227768ec0b450c197,f1f17e720e0e090f
fmd_000097,/content/cossdf_work/datasets/fmd/image/fabric/fabric_object_048_new.jpg,fabric,,,,,,,fmd,0,True,648c7c21014225c681380605389c4d7a8c80edf061fcdb13d80783fc866814ea,819147c743c3f1fa
fmd_000098,/content/cossdf_work/datasets/fmd/image/fabric/fabric_object_049_new.jpg,fabric,,,,,,,fmd,0,True,4d3eae9f4323eb0abc9924fbfae7c87da5a4f18ce891671e0d47842ddd4daff1,c6c1995694bf5385
fmd_000099,/content/cossdf_work/datasets/fmd/image/fabric/fabric_object_050_new.jpg,fabric,,,,,,,fmd,0,True,15e72d31716c73dd08c6883f4781e0024a17d1688b40c657041be2d9ebf5163f,a4c0bf43e69d583c
fmd_000100,/content/cossdf_work/datasets/fmd/image/foliage/foliage_final_001_new.jpg,foliage,,,,,,,fmd,1,True,8ee2d452f0c2bcbdd87b0cf36e06e765db71058e309d044079530fc48fbb3b57,cf7c0bc542e071f8
fmd_000101,/content/cossdf_work/datasets/fmd/image/foliage/foliage_final_002_new.jpg,foliage,,,,,,,fmd,1,True,09db1ce04d6c47393264e70a0470031bd8f86ae465c0e5f61b319fd4c94b7840,819f173f2b4c48b5
fmd_000102,/content/cossdf_work/datasets/fmd/image/foliage/foliage_final_003_new.jpg,foliage,,,,,,,fmd,1,True,8f319d0b2960166e234806aad8937892e063bba37a6a08c8e42797df4ef0ea5e,95ee122c38d4eac7
fmd_000103,/content/cossdf_work/datasets/fmd/image/foliage/foliage_final_004_new.jpg,foliage,,,,,,,fmd,1,True,1e4698c510e73bd248db4c72bf6755f2d519fc2b9362c8296a620403525c9656,dacd090da78323de
fmd_000104,/content/cossdf_work/datasets/fmd/image/foliage/foliage_final_005_new.jpg,foliage,,,,,,,fmd,1,True,77f8d032592e60759e4c3b0ea27406df69692925b1bff8d4c617a9b5e42852f5,ea1216f93b1c0c7e
fmd_000105,/content/cossdf_work/datasets/fmd/image/foliage/foliage_final_006_new.jpg,foliage,,,,,,,fmd,1,True,278730df6628a27d243404030d584341222f9b31e255d7b78e87cc2f4e51a2f8,eb91524a082dacff
fmd_000106,/content/cossdf_work/datasets/fmd/image/foliage/foliage_final_007_new.jpg,foliage,,,,,,,fmd,1,True,76259e22be2477e27913cdfc81a83d5a0633f0b130cde929f53439344dc108e5,c37a232b19a9993b
fmd_000107,/content/cossdf_work/datasets/fmd/image/foliage/foliage_final_008_new.jpg,foliage,,,,,,,fmd,1,True,a5de2492ddeb5b17428e43721d4845b269d60da496ae31d961a3df3341a1b24e,9c93eec1235d11e5
fmd_000108,/content/cossdf_work/datasets/fmd/image/foliage/foliage_final_009_new.jpg,foliage,,,,,,,fmd,1,True,7ccf7cb4b310665b457f864f36caa8fe83c9e3a4ed31cc9f2f55ba21f0d686da,85f36b44398ef285
fmd_000109,/content/cossdf_work/datasets/fmd/image/foliage/foliage_final_010_new.jpg,foliage,,,,,,,fmd,1,True,89874b516b5d888dff31ed20ba4c1721406ec4ec91169e7d34ce9104a0fdec32,860637bd30da13db
fmd_000110,/content/cossdf_work/datasets/fmd/image/foliage/foliage_final_011_new.jpg,foliage,,,,,,,fmd,1,True,8f80a565c6b34127ed82c6a8715806d578e6910f020a9639515b6af15038fca4,c41d0b179389be3e
fmd_000111,/content/cossdf_work/datasets/fmd/image/foliage/foliage_final_012_new.jpg,foliage,,,,,,,fmd,1,True,312811be3a550303626b286bf0d2b9330e511ad604dae915e81f888c5ec8a03d,a0e299eb33426fe4
fmd_000112,/content/cossdf_work/datasets/fmd/image/foliage/foliage_final_013_new.jpg,foliage,,,,,,,fmd,1,True,7531517337b14e859c9ba6c62665b90958ab9b3e346fde7df8e3dcdc0e3a2bd7,d62a9d4a25d3e952
fmd_000113,/content/cossdf_work/datasets/fmd/image/foliage/foliage_final_014_new.jpg,foliage,,,,,,,fmd,1,True,008da33a16d974ba6e39f49191e9bdc4fa7bea073066fc4b4a15a1297e8a342c,88b81d665d8f4ba3
fmd_000114,/content/cossdf_work/datasets/fmd/image/foliage/foliage_final_015_new.jpg,foliage,,,,,,,fmd,1,True,5a01d77d610f98f3e1bfd54b41f3255a72c8edf436cfd2e77195a61fc0ef21f0,c1b1349236e6f2f2
fmd_000115,/content/cossdf_work/datasets/fmd/image/foliage/foliage_final_016_new.jpg,foliage,,,,,,,fmd,1,True,ab7e58e1aa1e42e61c2f1b94e2f2cb30b976df1059b8f174aef24d608795c313,b1b613873d3099cb
fmd_000116,/content/cossdf_work/datasets/fmd/image/foliage/foliage_final_017_new.jpg,foliage,,,,,,,fmd,1,True,7fc888e2f52be352686b221da8b5904ed2881125005ec091718f44a0f866e0fa,cc7df85c4aa3d111
fmd_000117,/content/cossdf_work/datasets/fmd/image/foliage/foliage_final_018_new.jpg,foliage,,,,,,,fmd,1,True,80c8b83ac340e37e933ce5d4463f021b8f2405fc8741e82633908884025c7e8b,90c92de16436977e
fmd_000118,/content/cossdf_work/datasets/fmd/image/foliage/foliage_final_019_new.jpg,foliage,,,,,,,fmd,1,True,dcf11027c87adaead8617a702443c016bce7fee5aa8fb8c771a39954030f1f33,8267651f39efa0c1
fmd_000119,/content/cossdf_work/datasets/fmd/image/foliage/foliage_final_020_new.jpg,foliage,,,,,,,fmd,1,True,b1bc21ec85e1bf76dac69e971b3cd20a773d0e19f3799b64216b7810d7dc7d7f,c93c37d793e4094a
fmd_000120,/content/cossdf_work/datasets/fmd/image/foliage/foliage_final_021_new.jpg,foliage,,,,,,,fmd,1,True,c24befc3f3d6c6b7ba49380d9249a5b93c8e2ced119769c1e51241e651bdbadd,cdf00234f2fcf5a0
fmd_000121,/content/cossdf_work/datasets/fmd/image/foliage/foliage_final_022_new.jpg,foliage,,,,,,,fmd,1,True,ef05e8d5d527586b5f3f486935cc7c65ad21dd1ba53e5367e09180bface3081a,d2cd432d5859e4ba
fmd_000122,/content/cossdf_work/datasets/fmd/image/foliage/foliage_final_023_new.jpg,foliage,,,,,,,fmd,1,True,3fc12edfa6c4e2ab74a33d74ba8bfea6a54dd9c2787fc5afc5a7f3365f9d1525,c4e10f1bfcb02c9d
fmd_000123,/content/cossdf_work/datasets/fmd/image/foliage/foliage_final_024_new.jpg,foliage,,,,,,,fmd,1,True,7b7285639b06f7832d4f8644eb6b3a6c20b1f7a0378dc9d7fc782bd571c58e85,8d07f91ee3f80670
fmd_000124,/content/cossdf_work/datasets/fmd/image/foliage/foliage_final_025_new.jpg,foliage,,,,,,,fmd,1,True,93712deb11c7c3d6571ffe0f46201c6277f8f365eab562ceedc5aeec456423ee,95910b9f6c525c5e
fmd_000125,/content/cossdf_work/datasets/fmd/image/foliage/foliage_final_026_new.jpg,foliage,,,,,,,fmd,1,True,d133e1f121f2d07b47adf9b9d1f189dca135b2a72c610e76a4a7e2d619e1952f,ccfa5aa95052e9e2
fmd_000126,/content/cossdf_work/datasets/fmd/image/foliage/foliage_final_027_new.jpg,foliage,,,,,,,fmd,1,True,31162da8320da49b99d3aac9c002b955af4c7b91a480186b5e2d531778956d81,8a7d609919f4d69a
fmd_000127,/content/cossdf_work/datasets/fmd/image/foliage/foliage_final_028_new.jpg,foliage,,,,,,,fmd,1,True,a4f153809a1d649765a7256e800f001a37f7e99564f26efc44995a4646c776f5,bfc33e436744818e
fmd_000128,/content/cossdf_work/datasets/fmd/image/foliage/foliage_final_029_new.jpg,foliage,,,,,,,fmd,1,True,1861d95a881c43483ee0adde8a8ebb340787e37a562ebcfab29cb54f48a2216f,cd19020d936cff99
fmd_000129,/content/cossdf_work/datasets/fmd/image/foliage/foliage_final_030_new.jpg,foliage,,,,,,,fmd,1,True,7158915a65255c578912d392f7bcf4f400c5397365ce643b1c3c8ee0044bf273,c793363e36323626
fmd_000130,/content/cossdf_work/datasets/fmd/image/foliage/foliage_final_031_new.jpg,foliage,,,,,,,fmd,1,True,cbfa248e677c845d5a93e0857a7bd300fc14bbbba3fbe230035917c5b0ac0a6a,919f794a54653bb0
fmd_000131,/content/cossdf_work/datasets/fmd/image/foliage/foliage_final_032_new.jpg,foliage,,,,,,,fmd,1,True,88ddfa90eca54b9cd752c0c8d208e4cfa0a6307108386d159476030c091066b2,c4c13f23b17e628d
fmd_000132,/content/cossdf_work/datasets/fmd/image/foliage/foliage_final_033_new.jpg,foliage,,,,,,,fmd,1,True,42ac363dcc3261fdea68cf7f864f0809b2d136ca0fc60abdcb702cc71bc9251b,ff9146794e668e02
fmd_000133,/content/cossdf_work/datasets/fmd/image/foliage/foliage_final_034_new.jpg,foliage,,,,,,,fmd,1,True,615697fc4ae5ce26c5d4071fc6fb269f820f220e9f4b78d673e893474059ccc6,c0aca7af5a525972
fmd_000134,/content/cossdf_work/datasets/fmd/image/foliage/foliage_final_035_new.jpg,foliage,,,,,,,fmd,1,True,73df7c1f015d77cbcf90e86e931acc0a42fded6a70ca1c0d78e021119cdd3810,85346be4e64e71d8
fmd_000135,/content/cossdf_work/datasets/fmd/image/foliage/foliage_final_036_new.jpg,foliage,,,,,,,fmd,1,True,0a8f48ec9252ed34c4aaa74297700447019a772439db621ab0bf861e42c03297,d595297ab1613a78
fmd_000136,/content/cossdf_work/datasets/fmd/image/foliage/foliage_final_037_new.jpg,foliage,,,,,,,fmd,1,True,67899849b2f71e9a7463ab0469271401dbb797480914f45c010e0828f5680582,85922acd72e9a8ed
fmd_000137,/content/cossdf_work/datasets/fmd/image/foliage/foliage_final_038_new.jpg,foliage,,,,,,,fmd,1,True,a58eed13c8b38a24d2641fb330f4b1c6cef16faa06a4be85419f18111540c2df,87c44daa7b5e5c12
fmd_000138,/content/cossdf_work/datasets/fmd/image/foliage/foliage_final_039_new.jpg,foliage,,,,,,,fmd,1,True,3a192224b9c4a1afd913543a3c1b20a506e85ab59befd5fa57aef7b5fe3f6664,91ca5e7a28e13c97
fmd_000139,/content/cossdf_work/datasets/fmd/image/foliage/foliage_final_040_new.jpg,foliage,,,,,,,fmd,1,True,c49cc0df57d44c66d98dc12a54a2ea6c884028d5fa31c6703715023a14c3f2e1,c3fc4b88698572e3
fmd_000140,/content/cossdf_work/datasets/fmd/image/foliage/foliage_final_041_new.jpg,foliage,,,,,,,fmd,1,True,cfa2f247cebd669954b8a24861c2a140947ace48e267481628de694c135e5324,84877a4ccfb11be8
fmd_000141,/content/cossdf_work/datasets/fmd/image/foliage/foliage_final_042_new.jpg,foliage,,,,,,,fmd,1,True,9b8d551467df6a0ba4e3513226d9ef47e7bd657dc2bf6c8a65dce1d19a7bbba3,86db3d6570ca07aa
fmd_000142,/content/cossdf_work/datasets/fmd/image/foliage/foliage_final_043_new.jpg,foliage,,,,,,,fmd,1,True,85e208542fac7077b7d90e7d6e786c26473dc2c4749f6ffd505f695f1e974ed2,a5c9693d2139d399
fmd_000143,/content/cossdf_work/datasets/fmd/image/foliage/foliage_final_044_new.jpg,foliage,,,,,,,fmd,1,True,d554d6c73477fe6b6ae182968a70b1d160a562d25504b1f81e46b8aa1d171247,95833f1b36686a2d
fmd_000144,/content/cossdf_work/datasets/fmd/image/foliage/foliage_final_045_new.jpg,foliage,,,,,,,fmd,1,True,df42b6c0171863e53af0f00aca56a3f6d343568559373055393d2dda5c5f7e55,d5f0da2131ca1bf2
fmd_000145,/content/cossdf_work/datasets/fmd/image/foliage/foliage_final_046_new.jpg,foliage,,,,,,,fmd,1,True,6070e5e66ca51c875b38b161e5f17e3a45ad692e3c106f14a7c754127728be1e,f99ad5b086e00ceb
fmd_000146,/content/cossdf_work/datasets/fmd/image/foliage/foliage_final_047_new.jpg,foliage,,,,,,,fmd,1,True,c2c979cb4e5cf46f0347d6751fa2f0d5d7f34aca94a75e009b651127f3903947,c50f09fb52f0257c
fmd_000147,/content/cossdf_work/datasets/fmd/image/foliage/foliage_final_048_new.jpg,foliage,,,,,,,fmd,1,True,6054dcfd29147620156de2a179a1426bfdf839119024859657a8e4bd23d09ae3,874e5b3a46953e70
fmd_000148,/content/cossdf_work/datasets/fmd/image/foliage/foliage_final_049_new.jpg,foliage,,,,,,,fmd,1,True,50290d46d2cb62d9063414b0f8976c1b96edea02378d4d233f909c736d7bbd61,939b0c8f5f037961
fmd_000149,/content/cossdf_work/datasets/fmd/image/foliage/foliage_final_050_new.jpg,foliage,,,,,,,fmd,1,True,07317667a3e2ad81ea767244313558b3bfa34815b46f40b119645e1b1085c14d,d47b0413efc82766
fmd_000150,/content/cossdf_work/datasets/fmd/image/foliage/foliage_final_051_new.jpg,foliage,,,,,,,fmd,1,True,35b19cb2ad0fb020879590269ec2b13c9c142caf3c297a2f398fb2467bcc6dfb,862372cbe2fc01d7
fmd_000151,/content/cossdf_work/datasets/fmd/image/foliage/foliage_final_052_new.jpg,foliage,,,,,,,fmd,1,True,878b6da3ce1f3844da1ea48787c76b8d6d3d49a12bf2564cf5fe4ad14d447687,a1ba156281df3b17
fmd_000152,/content/cossdf_work/datasets/fmd/image/foliage/foliage_final_053_new.jpg,foliage,,,,,,,fmd,1,True,c9530b53bf5087edc7f7d1d1ac707d271b941b4f57362ca27dc8373920709867,817b63a6a64ccdc3
fmd_000153,/content/cossdf_work/datasets/fmd/image/foliage/foliage_final_054_new.jpg,foliage,,,,,,,fmd,1,True,c0baa4d624a41356d4599de049a00df8b77cdedbe2836da7ae22213649f728fc,fbccc0399f79c840
fmd_000154,/content/cossdf_work/datasets/fmd/image/foliage/foliage_final_055_new.jpg,foliage,,,,,,,fmd,1,True,b5c325b3a1b6ad24f8ec8e412cdeba5c13c793e93e56c7e832cffe60ae92e14f,df886848ad5f2e51
fmd_000155,/content/cossdf_work/datasets/fmd/image/foliage/foliage_final_056_new.jpg,foliage,,,,,,,fmd,1,True,b8422498d5db4244741c0dcdffe590c68cd8c3321f34bae72359a27670a1965a,f3a67a589a2a4555
fmd_000156,/content/cossdf_work/datasets/fmd/image/foliage/foliage_final_057_new.jpg,foliage,,,,,,,fmd,1,True,0e6e1e2b26c3bb51e2550345122745d8d00d543add863c99297516556e18a22a,b0ffca2d2cd22662
fmd_000157,/content/cossdf_work/datasets/fmd/image/foliage/foliage_final_058_new.jpg,foliage,,,,,,,fmd,1,True,e1d980539fa487b78124699682e2072758bb4c81093a16c1d2b64643db528e2d,db2e6a3c35491395
fmd_000158,/content/cossdf_work/datasets/fmd/image/foliage/foliage_final_059_new.jpg,foliage,,,,,,,fmd,1,True,7561d3039ba4c372343bf5e334a39584ba05dce4f36a9c4f2ac7594705fb364a,97ac462c6c763536
fmd_000159,/content/cossdf_work/datasets/fmd/image/foliage/foliage_final_060_new.jpg,foliage,,,,,,,fmd,1,True,cefdebe7de129ecd51209e69f62514104c68fd9146b6925c6185a4209bac0e19,efc0a1b8a51edc16
fmd_000160,/content/cossdf_work/datasets/fmd/image/foliage/foliage_final_061_new.jpg,foliage,,,,,,,fmd,1,True,8d8ee7110fa47ad167bfbd9997a68cbfd3924d817cc359fc7a68e8066258e78d,eca079d09758f0d9
fmd_000161,/content/cossdf_work/datasets/fmd/image/foliage/foliage_final_062_new.jpg,foliage,,,,,,,fmd,1,True,9b9c590873f469ad3315f4696e7e11978f4b400d89a34de0f631235a36410a38,c4e31e13611f1eb9
fmd_000162,/content/cossdf_work/datasets/fmd/image/foliage/foliage_final_063_new.jpg,foliage,,,,,,,fmd,1,True,6aaf99758392cb6f7be8acf2fe642f3ee2106bca6ef527bfcf0cd773f2ce633b,9df4dbecd2ec4020
fmd_000163,/content/cossdf_work/datasets/fmd/image/foliage/foliage_final_064_new.jpg,foliage,,,,,,,fmd,1,True,3ce1cbaea5b93cf5c3db08cf10676a87afbc804f1ef49e59ed15bd46f8611500,bf72e1074cc88dc9
fmd_000164,/content/cossdf_work/datasets/fmd/image/foliage/foliage_final_065_new.jpg,foliage,,,,,,,fmd,1,True,496396d6344ea9f6e0eec930f6c6c31c76c6bd8fdbdcb955e78148e77f77127e,f6027361fffc00a1
fmd_000165,/content/cossdf_work/datasets/fmd/image/foliage/foliage_final_066_new.jpg,foliage,,,,,,,fmd,1,True,20f5d136edf1d9216fe5edfc02380065d9cbff44d7a5e510792e1190d01f6a47,87d85e4e6ba0e11e
fmd_000166,/content/cossdf_work/datasets/fmd/image/foliage/foliage_final_067_new.jpg,foliage,,,,,,,fmd,1,True,fa26267da16b34efa2e1ef6e14230a1428ee045f5a6bb589dc5b064928c8e666,dedb078121f8867a
fmd_000167,/content/cossdf_work/datasets/fmd/image/foliage/foliage_final_068_new.jpg,foliage,,,,,,,fmd,1,True,3f06232ff9bde888c00b99f0715d9f412a93bac9661be3dccaf56ee65bedc902,d1d04ac21ecb3f17
fmd_000168,/content/cossdf_work/datasets/fmd/image/foliage/foliage_final_069_new.jpg,foliage,,,,,,,fmd,1,True,cf8d689cd4154a1f0c13491db9cf618fb0962075268f495430cf3bae2b5ec542,b9826ce306dc7993
fmd_000169,/content/cossdf_work/datasets/fmd/image/foliage/foliage_final_070_new.jpg,foliage,,,,,,,fmd,1,True,4df3183d014647e837ad2191390e189f700b6fdd3fbbf6bfe0b1789f902059a8,c3b4124cb156e47f
fmd_000170,/content/cossdf_work/datasets/fmd/image/foliage/foliage_final_071_new.jpg,foliage,,,,,,,fmd,1,True,72acdc687f50ea1e2779a83838358cd6839c4baab407cf4d18fdf91f9cbcd4bc,d2be06b12eb65e11
fmd_000171,/content/cossdf_work/datasets/fmd/image/foliage/foliage_final_072_new.jpg,foliage,,,,,,,fmd,1,True,6351df8b42e9b1d13ad4d604c7cc42d98be58f51d44ed3cce089810be6a9781c,820e1fa978f23c3d
fmd_000172,/content/cossdf_work/datasets/fmd/image/foliage/foliage_final_073_new.jpg,foliage,,,,,,,fmd,1,True,bda754bec6aa171f55ee9e08ecda4ec42c752ea457b608b35d4e02dee26ef6d6,d52d0b7f5aec5808
fmd_000173,/content/cossdf_work/datasets/fmd/image/foliage/foliage_final_074_new.jpg,foliage,,,,,,,fmd,1,True,06383effa83feac496be024e9045d16df54f5078a3a108401ece9aa821c7c681,b40a0d253f7aa4bd
fmd_000174,/content/cossdf_work/datasets/fmd/image/foliage/foliage_final_075_new.jpg,foliage,,,,,,,fmd,1,True,d65020275f13ac7a2c2149317e2aad6885154ef0b76a151ea74ae068a8ac8e39,913d6547329f645a
fmd_000175,/content/cossdf_work/datasets/fmd/image/foliage/foliage_final_076_new.jpg,foliage,,,,,,,fmd,1,True,4ae3666aa459f4ab3cbf9db5c964ce911f3171b5dfcb2dd7aeb06283c81344bd,803d3d6872cf91d6
fmd_000176,/content/cossdf_work/datasets/fmd/image/foliage/foliage_final_077_new.jpg,foliage,,,,,,,fmd,1,True,1ad909cd39c455ffd38f5f063159c151a1f2874ba354db0b46fde675068e91f1,8c5748ce361c3779
fmd_000177,/content/cossdf_work/datasets/fmd/image/foliage/foliage_final_078_new.jpg,foliage,,,,,,,fmd,1,True,9ca5244d4e680b5de03c57005aed65c6714f393db7154755565909d64f66d635,c30e5a1d0d9e3cf2
fmd_000178,/content/cossdf_work/datasets/fmd/image/foliage/foliage_final_079_new.jpg,foliage,,,,,,,fmd,1,True,38112717e30d230acbbc25894a38f01b2e1e3460f1aec6e350182e31a103f3be,d986d23461fb1e23
fmd_000179,/content/cossdf_work/datasets/fmd/image/foliage/foliage_final_080_new.jpg,foliage,,,,,,,fmd,1,True,a9ecdb547fb7ffe2eb8cf828f4600a49d934676b31b4b458424ee383ea2f6703,aad5298c7d04e4f6
fmd_000180,/content/cossdf_work/datasets/fmd/image/foliage/foliage_final_081_new.jpg,foliage,,,,,,,fmd,1,True,1c02b1bcee2e6de8ca547e29805988e9c3ba6c5fd8840684dd2a496a3f3a00dd,8d40723777675266
fmd_000181,/content/cossdf_work/datasets/fmd/image/foliage/foliage_final_082_new.jpg,foliage,,,,,,,fmd,1,True,da359fea83e032660f804262fb394cbcdd443989c6bb6712ce9e20016e40cb0d,a81a796b8edb2319
fmd_000182,/content/cossdf_work/datasets/fmd/image/foliage/foliage_final_083_new.jpg,foliage,,,,,,,fmd,1,True,f6ba0a31bfdea1667d761b12922c39ad5940fbeebcb8bb95ed4f915878b7280c,d06d1639da0d8ced
fmd_000183,/content/cossdf_work/datasets/fmd/image/foliage/foliage_final_084_new.jpg,foliage,,,,,,,fmd,1,True,46077eefdb885c9b21cecf2ba88a0617b28d7ea1b0f120c72c3398e59e0f393d,ac5284f805e5fc4f
fmd_000184,/content/cossdf_work/datasets/fmd/image/foliage/foliage_final_085_new.jpg,foliage,,,,,,,fmd,1,True,ae5f29f73b252aa3a0636a8d8fa3baa11df85a05ff730379c06e4ba8506e73a7,ae99e8b735770302
fmd_000185,/content/cossdf_work/datasets/fmd/image/foliage/foliage_final_086_new.jpg,foliage,,,,,,,fmd,1,True,e41f6be4a6b9ed2d15d9cd32bfe5d1bcfcfbfe92c3699a1df03d62f7890142f4,9d7c7712d0154bc6
fmd_000186,/content/cossdf_work/datasets/fmd/image/foliage/foliage_final_087_new.jpg,foliage,,,,,,,fmd,1,True,4ae30fd14999cd1b882e56c4f6d9cafaead1b20e35700773f433a7ca6e3c15b4,de920dae69ea2654
fmd_000187,/content/cossdf_work/datasets/fmd/image/foliage/foliage_final_088_new.jpg,foliage,,,,,,,fmd,1,True,42ae65a4a1e958af18501c202bd4d5f25762224a385163d23b69f0c4fd68fd1a,85075a4e7956b5a3
fmd_000188,/content/cossdf_work/datasets/fmd/image/foliage/foliage_final_089_new.jpg,foliage,,,,,,,fmd,1,True,2f463897489fddeebdc7d0588b6e20f5c9e61911600b173b9d3240806ac5bdcb,d4ebc57e51e08338
fmd_000189,/content/cossdf_work/datasets/fmd/image/foliage/foliage_final_090_new.jpg,foliage,,,,,,,fmd,1,True,52126a0cfcff2ddfc01cfbd80192e8e2e81954e332e2ea29dadaa4fa41353490,94debcc1bd62142b
fmd_000190,/content/cossdf_work/datasets/fmd/image/foliage/foliage_final_091_new.jpg,foliage,,,,,,,fmd,1,True,8b820dac92c3f93b01ff1c9738a54e51eee48b75959df58e795a7d53eed9f74c,ae8124d20fedf32c
fmd_000191,/content/cossdf_work/datasets/fmd/image/foliage/foliage_final_092_new.jpg,foliage,,,,,,,fmd,1,True,3975f0a8601b1d78820f96204d26d774d0080cb9890fb3e93169fee27cd7be07,b0869b3dc13b96e1
fmd_000192,/content/cossdf_work/datasets/fmd/image/foliage/foliage_final_093_new.jpg,foliage,,,,,,,fmd,1,True,2e6300fc4fcaed28eff528fea622549f1e45a20d9bbad915f4a517b3dc1374ef,b0e6781e9936e0e9
fmd_000193,/content/cossdf_work/datasets/fmd/image/foliage/foliage_final_094_new.jpg,foliage,,,,,,,fmd,1,True,c7340a17f28a610f7e8423b97f1a0d88c7c7fc5a84970eaef77bdc3fbf9931c0,84cc7c6a46782eaf
fmd_000194,/content/cossdf_work/datasets/fmd/image/foliage/foliage_final_095_new.jpg,foliage,,,,,,,fmd,1,True,760ad7de8be0c91351a1411580fd12fb4f12c0140384f03d4c307aedaeeb9099,c4c63e5e2449627f
fmd_000195,/content/cossdf_work/datasets/fmd/image/foliage/foliage_final_096_new.jpg,foliage,,,,,,,fmd,1,True,2b1bddaa594028f7630a34584e6f0e4d037dd951b4a17d2470a1a99bf3e23c9c,85b319f4fa8d1a07
fmd_000196,/content/cossdf_work/datasets/fmd/image/foliage/foliage_final_097_new.jpg,foliage,,,,,,,fmd,1,True,8b1a5786d835aa2275e2b1705fdac2a1d84a3233a7af5af4699841e956142b3e,8f87e3b11c6e914a
fmd_000197,/content/cossdf_work/datasets/fmd/image/foliage/foliage_final_098_new.jpg,foliage,,,,,,,fmd,1,True,bd4fe36ff14b50c7dc6a4fffdd4d4dc72d7b92789f2901b045bad4b0ca482a0b,b7c0c027cc1f8ef8
fmd_000198,/content/cossdf_work/datasets/fmd/image/foliage/foliage_final_099_new.jpg,foliage,,,,,,,fmd,1,True,600918672afb663f809c8525a4c73c4a026c8e0c5f4e56fc4231a0049b3422a6,8bd64c2d8dcd9938
fmd_000199,/content/cossdf_work/datasets/fmd/image/foliage/foliage_final_100_new.jpg,foliage,,,,,,,fmd,1,True,01e2104a6df60cd17ecd96010a4ee5c4a4b807c7cb2c1e67f3b4c89fc2b809ee,b25b292e26a9c95b
fmd_000200,/content/cossdf_work/datasets/fmd/image/glass/glass_moderate_001_new.jpg,glass,,,,,,,fmd,2,True,0081de22aeb6a2d088acc402fdf4a63807ba4e86fcd521d0d793a43bd5084f9d,b65d61a89a6631d6
fmd_000201,/content/cossdf_work/datasets/fmd/image/glass/glass_moderate_002_new.jpg,glass,,,,,,,fmd,2,True,6242caee9ec2707b5a661abb445a9a3ea4ce7265f3782667e57db6133ba4cf1d,f31c428ff0f40e1b
fmd_000202,/content/cossdf_work/datasets/fmd/image/glass/glass_moderate_003_new.jpg,glass,,,,,,,fmd,2,True,7cff2d9d8b1704c31a321acbac8019beb15a4e89d2e92ee2fd3bc02fe2808a04,d787197d3d687024
fmd_000203,/content/cossdf_work/datasets/fmd/image/glass/glass_moderate_004_new.jpg,glass,,,,,,,fmd,2,True,31d0a4b08132eeb322b8cf86cec54b6c44589d57432959582ca32fef234e9681,97c7761e4c787070
fmd_000204,/content/cossdf_work/datasets/fmd/image/glass/glass_moderate_005_new.jpg,glass,,,,,,,fmd,2,True,1e23ab822f9632f3b012f25a2f23bd60d5293fc536d970de54201061591cce99,aa96ed96689224f3
fmd_000205,/content/cossdf_work/datasets/fmd/image/glass/glass_moderate_006_new.jpg,glass,,,,,,,fmd,2,True,5d3628c115d300529a06985893e53c99490d2f657d8411488734aaf3a146c51e,e6bdba802285db93
fmd_000206,/content/cossdf_work/datasets/fmd/image/glass/glass_moderate_007_new.jpg,glass,,,,,,,fmd,2,True,5d7b2348f32a5c06e89926161a2d3340ebdd2760e6beb5255b75d1bcda6fcdac,eb7292cd35624b49
fmd_000207,/content/cossdf_work/datasets/fmd/image/glass/glass_moderate_008_new.jpg,glass,,,,,,,fmd,2,True,3607cfd947562461293af39d89c8991cc01d64f2e27c491dfdc1f39d224b1665,fe8fc088c1d5e1e1
fmd_000208,/content/cossdf_work/datasets/fmd/image/glass/glass_moderate_009_new.jpg,glass,,,,,,,fmd,2,True,f1176aeaed6ffa059d302ced9f40dd44327a72c12628b06fcd5d824436d80b73,ed871266699dc29a
fmd_000209,/content/cossdf_work/datasets/fmd/image/glass/glass_moderate_010_new.jpg,glass,,,,,,,fmd,2,True,9cf918a7e17343d5da06bba1ab24fa9c249ab2a4e5c48bb2406f13e42c329ef9,a1b459b49695b599
fmd_000210,/content/cossdf_work/datasets/fmd/image/glass/glass_moderate_011_new.jpg,glass,,,,,,,fmd,2,True,87beb7a98d1bcf4803646351535f24634e02f59df2b52e008401aadbf98d3e18,e1c4d8769f0f10e3
fmd_000211,/content/cossdf_work/datasets/fmd/image/glass/glass_moderate_012_new.jpg,glass,,,,,,,fmd,2,True,e09af66c47bafb2f97a63ef59930618519cd3466b4f19b81299f66711ce0c074,c24cbc62e7a172b3
fmd_000212,/content/cossdf_work/datasets/fmd/image/glass/glass_moderate_013_new.jpg,glass,,,,,,,fmd,2,True,86e87c1831962429a1d2598c6bb3dee11948e3dfb90eaf0d5e45d21b7836d907,bfa0541e99dcc8c9
fmd_000213,/content/cossdf_work/datasets/fmd/image/glass/glass_moderate_014_new.jpg,glass,,,,,,,fmd,2,True,9cfc44527aace72f531bb50beb3e4fb158e13b5e76ecf5d657412a00a4d370f5,9ce3639c6387e862
fmd_000214,/content/cossdf_work/datasets/fmd/image/glass/glass_moderate_015_new.jpg,glass,,,,,,,fmd,2,True,ad9a561c371cba22ff95ebb25baee165238ae4610d089235040b28c4d1a42fdc,f1ea5ae5a9c05515
fmd_000215,/content/cossdf_work/datasets/fmd/image/glass/glass_moderate_016_new.jpg,glass,,,,,,,fmd,2,True,7692c77ac1a075ca3e340245a5a6180c963c002cced468e677171928501f0cc1,e9a6515d0af601fa
fmd_000216,/content/cossdf_work/datasets/fmd/image/glass/glass_moderate_017_new.jpg,glass,,,,,,,fmd,2,True,fe61d216f8e44fac46122cb149c46998377f13981bb728eada8fd882d7b040a1,ac93bd8778188eb8
fmd_000217,/content/cossdf_work/datasets/fmd/image/glass/glass_moderate_018_new.jpg,glass,,,,,,,fmd,2,True,87c8f0e4479acf3bda74419f57d84e60cbb6084915dc7a95c15021a89717dad2,ff09a00b81b4bfd4
fmd_000218,/content/cossdf_work/datasets/fmd/image/glass/glass_moderate_019_new.jpg,glass,,,,,,,fmd,2,True,de34293cb44728aa08ee8c577a462ecf99da68678630161b423f40f9a6631669,934a666d58976393
fmd_000219,/content/cossdf_work/datasets/fmd/image/glass/glass_moderate_020_new.jpg,glass,,,,,,,fmd,2,True,ad4c5685658d86c88567c194817a6a29af25e3769dbb0aa609c40d7936f4c2b8,eaf2c7303c0967e4
fmd_000220,/content/cossdf_work/datasets/fmd/image/glass/glass_moderate_021_new.jpg,glass,,,,,,,fmd,2,True,e14b49b5c44fbc97542b8be1bd481fed25fc035ee026cb0d96871de5d87ddf0d,b0d333ccc4cdccc6
fmd_000221,/content/cossdf_work/datasets/fmd/image/glass/glass_moderate_022_new.jpg,glass,,,,,,,fmd,2,True,f65cdbddfcc7d0e84fc320087eef7e0c3c4b1943e3142f9f9063496cdf0c8b61,e314386a5e1e1eae
fmd_000222,/content/cossdf_work/datasets/fmd/image/glass/glass_moderate_023_new.jpg,glass,,,,,,,fmd,2,True,244e8a90592fcedbb44c2380919489056c0f38161e5ce34d892b5880e088231f,f6c4309303bc0fe7
fmd_000223,/content/cossdf_work/datasets/fmd/image/glass/glass_moderate_024_new.jpg,glass,,,,,,,fmd,2,True,03c37f2393729bd4aad67a2e5d422fc3d3d4939e5e8e157b8e7136507bb85a06,a2ebbdd49414a49e
fmd_000224,/content/cossdf_work/datasets/fmd/image/glass/glass_moderate_025_new.jpg,glass,,,,,,,fmd,2,True,f7ffdd580324800749cbaac2240f01f77907957e384be8b798817486de754406,967d447a612d1e5a
fmd_000225,/content/cossdf_work/datasets/fmd/image/glass/glass_moderate_026_new.jpg,glass,,,,,,,fmd,2,True,6ab205b97cb95257fc18dede657750b4a24b6406999798e3c438174d27f655b1,aff0bc6ea540b681
fmd_000226,/content/cossdf_work/datasets/fmd/image/glass/glass_moderate_027_new.jpg,glass,,,,,,,fmd,2,True,eb6949c1c750ec1ee9d48a0af7df12f0c02405acdafe67c6310695b9806a4af9,d0b252b74a572997
fmd_000227,/content/cossdf_work/datasets/fmd/image/glass/glass_moderate_028_new.jpg,glass,,,,,,,fmd,2,True,01bed00f6d6e271bb848d9ee74a9e58a3b9c0cc28e0979072fe0793ad2a984ab,e60c0ec2f3caaf1a
fmd_000228,/content/cossdf_work/datasets/fmd/image/glass/glass_moderate_029_new.jpg,glass,,,,,,,fmd,2,True,2a292876e820ff615dba3efd2860839492b6e68c99880898fc48c98e71bc17db,cabcfcf9ba50a090
fmd_000229,/content/cossdf_work/datasets/fmd/image/glass/glass_moderate_030_new.jpg,glass,,,,,,,fmd,2,True,5c4c5ec8176403179a98ea8e2284064e1c394e10f61bde2eb50c1e99edf0a660,99c98cacea97ec05
fmd_000230,/content/cossdf_work/datasets/fmd/image/glass/glass_moderate_031_new.jpg,glass,,,,,,,fmd,2,True,6de6bda3d2209ae35a1127266ca250798969c5ed2a659a9fe1fd6be48b06dd05,fdd32707cc23920e
fmd_000231,/content/cossdf_work/datasets/fmd/image/glass/glass_moderate_032_new.jpg,glass,,,,,,,fmd,2,True,9aac17aaf31f330d355851d46733ee252cd34e1275189bb732c4080b59ebc9f9,c8c16953e18c7bf4
fmd_000232,/content/cossdf_work/datasets/fmd/image/glass/glass_moderate_033_new.jpg,glass,,,,,,,fmd,2,True,358ee2c93625cc8b7bbbb4b92c138dbda75c5be5878d55958eb95576eb7c328b,b2486cfb15ba4e07
fmd_000233,/content/cossdf_work/datasets/fmd/image/glass/glass_moderate_034_new.jpg,glass,,,,,,,fmd,2,True,ffffcdd3a042929cbd03e9ea68fa8586d452ce3b7119141922840e95b0a7be89,c65fd5262236c137
fmd_000234,/content/cossdf_work/datasets/fmd/image/glass/glass_moderate_035_new.jpg,glass,,,,,,,fmd,2,True,56c7c41b4cfa233a25641af8d8eff3560a88c32f4db171837178e09551556975,9798e0c74cd2476e
fmd_000235,/content/cossdf_work/datasets/fmd/image/glass/glass_moderate_036_new.jpg,glass,,,,,,,fmd,2,True,4a73aeb3f47e99c8360b481eb69ea615d48a5f2b5eabf00f7a220b23979a0a50,afe186f880179da6
fmd_000236,/content/cossdf_work/datasets/fmd/image/glass/glass_moderate_037_new.jpg,glass,,,,,,,fmd,2,True,6535c85f4c6729ce0c96da0f2d4fabe4b6e8621252f4ca680c7880dd13bb9b01,979718c8aaa8f9aa
fmd_000237,/content/cossdf_work/datasets/fmd/image/glass/glass_moderate_038_new.jpg,glass,,,,,,,fmd,2,True,023da1151acb746905c881067d324922cedd49574fc2e93c9611bff36f826708,df3523af4469213c
fmd_000238,/content/cossdf_work/datasets/fmd/image/glass/glass_moderate_039_new.jpg,glass,,,,,,,fmd,2,True,f5e93d800ea1550d40d071e660eec652f02c6da737714008499cbea4676a9c8f,83cd6f961c1d6156
fmd_000239,/content/cossdf_work/datasets/fmd/image/glass/glass_moderate_040_new.jpg,glass,,,,,,,fmd,2,True,6e824db808fc89da3bde5f0e52ee5797cb5b7fcb5f098853a03a7d7f57de884b,ed2bce14dae8b148
fmd_000240,/content/cossdf_work/datasets/fmd/image/glass/glass_moderate_041_new.jpg,glass,,,,,,,fmd,2,True,410e89045e349020e1d30e27322967011610dc9d980b32be2b84c9f58f9c1373,ac9411a92e176bbb
fmd_000241,/content/cossdf_work/datasets/fmd/image/glass/glass_moderate_042_new.jpg,glass,,,,,,,fmd,2,True,a66be963b97e9ad129ddc953676a0b6b0eeec9a7b7100d40c5d1068d629c79c3,e5b543a1adfc9580
fmd_000242,/content/cossdf_work/datasets/fmd/image/glass/glass_moderate_043_new.jpg,glass,,,,,,,fmd,2,True,64d3108785b26bed5b0883290d9cb887a1c725c1d1552e85c1e317312ccee958,e4f91794589ee119
fmd_000243,/content/cossdf_work/datasets/fmd/image/glass/glass_moderate_044_new.jpg,glass,,,,,,,fmd,2,True,5caac21eeecd9b9972eee7648b9078e2a4d71d7c5114aafed6c57c9153932877,bb53fde04b80852d
fmd_000244,/content/cossdf_work/datasets/fmd/image/glass/glass_moderate_045_new.jpg,glass,,,,,,,fmd,2,True,a1542aa05808e2ec2f5e1b0f41e63c4cfbdf6cd71c4afcaa3f84b0a29dfdf661,a6f0b362068f2ebc
fmd_000245,/content/cossdf_work/datasets/fmd/image/glass/glass_moderate_046_new.jpg,glass,,,,,,,fmd,2,True,642853af6829ffef67323b1f7e8947fd22626fc0c49515a26f3a13911c4df59e,9cb34b4d729c2974
fmd_000246,/content/cossdf_work/datasets/fmd/image/glass/glass_moderate_047_new.jpg,glass,,,,,,,fmd,2,True,0cd5f105147f34c692cb3e47805b89a25e9043165201005774d86a346f3ba236,a9961e6167073e1d
fmd_000247,/content/cossdf_work/datasets/fmd/image/glass/glass_moderate_048_new.jpg,glass,,,,,,,fmd,2,True,da9994c18b786451d23ec2dd40b7f218c9128b51f8098cab5802d00573dd9f5f,fc163889d0663f1d
fmd_000248,/content/cossdf_work/datasets/fmd/image/glass/glass_moderate_049_new.jpg,glass,,,,,,,fmd,2,True,df23d44c0f7d96c3adbaa447b679eff0c68ed3ee1c209dd4f960c8b5b1df95f8,dc035ef4e2833939
fmd_000249,/content/cossdf_work/datasets/fmd/image/glass/glass_moderate_050_new.jpg,glass,,,,,,,fmd,2,True,41bb0d7038e046631e0953497804f908eb67f26e3ef60e7df6b9b52c78b01b00,c9e92495b50f59e1
fmd_000250,/content/cossdf_work/datasets/fmd/image/glass/glass_object_001_new.jpg,glass,,,,,,,fmd,2,True,c0b21f662ad70cc5846b46d1be5833b4b37a2d6094034fa17f4e9cecec9b0c47,beb180cb64e6139b
fmd_000251,/content/cossdf_work/datasets/fmd/image/glass/glass_object_002_new.jpg,glass,,,,,,,fmd,2,True,8ec49bbd6d2b2cba0459ba6094421e72d16fdd57eca7fb3db78971c7a718dc89,bf85cbe678533018
fmd_000252,/content/cossdf_work/datasets/fmd/image/glass/glass_object_003_new.jpg,glass,,,,,,,fmd,2,True,1f1467046137be8e09c90e0f922e879653d14fff190b524cf43ffc8e5bac348c,c0e027cfcd999ccc
fmd_000253,/content/cossdf_work/datasets/fmd/image/glass/glass_object_004_new.jpg,glass,,,,,,,fmd,2,True,9e90256a133bdd224cc6ed34d44fc22e1ab07a8c7530e20e6749d8fa1b315035,9a0de556b219e566
fmd_000254,/content/cossdf_work/datasets/fmd/image/glass/glass_object_005_new.jpg,glass,,,,,,,fmd,2,True,15afbfcf0e4137c128045b376faabcf3cd4e550a1047186dfba524fac7c6afef,d979f433030f7036
fmd_000255,/content/cossdf_work/datasets/fmd/image/glass/glass_object_006_new.jpg,glass,,,,,,,fmd,2,True,e8c68faef317470eecdaed6198f0f2954e5d8ba3a812a1800f0bd1ed24e0d893,b0e347ce5ac985d2
fmd_000256,/content/cossdf_work/datasets/fmd/image/glass/glass_object_007_new.jpg,glass,,,,,,,fmd,2,True,3d5eb915a7e962044b387b58dfe616adbc268c9405e9c19e09027c8f5413279d,a7f474a059c3ce58
fmd_000257,/content/cossdf_work/datasets/fmd/image/glass/glass_object_008_new.jpg,glass,,,,,,,fmd,2,True,b57f87b665b0be3b63228492326b688ceffe78744d4029a5a8e2d17b8fbd2f7a,ed86c6b89e919945
fmd_000258,/content/cossdf_work/datasets/fmd/image/glass/glass_object_009_new.jpg,glass,,,,,,,fmd,2,True,e02bd7fb71c989e182b2442b69ba8c79d5b92b2fc79e402769d1391f0b4b31b3,bc4ce18d0739c6da
fmd_000259,/content/cossdf_work/datasets/fmd/image/glass/glass_object_010_new.jpg,glass,,,,,,,fmd,2,True,a98a5ffae89638ce41e1e2d41183b52f51b995a74884990d596b4758dc01eb5a,cfd3744d38272938
fmd_000260,/content/cossdf_work/datasets/fmd/image/glass/glass_object_011_new.jpg,glass,,,,,,,fmd,2,True,bd42bc91b74c3ad9106ece5a7ddb54b2f7b2aba41c1bf1253ca6682399345b83,b9d168b68b6c3329
fmd_000261,/content/cossdf_work/datasets/fmd/image/glass/glass_object_012_new.jpg,glass,,,,,,,fmd,2,True,ffaf3c8586a55ebcb886bde8deac9f8619536452c73cf073182fd26242dc08a8,fca5c39206c96b8d
fmd_000262,/content/cossdf_work/datasets/fmd/image/glass/glass_object_013_new.jpg,glass,,,,,,,fmd,2,True,07d41ba830c96c091e829941b8e96163442963f246014b85cb89dc39f7888aeb,c7f19a82a4a9a9ba
fmd_000263,/content/cossdf_work/datasets/fmd/image/glass/glass_object_014_new.jpg,glass,,,,,,,fmd,2,True,152567bbac5fa655817a8683bba8ffabb2f6f8e7f5499a0ff95d464908b00b7f,c15d66421e6af8e9
fmd_000264,/content/cossdf_work/datasets/fmd/image/glass/glass_object_015_new.jpg,glass,,,,,,,fmd,2,True,af5c1c9254c6996d991214da2494c289a88ad45f968a0a948c103ea277c24e18,9e8ee1a0cff005f8
fmd_000265,/content/cossdf_work/datasets/fmd/image/glass/glass_object_016_new.jpg,glass,,,,,,,fmd,2,True,d70ded21fa84edd0853e92aaf4dd6c7f1d118a3bf3fc1daec30a7df615539ab8,e1c66cdb2c6590ae
fmd_000266,/content/cossdf_work/datasets/fmd/image/glass/glass_object_017_new.jpg,glass,,,,,,,fmd,2,True,d5a7ce5c7aa8554e8c33a3f2ff687864eaf9b9ceea984e65c8b69b1b082e4f45,8afb9229e6784b94
fmd_000267,/content/cossdf_work/datasets/fmd/image/glass/glass_object_018_new.jpg,glass,,,,,,,fmd,2,True,3290ee483c6c5b7e3e075ba5a8c0cd115f925c452a631b487ec7e05fe004a7bc,fdb49070981b8f9c
fmd_000268,/content/cossdf_work/datasets/fmd/image/glass/glass_object_019_new.jpg,glass,,,,,,,fmd,2,True,2dc112afcdbc3900f204db97889c0f5bd10607772eb10b1e1eb006f53a602b6e,f0b8d78349cde524
fmd_000269,/content/cossdf_work/datasets/fmd/image/glass/glass_object_020_new.jpg,glass,,,,,,,fmd,2,True,cd4d73943bd3b705650abba109b7729625e9d2ec619f338842a43af1da382fe4,f8b5e271e34b92c0
fmd_000270,/content/cossdf_work/datasets/fmd/image/glass/glass_object_021_new.jpg,glass,,,,,,,fmd,2,True,e146908c78ba6c4d57c5c82ec2adc7bd83d65a274e173a970741cdf216c94284,c763d8bc2719f830
fmd_000271,/content/cossdf_work/datasets/fmd/image/glass/glass_object_022_new.jpg,glass,,,,,,,fmd,2,True,1549fce580d313dc5ded3a8d84ab295c614785b2274c4af9ba8993f6801b3d16,cb320f4b2c974e4b
fmd_000272,/content/cossdf_work/datasets/fmd/image/glass/glass_object_023_new.jpg,glass,,,,,,,fmd,2,True,a721ca868e41f844a54eaa080bf3da33c6cb3d96ae55f2a7adaaba5c8459aedf,88b827e47b477a83
fmd_000273,/content/cossdf_work/datasets/fmd/image/glass/glass_object_024_new.jpg,glass,,,,,,,fmd,2,True,2ad732573d195b4ee9bb877ed6ac61179d013739ee329428f49aa20da96766c6,85f4567b7ad24924
fmd_000274,/content/cossdf_work/datasets/fmd/image/glass/glass_object_025_new.jpg,glass,,,,,,,fmd,2,True,195be5ff6d5ed3aba14adb5f4f1896712ff92a0b0304489a3facdd831fe80c68,9e64186b391c739e
fmd_000275,/content/cossdf_work/datasets/fmd/image/glass/glass_object_026_new.jpg,glass,,,,,,,fmd,2,True,2dbb0652585f0a543c1f90048c90f4f9d41c30a958168620b6e3cb5ea76f8a2d,a6b8d8c18e564f3c
fmd_000276,/content/cossdf_work/datasets/fmd/image/glass/glass_object_027_new.jpg,glass,,,,,,,fmd,2,True,5281c4e698047f5e576ef7c81ae1f8cf5c168364a2985af13b9ecb9653527479,e1b0f1228b466ede
fmd_000277,/content/cossdf_work/datasets/fmd/image/glass/glass_object_028_new.jpg,glass,,,,,,,fmd,2,True,ffe14a646cdf854dc5937363631e7130f93198e842c57dc95f0113cc17da4060,842e79db26ee5911
fmd_000278,/content/cossdf_work/datasets/fmd/image/glass/glass_object_029_new.jpg,glass,,,,,,,fmd,2,True,460035c5ef395c3f840f951065408e0c81d6e10030ca6c5b1135d51d5d316480,ee83d0704316ec5f
fmd_000279,/content/cossdf_work/datasets/fmd/image/glass/glass_object_030_new.jpg,glass,,,,,,,fmd,2,True,74c01760782d7424f0c2682c7bb54cfaafb24d87c8f553b5f8e76461f5acc6dc,f1bbcc4471328ec9
fmd_000280,/content/cossdf_work/datasets/fmd/image/glass/glass_object_031_new.jpg,glass,,,,,,,fmd,2,True,759a2b6be8a7ea432e0c0eea945ab642a5feb8f9b130493a1b552787595a048b,f5d28bb5a81909cb
fmd_000281,/content/cossdf_work/datasets/fmd/image/glass/glass_object_032_new.jpg,glass,,,,,,,fmd,2,True,97212df9e6b148933074a7581447cabd3308edb3d2096eb721e4bf8208a40867,e7999865cb949964
fmd_000282,/content/cossdf_work/datasets/fmd/image/glass/glass_object_033_new.jpg,glass,,,,,,,fmd,2,True,e332a4c01b00e21f5313f8626e5f896dc600b033e5d31d2a39f285f5590c439b,8180727e5f6dc764
fmd_000283,/content/cossdf_work/datasets/fmd/image/glass/glass_object_034_new.jpg,glass,,,,,,,fmd,2,True,25a4af6bccf99c94cd5050aa6c80d7823a56ab29a947f2aa2f878d0fbd27e2fe,8c2d928b8fc2cbf4
fmd_000284,/content/cossdf_work/datasets/fmd/image/glass/glass_object_035_new.jpg,glass,,,,,,,fmd,2,True,a86bece108695701e4900bb2f1986a1ebd77db1c2ea0fbc4af750b75fa09a364,faad978e868b0a83
fmd_000285,/content/cossdf_work/datasets/fmd/image/glass/glass_object_036_new.jpg,glass,,,,,,,fmd,2,True,e62a9810262610c50090d7e501ce717a6ccef44aa8a8f0ab12242ef14684d830,8c163c86b9a6fb0d
fmd_000286,/content/cossdf_work/datasets/fmd/image/glass/glass_object_037_new.jpg,glass,,,,,,,fmd,2,True,5875d000c8e4d7ac4c3a79b65ee303e3d59d2d03dfb0f5f730a58168b242328e,ef9818c5f608a3d5
fmd_000287,/content/cossdf_work/datasets/fmd/image/glass/glass_object_038_new.jpg,glass,,,,,,,fmd,2,True,c5c2383fc608f04ca1fcb485dbbd443d9d8094d07c732a630d4d9866f8ca36bb,8ed3ecc3317582f0
fmd_000288,/content/cossdf_work/datasets/fmd/image/glass/glass_object_039_new.jpg,glass,,,,,,,fmd,2,True,15b7aa40b35ee4fcf36bee6077fda061098e4d6f09f805b4c66b4705634170c3,91338c3f2e44bb4d
fmd_000289,/content/cossdf_work/datasets/fmd/image/glass/glass_object_040_new.jpg,glass,,,,,,,fmd,2,True,adec213cde36fb1e3f799daacfae132f08be0da590ad481df870aeeb6b163684,b6c1864c799ce527
fmd_000290,/content/cossdf_work/datasets/fmd/image/glass/glass_object_041_new.jpg,glass,,,,,,,fmd,2,True,291cc7c5e4664d1a62e4fdb7cb5f6960178cc9ef87c8cb220d46583155fb7170,c73f30ff801ef180
fmd_000291,/content/cossdf_work/datasets/fmd/image/glass/glass_object_042_new.jpg,glass,,,,,,,fmd,2,True,286fc768b87b161f52a48ae75b114e2b5147dfb5da9595802fef0bd24b81ae37,be85d1a9c06ccd66
fmd_000292,/content/cossdf_work/datasets/fmd/image/glass/glass_object_043_new.jpg,glass,,,,,,,fmd,2,True,48e04d19750e79e79116ed55dcc966745a62794a770d8b0f8437004fbdf795cd,9acb64421fcc327d
fmd_000293,/content/cossdf_work/datasets/fmd/image/glass/glass_object_044_new.jpg,glass,,,,,,,fmd,2,True,483f25a30142af6f7b48750e62b196957cc12f711c6af0a0e9bf19c9ad4df137,8acb7af5743d0a82
fmd_000294,/content/cossdf_work/datasets/fmd/image/glass/glass_object_045_new.jpg,glass,,,,,,,fmd,2,True,47627c187d0fa617c945a5541e070c3c2311d15f4b4fbabbc32a242ff6f99179,a7924dec9339c493
fmd_000295,/content/cossdf_work/datasets/fmd/image/glass/glass_object_046_new.jpg,glass,,,,,,,fmd,2,True,862620f39e6d4773ffac39ba903c39c169c03cccf95cfe05909701df841c724f,8bb2fc0dc202b7cd
fmd_000296,/content/cossdf_work/datasets/fmd/image/glass/glass_object_047_new.jpg,glass,,,,,,,fmd,2,True,d4eb32dad7687cfcbf3b07f2cb9e6bd465bfd6feab131a304c1d1019fc151829,cacae2ae1515dcc5
fmd_000297,/content/cossdf_work/datasets/fmd/image/glass/glass_object_048_new.jpg,glass,,,,,,,fmd,2,True,07cdf3455797c7460271c36d78903d2167fb8fb4219f22e2e3290c0a5d00425d,bd9ffd15f4078008
fmd_000298,/content/cossdf_work/datasets/fmd/image/glass/glass_object_049_new.jpg,glass,,,,,,,fmd,2,True,6482c54d08e1f74ae75c3675aa9bb47ac4f055c8ff6620d5c57a92bb334d50cf,bdd2c3cf5c0cd04c
fmd_000299,/content/cossdf_work/datasets/fmd/image/glass/glass_object_050_new.jpg,glass,,,,,,,fmd,2,True,1dd2c35a3f2b6930f760eed491c2228e2cfb139dd0a25fbdddc6a9800d12cba4,fec0e1939787809e
fmd_000300,/content/cossdf_work/datasets/fmd/image/leather/leather_moderate_001_new.jpg,leather,,,,,,,fmd,3,True,b560a6bc49d5c3d5dfe2a0d9d3073e20fc7c68031b0ba1098a072b7e1f23e28f,aa89a55aa57aa55a
fmd_000301,/content/cossdf_work/datasets/fmd/image/leather/leather_moderate_002_new.jpg,leather,,,,,,,fmd,3,True,d4de8fe38f783654917f338637fa52b066b76d45a7065da35c7e1566fa45d160,c0809fff0db9c398
fmd_000302,/content/cossdf_work/datasets/fmd/image/leather/leather_moderate_003_new.jpg,leather,,,,,,,fmd,3,True,66cb824244d7a3323b320a490accc6aacd1655d4fa4417da1ac836fbb4775e31,9a85342c27e37a3b
fmd_000303,/content/cossdf_work/datasets/fmd/image/leather/leather_moderate_004_new.jpg,leather,,,,,,,fmd,3,True,1d95a9147fbcc353a6885f28bd3fefe4298dd04ab29ae62815be6e30f126af7d,c9c5e607c6ce9c1c
fmd_000304,/content/cossdf_work/datasets/fmd/image/leather/leather_moderate_005_new.jpg,leather,,,,,,,fmd,3,True,c61eb5cc37b9bb3ac8b1cbea743bb8dc66d856d756c77e21633c86f9a8d55a69,d7e43891a0e36177
fmd_000305,/content/cossdf_work/datasets/fmd/image/leather/leather_moderate_006_new.jpg,leather,,,,,,,fmd,3,True,8473f1fdabee38c6400d34a4dffaac00d204772bcbde714938d14036894e8e14,e08f3dc11fd00fd2
fmd_000306,/content/cossdf_work/datasets/fmd/image/leather/leather_moderate_007_new.jpg,leather,,,,,,,fmd,3,True,eaf3f0d77420bc303fa72a247bb73f72d8c9d1fb31392ff9412661d11c7543c7,e8eae28a8a98bbb2
fmd_000307,/content/cossdf_work/datasets/fmd/image/leather/leather_moderate_008_new.jpg,leather,,,,,,,fmd,3,True,dd0e803b395706b431e87d2de324f9d89ac9c35126e2e3db37fc48ad691901a3,8435d5c7de1e50c3
fmd_000308,/content/cossdf_work/datasets/fmd/image/leather/leather_moderate_009_new.jpg,leather,,,,,,,fmd,3,True,3e81526cdd9d6d650e9e26256f87b394843e241380818034e1b817aed463625b,ed4059b0e2ec76e4
fmd_000309,/content/cossdf_work/datasets/fmd/image/leather/leather_moderate_010_new.jpg,leather,,,,,,,fmd,3,True,bd2cf16adade54847b0ff58fe5f3d28b8505b8f255ac8c8d96aa0a0ddf519ffd,95cb4d94346d3b2a
fmd_000310,/content/cossdf_work/datasets/fmd/image/leather/leather_moderate_011_new.jpg,leather,,,,,,,fmd,3,True,1d93761e34eb3c484e5d866cf7b357265a37c71e219f71ccbdcd832ff7e2e0dd,8cac697bcbb31a42
fmd_000311,/content/cossdf_work/datasets/fmd/image/leather/leather_moderate_012_new.jpg,leather,,,,,,,fmd,3,True,2764dd71ee8f2da64adb1e068c4c32d0e8637070373a68358c3e4dfceda32be9,c7b6c04f4861e7aa
fmd_000312,/content/cossdf_work/datasets/fmd/image/leather/leather_moderate_013_new.jpg,leather,,,,,,,fmd,3,True,e65d63178d3411aca141d2c64e0bd95302a87c96a5255d17e05aec63a7a275bd,82b172e24dae556e
fmd_000313,/content/cossdf_work/datasets/fmd/image/leather/leather_moderate_014_new.jpg,leather,,,,,,,fmd,3,True,243df6c82891a4164f8c2834d6fa4ec4169f60243573a7449df50f4d94e2ca65,ffb0b0303173783a
fmd_000314,/content/cossdf_work/datasets/fmd/image/leather/leather_moderate_015_new.jpg,leather,,,,,,,fmd,3,True,9d14ecbc84eaa83f5193dc989914a1aa15bb9a22617af5ee0f2a212e281676d8,8fc003f0fc1f8ef0
fmd_000315,/content/cossdf_work/datasets/fmd/image/leather/leather_moderate_016_new.jpg,leather,,,,,,,fmd,3,True,3e7cefd346c8b18113792d6ae7dea1cac2f6ae8e3fe59632ea37942ab433350b,a5a1cb36c5fd24c8
fmd_000316,/content/cossdf_work/datasets/fmd/image/leather/leather_moderate_017_new.jpg,leather,,,,,,,fmd,3,True,5da7b11e1543a0e83be9bed39bc72e7cad8b375c157f70fb5ef68ee09ab3136b,d5e58565c14a95b5
fmd_000317,/content/cossdf_work/datasets/fmd/image/leather/leather_moderate_018_new.jpg,leather,,,,,,,fmd,3,True,42df5e6c90910552a17bc0907c8675a6c35d8bdf72889753596a0631345e58ae,9968bb6aa89d5526
fmd_000318,/content/cossdf_work/datasets/fmd/image/leather/leather_moderate_019_new.jpg,leather,,,,,,,fmd,3,True,89ceb20056f6dfbe59c8867a9fe7d8b613f25f444bf930c1e3cfebfe20c61a8b,969b0fc566b0f261
fmd_000319,/content/cossdf_work/datasets/fmd/image/leather/leather_moderate_020_new.jpg,leather,,,,,,,fmd,3,True,c109673a402936b3fa10a36de0241943fdb7f5110c0d5fd7bfe99345f84224f3,dafa64c103a5ada5
fmd_000320,/content/cossdf_work/datasets/fmd/image/leather/leather_moderate_021_new.jpg,leather,,,,,,,fmd,3,True,4ad6cc3627f423a25185de93616fea336be198daa800c9448c909356776594ae,c729805f783dd8a3
fmd_000321,/content/cossdf_work/datasets/fmd/image/leather/leather_moderate_022_new.jpg,leather,,,,,,,fmd,3,True,01a52a27c716f0c43db18a09eb624d2ed83a4a8f2de421f359c9d31b71451e03,d69fd174b6206551
fmd_000322,/content/cossdf_work/datasets/fmd/image/leather/leather_moderate_023_new.jpg,leather,,,,,,,fmd,3,True,72816234b179cd4561ee1f26e85792800e1fce1f6b037b2e94ca17be84c9306f,ac60cddf3520a5b5
fmd_000323,/content/cossdf_work/datasets/fmd/image/leather/leather_moderate_024_new.jpg,leather,,,,,,,fmd,3,True,ddc30c69cb17f2c0e868a6d1e033e46e7533a2ca385b3001859870c0fc86e903,aa4aaa4ddd08917f
fmd_000324,/content/cossdf_work/datasets/fmd/image/leather/leather_moderate_025_new.jpg,leather,,,,,,,fmd,3,True,57bc3517ad048d48c035a8bef4b167d1908017ef7e182da7cf127ac569ebfe62,d0f46ccc48bec6cc
fmd_000325,/content/cossdf_work/datasets/fmd/image/leather/leather_moderate_026_new.jpg,leather,,,,,,,fmd,3,True,2ec268632c8fe019dc960866c6125f71bb8154974e7de3e9e3aa004b10dc46fe,9560da3dca346e99
fmd_000326,/content/cossdf_work/datasets/fmd/image/leather/leather_moderate_027_new.jpg,leather,,,,,,,fmd,3,True,239d3da2a556f0e7a2c9c935142ce5618218fe4439b72fb3370d415431d4d0de,9173eed949325a1a
fmd_000327,/content/cossdf_work/datasets/fmd/image/leather/leather_moderate_028_new.jpg,leather,,,,,,,fmd,3,True,f0e13d78d5cf0c22a3b3443b483f5d510853aef5854ffb5d7313881ef369a8b8,8675863746b579e0
fmd_000328,/content/cossdf_work/datasets/fmd/image/leather/leather_moderate_029_new.jpg,leather,,,,,,,fmd,3,True,83684041442597d3e4543d9e03ef00574c2c95b64af2c2b7304645a5da8382d1,887d77d162d76211
fmd_000329,/content/cossdf_work/datasets/fmd/image/leather/leather_moderate_030_new.jpg,leather,,,,,,,fmd,3,True,ced1a21ad0e3f87ec976c8911000e03713f66c3431d7ca072c103198c6dfe70c,c7e0fe989e8d8390
fmd_000330,/content/cossdf_work/datasets/fmd/image/leather/leather_moderate_031_new.jpg,leather,,,,,,,fmd,3,True,eab260722fcd73408e6dec1d92268de5b903240b651724dabed35386117e25ce,cd2452b955e5a9e2
fmd_000331,/content/cossdf_work/datasets/fmd/image/leather/leather_moderate_032_new.jpg,leather,,,,,,,fmd,3,True,2a0f3149e91d1b652d9de846815f363e7ec00fbb9a462b20b88b43decbd56f20,fc36fbb190b1c181
fmd_000332,/content/cossdf_work/datasets/fmd/image/leather/leather_moderate_033_new.jpg,leather,,,,,,,fmd,3,True,aa5f8472056090ebe15e4ce2f0f908df239e28d770d165fdd7baf735d65f53e5,d5b3f702ce4ca05c
fmd_000333,/content/cossdf_work/datasets/fmd/image/leather/leather_moderate_034_new.jpg,leather,,,,,,,fmd,3,True,acf50e3e76b4a5607948ca7fdf06985cf650cbf858312d29bfad7408882a8b95,925867a7b986a396
fmd_000334,/content/cossdf_work/datasets/fmd/image/leather/leather_moderate_035_new.jpg,leather,,,,,,,fmd,3,True,91ee99956bb1654d49b4c48ec6b99d3dd5438eb0f9008736590ed164c54a34f3,9cf125ccd3da4a4a
fmd_000335,/content/cossdf_work/datasets/fmd/image/leather/leather_moderate_036_new.jpg,leather,,,,,,,fmd,3,True,d91b7c15fb59a0a893bbb50dc9906732e2bbfa7531692133fe1dc9381e2586be,f6edc0c08f9f1c18
fmd_000336,/content/cossdf_work/datasets/fmd/image/leather/leather_moderate_037_new.jpg,leather,,,,,,,fmd,3,True,d4d10412455007cc470cc206b0c8e0dde39c2a96c1dd6b8a9251eac02d4818c6,90dc7ab6078f0fd0
fmd_000337,/content/cossdf_work/datasets/fmd/image/leather/leather_moderate_038_new.jpg,leather,,,,,,,fmd,3,True,631c665e37a873500ce02bee341c22592d99ee0633130f42790b2497b4237d7d,f1f94f6934346226
fmd_000338,/content/cossdf_work/datasets/fmd/image/leather/leather_moderate_039_new.jpg,leather,,,,,,,fmd,3,True,b1148447471394b0f4f699fc7a1b704a61b7060e535e1f838cf9322d50385dff,95d5426a9568bdcc
fmd_000339,/content/cossdf_work/datasets/fmd/image/leather/leather_moderate_040_new.jpg,leather,,,,,,,fmd,3,True,3720903a2ca9e75da7be9125bb6bb90b0acb2cbc3328e7d62107312686120b7c,836250973f7b6073
fmd_000340,/content/cossdf_work/datasets/fmd/image/leather/leather_moderate_041_new.jpg,leather,,,,,,,fmd,3,True,ade268cfae0ddb027429eb7c46e0ff696e066028cc269d30b02234ab04c0e9be,c43295e2d6e0c6dd
fmd_000341,/content/cossdf_work/datasets/fmd/image/leather/leather_moderate_042_new.jpg,leather,,,,,,,fmd,3,True,e28ae8ea4eefe79a815e8640e3d5930763628f025ff2c4e66edb8a2a1bf28888,e2f87422952c2cbf
fmd_000342,/content/cossdf_work/datasets/fmd/image/leather/leather_moderate_043_new.jpg,leather,,,,,,,fmd,3,True,1ea86f9a5c7f27da75f30cefd7f21dfb85d91439c1e3c961a0f39582cfdf8bf0,d03c6cd272c0b4fe
fmd_000343,/content/cossdf_work/datasets/fmd/image/leather/leather_moderate_044_new.jpg,leather,,,,,,,fmd,3,True,71d255de27e3110ee73f1f65440720593a24accabc432d3f01cf8b5c09bbb9ef,fa99e064e552939a
fmd_000344,/content/cossdf_work/datasets/fmd/image/leather/leather_moderate_045_new.jpg,leather,,,,,,,fmd,3,True,cd24f974ddaad5dbb78c3492faebccff0ef10815615e78b645efb7542525d542,9736d83ce4c7c60c
fmd_000345,/content/cossdf_work/datasets/fmd/image/leather/leather_moderate_046_new.jpg,leather,,,,,,,fmd,3,True,1fc0f39e01fb00001a2f4dbed259d38e46374d7b39c8b22f68bf3f1c206005ca,835f5f70c8b24eb0
fmd_000346,/content/cossdf_work/datasets/fmd/image/leather/leather_moderate_047_new.jpg,leather,,,,,,,fmd,3,True,30ac870a8ff15a57487d3ca8bd6dc79ce3ae98e0e24d6106d1b994adc6c932b1,95ffc1147e3b8083
fmd_000347,/content/cossdf_work/datasets/fmd/image/leather/leather_moderate_048_new.jpg,leather,,,,,,,fmd,3,True,bc76acbbe8b65bd6fcf0ac6ecc6a47af78d92793384a362bf16b9f4753d9ea1e,9b34cb7a26db20e4
fmd_000348,/content/cossdf_work/datasets/fmd/image/leather/leather_moderate_049_new.jpg,leather,,,,,,,fmd,3,True,91f913013070370aa99e7fd44ff692dd4df720f5abccffa563f42c48cb5839f0,b48a14e953b26d6d
fmd_000349,/content/cossdf_work/datasets/fmd/image/leather/leather_moderate_050_new.jpg,leather,,,,,,,fmd,3,True,702769209858d7a781691be628a744a950d4cc04f7fdca7745e57aa6ebddd9fd,bf12e60f90cea0ae
fmd_000350,/content/cossdf_work/datasets/fmd/image/leather/leather_object_001_new.jpg,leather,,,,,,,fmd,3,True,f523cca11309ce2e1f77ef4a6b95eb33ffb36b90563129258e8cac9076267ee8,c0019bae479f2f56
fmd_000351,/content/cossdf_work/datasets/fmd/image/leather/leather_object_002_new.jpg,leather,,,,,,,fmd,3,True,b9d4ceb90ef6876bebaf8e4e6aae7853b5601014caaf051f69a04483b85e7373,a99cadd19b1acb48
fmd_000352,/content/cossdf_work/datasets/fmd/image/leather/leather_object_003_new.jpg,leather,,,,,,,fmd,3,True,6bef837362c2372888ee53b68e755c18779b2b94a203bfed78c2791a1026ea66,c2c065dbdd8e8783
fmd_000353,/content/cossdf_work/datasets/fmd/image/leather/leather_object_004_new.jpg,leather,,,,,,,fmd,3,True,52afb829654876969be30ad54deccbcd59ae3c823220c6a3d42d8f0ef86e0727,f1e6589ba6963285
fmd_000354,/content/cossdf_work/datasets/fmd/image/leather/leather_object_005_new.jpg,leather,,,,,,,fmd,3,True,cfdf65463f304276be1314b185fc718199fa34a0dbf47013e71561d7e03dae84,fae1458055fe105f
fmd_000355,/content/cossdf_work/datasets/fmd/image/leather/leather_object_006_new.jpg,leather,,,,,,,fmd,3,True,580467cc6124ca829d286d3bb105c57169d6f80764a0c9820dfd1d43c29d6298,fef8a845ad0ea506
fmd_000356,/content/cossdf_work/datasets/fmd/image/leather/leather_object_007_new.jpg,leather,,,,,,,fmd,3,True,d07501d1571b274322f528e79b222d72ea45cefb94b1a972cd7c650a5ae2c4d3,e17cda4d7bc20634
fmd_000357,/content/cossdf_work/datasets/fmd/image/leather/leather_object_008_new.jpg,leather,,,,,,,fmd,3,True,3e4d1094c0016d5fbb6d774b6de78f1a2b1899cc2f8c2a6cce7da17eca03e36f,d6993f363a3209f0
fmd_000358,/content/cossdf_work/datasets/fmd/image/leather/leather_object_009_new.jpg,leather,,,,,,,fmd,3,True,9d990f50cb8de9a1031c6ba8e7f6a03f75022715bc5d7fbe1a8f7b7859b86183,9292ada955aea656
fmd_000359,/content/cossdf_work/datasets/fmd/image/leather/leather_object_010_new.jpg,leather,,,,,,,fmd,3,True,fd69529895325fca943d7d8a420fafa18fc5e47de3140699949c264bdef3f3f2,be43d068caa1cbb5
fmd_000360,/content/cossdf_work/datasets/fmd/image/leather/leather_object_011_new.jpg,leather,,,,,,,fmd,3,True,b6bfeb9b716757d3f1154c359386bf639cf6f0f9d72865bedba8843105978c02,ff309f8888ce8e46
fmd_000361,/content/cossdf_work/datasets/fmd/image/leather/leather_object_012_new.jpg,leather,,,,,,,fmd,3,True,45324d3c11b9f9ea9dfe959c3249e2a6fd286c878fd9e669ed36ebf761c311a8,faf1eac0ac07848f
fmd_000362,/content/cossdf_work/datasets/fmd/image/leather/leather_object_013_new.jpg,leather,,,,,,,fmd,3,True,850474dd27d53992f4220ab84fe412997822509c7edcd5ba2dabea5d74e99b23,a8a905e0be3f5f24
fmd_000363,/content/cossdf_work/datasets/fmd/image/leather/leather_object_014_new.jpg,leather,,,,,,,fmd,3,True,58bcf082951549bf9da65440d372273b751db0982c3f9208b69ec468caf44a1e,fbe901836b856e45
fmd_000364,/content/cossdf_work/datasets/fmd/image/leather/leather_object_015_new.jpg,leather,,,,,,,fmd,3,True,381db68b145bf6f59f71d54977a76a1eb7a935901d97566f145ecd170cbdb8c9,a055f557ff8ad002
fmd_000365,/content/cossdf_work/datasets/fmd/image/leather/leather_object_016_new.jpg,leather,,,,,,,fmd,3,True,5553a87d3bb382de1c09ea5e71dde4421458d4dc0cffd6e3d7e9769d288e6baa,b3cd3c0f0338db32
fmd_000366,/content/cossdf_work/datasets/fmd/image/leather/leather_object_017_new.jpg,leather,,,,,,,fmd,3,True,e8ca5085eaddbb3c26608a60ffdd821c056115da730dbd3e8253956176bfa23c,fe94fa55a85ea050
fmd_000367,/content/cossdf_work/datasets/fmd/image/leather/leather_object_018_new.jpg,leather,,,,,,,fmd,3,True,f32f6dd495df4f9f9cdb4f98cc20ed6b3c3d3875e0b57a58c28676de611c7661,f86097e5c9968c1b
fmd_000368,/content/cossdf_work/datasets/fmd/image/leather/leather_object_019_new.jpg,leather,,,,,,,fmd,3,True,fe30d9796588fb178cfe03d6cbd5c558470bc041cfa8d6c96972c2d1810d9ddf,9fcc2afe84992266
fmd_000369,/content/cossdf_work/datasets/fmd/image/leather/leather_object_020_new.jpg,leather,,,,,,,fmd,3,True,b1004eca8ad5eb7b8b0b74cb242a8f4941cdfa3265bf983a30f688a43c136147,e0dd1989b8fe2724
fmd_000370,/content/cossdf_work/datasets/fmd/image/leather/leather_object_021_new.jpg,leather,,,,,,,fmd,3,True,c764301d997e456ef6b1530d0ed5926889f3594694c391e73b28a8913c0c632d,d0a53f9259863795
fmd_000371,/content/cossdf_work/datasets/fmd/image/leather/leather_object_022_new.jpg,leather,,,,,,,fmd,3,True,67752b25813bf754ba0c33c271577783da608a332143e7256288d7f1a9b0acdb,df3524eb320e62d2
fmd_000372,/content/cossdf_work/datasets/fmd/image/leather/leather_object_023_new.jpg,leather,,,,,,,fmd,3,True,03cacc6ed306bc1e38bce25e8f0d75b009d3a9c1dbf77be52f5458d8230586a0,bc98b6b63620e5ca
fmd_000373,/content/cossdf_work/datasets/fmd/image/leather/leather_object_024_new.jpg,leather,,,,,,,fmd,3,True,dc3d122412af8adb4e9567fe89fdad4f9d43bd56dcc91170104fd22370dd7e68,e8e38563872f9e24
fmd_000374,/content/cossdf_work/datasets/fmd/image/leather/leather_object_025_new.jpg,leather,,,,,,,fmd,3,True,dfc4241f757032025140daab8d278f8181622af7eedb8930445fdc030552bdd5,bf5fd1f88ab08882
fmd_000375,/content/cossdf_work/datasets/fmd/image/leather/leather_object_026_new.jpg,leather,,,,,,,fmd,3,True,aa513b6ffac2fcc002523f03495b48567d31db4dc3cb6bfb757147aadde68f8b,abd43b285b52e589
fmd_000376,/content/cossdf_work/datasets/fmd/image/leather/leather_object_027_new.jpg,leather,,,,,,,fmd,3,True,dce6c9235e8b46bce94fad99d32a0738d5167af87f3f6fc594b52632b567ccf7,dee89fa0fe212087
fmd_000377,/content/cossdf_work/datasets/fmd/image/leather/leather_object_028_new.jpg,leather,,,,,,,fmd,3,True,636d8bbb4813ca92317185bbff88e0fa051e8075cb4704f27b6a01cc4a1ebf6b,ea332be50dd424d9
fmd_000378,/content/cossdf_work/datasets/fmd/image/leather/leather_object_029_new.jpg,leather,,,,,,,fmd,3,True,762f0f65c758a3cb8603d8ed8088dfd2556271b91d6ff6e5c99b340ab20f5289,c981ad422edbbc4b
fmd_000379,/content/cossdf_work/datasets/fmd/image/leather/leather_object_030_new.jpg,leather,,,,,,,fmd,3,True,952b7745e1bc7d47070f002bc558bc843b83aa31e46fc3ca4fca108c184ee9e3,d58b6a118f67b00f
fmd_000380,/content/cossdf_work/datasets/fmd/image/leather/leather_object_031_new.jpg,leather,,,,,,,fmd,3,True,a24700e460b26c334736364791424104554456235bad66d6c444e9c710277f53,aade0e801d7fa8cc
fmd_000381,/content/cossdf_work/datasets/fmd/image/leather/leather_object_032_new.jpg,leather,,,,,,,fmd,3,True,0af1ba72f216fc106a621e002145919b1c9d3ac18a138217e4055bdaa81941ba,eed235e50b7a1245
fmd_000382,/content/cossdf_work/datasets/fmd/image/leather/leather_object_033_new.jpg,leather,,,,,,,fmd,3,True,f426512eb9ff330d63254e46df2593460e64d98b5375d8f1b2062ff8dd8aab52,f31b0be434e09e9a
fmd_000383,/content/cossdf_work/datasets/fmd/image/leather/leather_object_034_new.jpg,leather,,,,,,,fmd,3,True,36c17bbfa14a1d1513fced745e93da70dca17a6977763371051606e5c0af852f,b890fb537942e24b
fmd_000384,/content/cossdf_work/datasets/fmd/image/leather/leather_object_035_new.jpg,leather,,,,,,,fmd,3,True,a75f2bec591fa8b46a442c8536dcc12d1e97e6ea8e3364d2f99e86b619cd4d8e,ad5af988607a8771
fmd_000385,/content/cossdf_work/datasets/fmd/image/leather/leather_object_036_new.jpg,leather,,,,,,,fmd,3,True,8a907b360bd7f4b298e9dc89a0d882d4af114308cdad2cc16695789f5b1c15c9,f994adea25ca258a
fmd_000386,/content/cossdf_work/datasets/fmd/image/leather/leather_object_037_new.jpg,leather,,,,,,,fmd,3,True,15d6749e8ad258c190abb7aa8f1e57679e263aa978e462b2164853d15963d5f5,9f9fc5c760815370
fmd_000387,/content/cossdf_work/datasets/fmd/image/leather/leather_object_038_new.jpg,leather,,,,,,,fmd,3,True,b240bff5a73e190573c48b16ca0e506b3b7b4cbc3931079b17207c7648fc8c48,b31ce60e8e129af9
fmd_000388,/content/cossdf_work/datasets/fmd/image/leather/leather_object_039_new.jpg,leather,,,,,,,fmd,3,True,0e01d92a94e10c3c2b0b1775863e5b4ec86ba6a36538a29a58b522e4befa7f2e,80c010c33fcf3fcf
fmd_000389,/content/cossdf_work/datasets/fmd/image/leather/leather_object_040_new.jpg,leather,,,,,,,fmd,3,True,113005b5136d9386c80b82e303b390bec96b1d80dc6c6b19469338292c4502f3,97ead48c958ab52a
fmd_000390,/content/cossdf_work/datasets/fmd/image/leather/leather_object_041_new.jpg,leather,,,,,,,fmd,3,True,d4eddcafc757400f9cc5774aee699dcb9fcf31ff949f5116580da9f4c29b4242,81af0dfbc2f03e0c
fmd_000391,/content/cossdf_work/datasets/fmd/image/leather/leather_object_042_new.jpg,leather,,,,,,,fmd,3,True,61e45c4e1284e2de313bb69a711a9659cf12dce3e7347c10a0e2e38a51055b54,d5287ad5c1652af2
fmd_000392,/content/cossdf_work/datasets/fmd/image/leather/leather_object_043_new.jpg,leather,,,,,,,fmd,3,True,803c6e916779d9bb53dbfa4978f08f2f8479b9d8d39d2425112ea5e7df56b275,bf996c9249a45aa5
fmd_000393,/content/cossdf_work/datasets/fmd/image/leather/leather_object_044_new.jpg,leather,,,,,,,fmd,3,True,24c0463d521292c4b2d59e0ab0a0a6110072981025a31512ac84b8328846eeca,bf609327d963c183
fmd_000394,/content/cossdf_work/datasets/fmd/image/leather/leather_object_045_new.jpg,leather,,,,,,,fmd,3,True,fd31d20e19549781d544434bef51c6082f1c0abfb6a7e39039d45ee7b20bdc9b,eac22e7fe8c0e8c8
fmd_000395,/content/cossdf_work/datasets/fmd/image/leather/leather_object_046_new.jpg,leather,,,,,,,fmd,3,True,34a89844a80a8427d0bc8ba4a1d54c654fa276aea34d0b5652eed9cbcafb1ab3,f4648c3cce838f33
fmd_000396,/content/cossdf_work/datasets/fmd/image/leather/leather_object_047_new.jpg,leather,,,,,,,fmd,3,True,7558d9c9f571b537dbf6aff53392c399a31e81f715c1ab9d21ee26c8af8a1ac4,bae565b232e581cc
fmd_000397,/content/cossdf_work/datasets/fmd/image/leather/leather_object_048_new.jpg,leather,,,,,,,fmd,3,True,d0a9eab05f8ab94b78a2b8e998244a2013c595ff1ff5b246c532e452113bbc80,eb2db5a9b5a125a0
fmd_000398,/content/cossdf_work/datasets/fmd/image/leather/leather_object_049_new.jpg,leather,,,,,,,fmd,3,True,b0245a9fc18f21ba7ced49094431066edeb0f3bf7e9bb8a657fce7ea4c2c1966,bff4e40be00be00f
fmd_000399,/content/cossdf_work/datasets/fmd/image/leather/leather_object_050_new.jpg,leather,,,,,,,fmd,3,True,856c09e6b359468a0fee37f5b3a1c9f7495b20d05482955fb2cec668907f3e9a,aab4fdccb0cea08a
fmd_000400,/content/cossdf_work/datasets/fmd/image/metal/metal_moderate_001_new.jpg,metal,,,,,,,fmd,4,True,412a15f51caa92ecb71bf40cdfb445f01a6af8ef123e5f4b9d266123cd357423,844ef9a63dac41a7
fmd_000401,/content/cossdf_work/datasets/fmd/image/metal/metal_moderate_002_new.jpg,metal,,,,,,,fmd,4,True,f94b7577532c50845ae79056ef5a4296ba872b7f621ec5cb1ced7de7bf82a56e,e1b4e0c9c18f273e
fmd_000402,/content/cossdf_work/datasets/fmd/image/metal/metal_moderate_003_new.jpg,metal,,,,,,,fmd,4,True,e6b0542fbf3bf4d5f69bed11420ceebfb4bc41287bd9278fad31b8fc2c7c643c,b4c087a23a377b3c
fmd_000403,/content/cossdf_work/datasets/fmd/image/metal/metal_moderate_004_new.jpg,metal,,,,,,,fmd,4,True,44a194ceb49a81d2809b20cc2ecefa5ddf778aa887e228a0ad91257fe1d69f86,c43698fee323ad03
fmd_000404,/content/cossdf_work/datasets/fmd/image/metal/metal_moderate_005_new.jpg,metal,,,,,,,fmd,4,True,3d2921115a24c0ac08dcaa9925536281282eb922a5c90214a8282ec65e05a73b,e2f19a6385468ee6
fmd_000405,/content/cossdf_work/datasets/fmd/image/metal/metal_moderate_006_new.jpg,metal,,,,,,,fmd,4,True,2f71a197d160fbe5411e3c1fc946baf871fec3ce157589b0dc58a8f58ba282cf,cbd90dc14eaf40e5
fmd_000406,/content/cossdf_work/datasets/fmd/image/metal/metal_moderate_007_new.jpg,metal,,,,,,,fmd,4,True,7ab0c959e495887a2dde00b4d531d3f6d2a250a14f3d42bca8d7f4722accaf1e,e1839fd0be954538
fmd_000407,/content/cossdf_work/datasets/fmd/image/metal/metal_moderate_008_new.jpg,metal,,,,,,,fmd,4,True,36a9a274326fa321dfb0a617ba06fa3d40d0b72394e59d4b8043b19bd55fb525,dfdfe482208878ce
fmd_000408,/content/cossdf_work/datasets/fmd/image/metal/metal_moderate_009_new.jpg,metal,,,,,,,fmd,4,True,52c1ddfd069901fcbe9a0391efb9fbe431a58577b40ee3f0fea53d0d2fb22978,d8c8e7e6232f981c
fmd_000409,/content/cossdf_work/datasets/fmd/image/metal/metal_moderate_010_new.jpg,metal,,,,,,,fmd,4,True,f00b881f650f2b52b1bbbafa5ad26e09757570b0d720713d7ac5ae58a1ac1b70,d40eb2e51d867d43
fmd_000410,/content/cossdf_work/datasets/fmd/image/metal/metal_moderate_011_new.jpg,metal,,,,,,,fmd,4,True,00ebac2f892d66db193e60a995e7b75d2681f8202de6bf3c8cc2bafc4b95c70a,91ee91a0fb04ee71
fmd_000411,/content/cossdf_work/datasets/fmd/image/metal/metal_moderate_012_new.jpg,metal,,,,,,,fmd,4,True,10f1eded67fa99252ebd74ac3cb45bbfecd9f8aa83103c0fdf10f5626d863427,f8a96c68bb1073a6
fmd_000412,/content/cossdf_work/datasets/fmd/image/metal/metal_moderate_013_new.jpg,metal,,,,,,,fmd,4,True,7126351e437e241c01a28f16f42579d23337125953e26e86d23de6481c2e45a6,afb5fed28083e848
fmd_000413,/content/cossdf_work/datasets/fmd/image/metal/metal_moderate_014_new.jpg,metal,,,,,,,fmd,4,True,fa61dfff9c59a4742c64ec9dad326d5aa9d1df75c0bba89e13815cd7f7954706,b310e02ae3fec17a
fmd_000414,/content/cossdf_work/datasets/fmd/image/metal/metal_moderate_015_new.jpg,metal,,,,,,,fmd,4,True,d991db8fbfb8706ccfa5c0a7a869f8d75a90235db34e750cbc53ebfbf7b9db06,eb94ca619a47f0b8
fmd_000415,/content/cossdf_work/datasets/fmd/image/metal/metal_moderate_016_new.jpg,metal,,,,,,,fmd,4,True,7587f7302791dbb0b852ffd63f886ed5c75b44c4a293bf2b881caf9520495727,9c6312ce7c5c6a6a
fmd_000416,/content/cossdf_work/datasets/fmd/image/metal/metal_moderate_017_new.jpg,metal,,,,,,,fmd,4,True,95f8c53600d421141eda4ed792ba9f6875ebb260fd22fe4a9bcfa7a90ee656bc,84b3479d0792fcd1
fmd_000417,/content/cossdf_work/datasets/fmd/image/metal/metal_moderate_018_new.jpg,metal,,,,,,,fmd,4,True,51f530aa62a407595492ba11fa157330437ea62e36e01e4a4f9dbd1f4eb4e033,a753285626f8a957
fmd_000418,/content/cossdf_work/datasets/fmd/image/metal/metal_moderate_019_new.jpg,metal,,,,,,,fmd,4,True,03eeff1fce127cc9d8f616ee409975eb8cb24315eaf917798d5c12328c80a6c2,ad4020bbfe2e1ec6
fmd_000419,/content/cossdf_work/datasets/fmd/image/metal/metal_moderate_020_new.jpg,metal,,,,,,,fmd,4,True,0806a331d13bc505fafb2827d997d6e34bbdbe374bba7942e360b55357437bbd,d1157e4d0238d6fa
fmd_000420,/content/cossdf_work/datasets/fmd/image/metal/metal_moderate_021_new.jpg,metal,,,,,,,fmd,4,True,bb5f69f0d4c4b29aad03ad6675bfd14a53af3d09d3617527914d4c882b60a5ec,d161e7910de1e4b6
fmd_000421,/content/cossdf_work/datasets/fmd/image/metal/metal_moderate_022_new.jpg,metal,,,,,,,fmd,4,True,725ab3289827089de42174203c7fe792baacc03acaabf43ebf59efbe53523f27,ab882567c7167ce1
fmd_000422,/content/cossdf_work/datasets/fmd/image/metal/metal_moderate_023_new.jpg,metal,,,,,,,fmd,4,True,458c359235438abdbce72791e3304ce3f700442ed74c87d511af24908209d793,99c192ecf4e36ac1
fmd_000423,/content/cossdf_work/datasets/fmd/image/metal/metal_moderate_024_new.jpg,metal,,,,,,,fmd,4,True,d86c936d52f85cfbbed8fc6f99f7b771553a53a41367308cf9e356f6a810eba9,e7b03c9b509fc0e1
fmd_000424,/content/cossdf_work/datasets/fmd/image/metal/metal_moderate_025_new.jpg,metal,,,,,,,fmd,4,True,87fd4aa1e001bfdb284386d47caab01480bb296f4f336764f63617fe2f18dbff,a9e96d0f07323696
fmd_000425,/content/cossdf_work/datasets/fmd/image/metal/metal_moderate_026_new.jpg,metal,,,,,,,fmd,4,True,7ff4de65c1ddbea940d324e6a922df6349303733b659a3934504c4303ea99779,d2a6edce25bc4838
fmd_000426,/content/cossdf_work/datasets/fmd/image/metal/metal_moderate_027_new.jpg,metal,,,,,,,fmd,4,True,5a1b409e85bac3c084a474ec5da2685884bd0e630171755c3a31837911d3c840,d90459a63b96ea17
fmd_000427,/content/cossdf_work/datasets/fmd/image/metal/metal_moderate_028_new.jpg,metal,,,,,,,fmd,4,True,d253ac450e066189d2e8d8c03e0772915194b70a7e69243a2e6e800b45e6d8bf,c5ca1aaf5aaa6ac8
fmd_000428,/content/cossdf_work/datasets/fmd/image/metal/metal_moderate_029_new.jpg,metal,,,,,,,fmd,4,True,2e357788f3c2701b43456f3aea39c31ad815020b3be0e93b75af2937b87856ea,d6dad6d1a9162c2a
fmd_000429,/content/cossdf_work/datasets/fmd/image/metal/metal_moderate_030_new.jpg,metal,,,,,,,fmd,4,True,92a6cf681dfa3022ddf2a4e4ee259ac95f06b7aca458b9d39c7568dbc2ff828f,bcc3f39c1a9984e2
fmd_000430,/content/cossdf_work/datasets/fmd/image/metal/metal_moderate_031_new.jpg,metal,,,,,,,fmd,4,True,fe5bafbdfb544173159035c5376060fa1cddc940fa3b121544075bb7c2e4d0c3,c49ce10f98b79e49
fmd_000431,/content/cossdf_work/datasets/fmd/image/metal/metal_moderate_032_new.jpg,metal,,,,,,,fmd,4,True,8c86c9278bc33b3cffd902f526b02b99f2f853bb6635c4a52bac6e1bdd54e8c5,f8275097e86a631d
fmd_000432,/content/cossdf_work/datasets/fmd/image/metal/metal_moderate_033_new.jpg,metal,,,,,,,fmd,4,True,29335f2268e1a6e994310d394fc8bb2cf90b4ecc4ecc350d6e1b72134d0b4099,f8e50af835c31c69
fmd_000433,/content/cossdf_work/datasets/fmd/image/metal/metal_moderate_034_new.jpg,metal,,,,,,,fmd,4,True,d3c617b69448de044117ca5f8d475b86390feea6af42b8d02cd829b660599ed1,c02b96ce9f2add0a
fmd_000434,/content/cossdf_work/datasets/fmd/image/metal/metal_moderate_035_new.jpg,metal,,,,,,,fmd,4,True,da7dec68fd710643470a703fe2be4a474cef3d06263ee6b678b5b1cdf15c2bde,d5578eb98946a954
fmd_000435,/content/cossdf_work/datasets/fmd/image/metal/metal_moderate_036_new.jpg,metal,,,,,,,fmd,4,True,bb1f35a0bf3a1f9e605f2eaaf76bb14f78e8cfe4b855c11470650ace12a5a99e,b940942dd26d1de7
fmd_000436,/content/cossdf_work/datasets/fmd/image/metal/metal_moderate_037_new.jpg,metal,,,,,,,fmd,4,True,057cc726d65ba07a9acb383e09d71f78d19f2f338b3126331cf174a4deb560a6,ee3398c6b3329962
fmd_000437,/content/cossdf_work/datasets/fmd/image/metal/metal_moderate_038_new.jpg,metal,,,,,,,fmd,4,True,4c4adeb84a1ceae273ddbaa6fb6d681e2f2290132f0c81e016efa2e7c322b747,95863ef80979cd34
fmd_000438,/content/cossdf_work/datasets/fmd/image/metal/metal_moderate_039_new.jpg,metal,,,,,,,fmd,4,True,a73c375002c347f6dda62d115cc5052950fefaf20195c489f8ee7391ebf8f5ae,f29217f23e78071c
fmd_000439,/content/cossdf_work/datasets/fmd/image/metal/metal_moderate_040_new.jpg,metal,,,,,,,fmd,4,True,27ff7713c94055fcaeb66e3f3817d29db47a19d88f25fe0c69f3fe3d91162a68,c53936c583d2dea8
fmd_000440,/content/cossdf_work/datasets/fmd/image/metal/metal_moderate_041_new.jpg,metal,,,,,,,fmd,4,True,94e47d155270efaefc1ebd98e12b1f25cf5c1cfcca04d4a509d17d317905893e,8c8c0dab34e8e79e
fmd_000441,/content/cossdf_work/datasets/fmd/image/metal/metal_moderate_042_new.jpg,metal,,,,,,,fmd,4,True,f607f80ad01f58b513964f06126bfd7e8de4f54669c3e624ed76e50be138abc2,ce9bc44bffb02103
fmd_000442,/content/cossdf_work/datasets/fmd/image/metal/metal_moderate_043_new.jpg,metal,,,,,,,fmd,4,True,50fd779b0a004b6b92a5669ad31636bc1da271a92518bd7c6f2401b1c6f8c26b,d087cfec73203c93
fmd_000443,/content/cossdf_work/datasets/fmd/image/metal/metal_moderate_044_new.jpg,metal,,,,,,,fmd,4,True,848765007de8f0e31878be083f6f20562f695cbe0858254baa5a45d75fd91752,c0b23b703fd4bc8c
fmd_000444,/content/cossdf_work/datasets/fmd/image/metal/metal_moderate_045_new.jpg,metal,,,,,,,fmd,4,True,3b3128a27c149ed441c7d5c4959292d87b01a61156475fa5a9096eb98dcc252c,d597d86bc1390c4d
fmd_000445,/content/cossdf_work/datasets/fmd/image/metal/metal_moderate_046_new.jpg,metal,,,,,,,fmd,4,True,8786d218c902b226c7c7b7ec25e4b5922670687fdef77cb229da3bffa44250ee,9cdc3fc4864b494d
fmd_000446,/content/cossdf_work/datasets/fmd/image/metal/metal_moderate_047_new.jpg,metal,,,,,,,fmd,4,True,afcb321baa6b946416fd3c482624c8967f9df1e3845f587cda1316a96be43d3b,aadaca6c949e5629
fmd_000447,/content/cossdf_work/datasets/fmd/image/metal/metal_moderate_048_new.jpg,metal,,,,,,,fmd,4,True,64cf010efac7cd2a6d559b53ca50bf360cfcbc56b85de0b6a1a702ca53fd14d8,d77770a1078f7c80
fmd_000448,/content/cossdf_work/datasets/fmd/image/metal/metal_moderate_049_new.jpg,metal,,,,,,,fmd,4,True,8774c39815284a868c55ea3eedb6265420a954a6a10474ea44d5e65660d8424b,f6f8c0e58d82a666
fmd_000449,/content/cossdf_work/datasets/fmd/image/metal/metal_moderate_050_new.jpg,metal,,,,,,,fmd,4,True,e79ecc9413a0cc225148e4611b81b43ea8410f61f59441d4f5e3c667d52c4ebb,cc1b30e31bd272ab
fmd_000450,/content/cossdf_work/datasets/fmd/image/metal/metal_object_001_new.jpg,metal,,,,,,,fmd,4,True,2a12d447f899522ad44bb6c65a8d6b60fca7e667c431ce335ed96bcc0bac8307,84685aa52b3cdde6
fmd_000451,/content/cossdf_work/datasets/fmd/image/metal/metal_object_002_new.jpg,metal,,,,,,,fmd,4,True,9360129d8ae679a65759941ed1aba2e5c569df7f19e0bda1b0ae7cfbb18edfd7,d08e4cf53c700ef5
fmd_000452,/content/cossdf_work/datasets/fmd/image/metal/metal_object_003_new.jpg,metal,,,,,,,fmd,4,True,861caee6cfba350c5218016c1af4be2ade9a10ad46bd8f9d00c94248e2d1805b,d1234625c6d7665b
fmd_000453,/content/cossdf_work/datasets/fmd/image/metal/metal_object_004_new.jpg,metal,,,,,,,fmd,4,True,d9f727c1a0da137e57b0d719fe003df9dcd4021bcb7bd57707c7769ff45cf019,aae2ce2e959131e6
fmd_000454,/content/cossdf_work/datasets/fmd/image/metal/metal_object_005_new.jpg,metal,,,,,,,fmd,4,True,10f1ecf39461dac7a885174c9d8511ab1613844f30bb3ac7b750d41ecd371280,bada17070d271769
fmd_000455,/content/cossdf_work/datasets/fmd/image/metal/metal_object_006_new.jpg,metal,,,,,,,fmd,4,True,547f45b896e408e6987aeff45165d867851ee63e7179f73277628bead07d94db,e93c60d19ec8cd35
fmd_000456,/content/cossdf_work/datasets/fmd/image/metal/metal_object_007_new.jpg,metal,,,,,,,fmd,4,True,7a0840f951746b14e83b137dfbe2ae76ce5d17666e1b7d49a605a8c7135d97f8,87a37939a259463e
fmd_000457,/content/cossdf_work/datasets/fmd/image/metal/metal_object_008_new.jpg,metal,,,,,,,fmd,4,True,678b06922db0e0e38d2be6d025fcc2dc1106424bff3beb1b2ead66f530296b8b,e2161d84f0b578be
fmd_000458,/content/cossdf_work/datasets/fmd/image/metal/metal_object_009_new.jpg,metal,,,,,,,fmd,4,True,03c2b19d2fed8b81c82b488ccc8ea8b08c78639e2a3eb5f29aa937a87f3cd194,9cb3495d6cb2431b
fmd_000459,/content/cossdf_work/datasets/fmd/image/metal/metal_object_010_new.jpg,metal,,,,,,,fmd,4,True,1018db281a3b40aecebdabf0b558f03fabda5d1be76d3e70a91f65d6d2a611dd,a523fc3cc2394af4
fmd_000460,/content/cossdf_work/datasets/fmd/image/metal/metal_object_011_new.jpg,metal,,,,,,,fmd,4,True,1f4c7303413fa8b3106d88ef6860d7ddd2411c0118d9530e9b2ddf05c035bc4d,eac6a54b7039f225
fmd_000461,/content/cossdf_work/datasets/fmd/image/metal/metal_object_012_new.jpg,metal,,,,,,,fmd,4,True,ca0b3d5ac9586ab4215b6ea5f9f795db5a8459315dd8366e91e84676a9816f46,a956e8c981572e1f
fmd_000462,/content/cossdf_work/datasets/fmd/image/metal/metal_object_013_new.jpg,metal,,,,,,,fmd,4,True,7eb8e1d5e36340652f321716119a86cd757eda9c1d0c19cf7744b7ced32d1d32,8dae3a1b331791d4
fmd_000463,/content/cossdf_work/datasets/fmd/image/metal/metal_object_014_new.jpg,metal,,,,,,,fmd,4,True,301f6775469af9c33b49591c7972a009d695d5bc78f9a87458182046f1a695e5,b0470efa705db54a
fmd_000464,/content/cossdf_work/datasets/fmd/image/metal/metal_object_015_new.jpg,metal,,,,,,,fmd,4,True,bc265029173dd4795ed125c3d9c7ae651575eeb2c9387b27df92c7cbc8fd3a36,95c048475397b3b7
fmd_000465,/content/cossdf_work/datasets/fmd/image/metal/metal_object_016_new.jpg,metal,,,,,,,fmd,4,True,8e100f56f096880ff9b4d3ea17c07f625c553b05afc7541eb626603f0fee7100,aea1c6ed62a5258e
fmd_000466,/content/cossdf_work/datasets/fmd/image/metal/metal_object_017_new.jpg,metal,,,,,,,fmd,4,True,c504cc1c77fcb33a3cc43d1471c70a36c1e6fe55cccc5db42e4c3a284506b2a2,f1e4985247bb6313
fmd_000467,/content/cossdf_work/datasets/fmd/image/metal/metal_object_018_new.jpg,metal,,,,,,,fmd,4,True,f4a7a60473e444aa480dbe74aafd932aab4e10ef689d1d10f7d92f6b66403b9e,ccccf9d9c2d29606
fmd_000468,/content/cossdf_work/datasets/fmd/image/metal/metal_object_019_new.jpg,metal,,,,,,,fmd,4,True,635962f4165b0359040b9cd62cc03245ac3d441700f0ecc3e1fe55ae7b78edb6,eac2c43fa1aca53c
fmd_000469,/content/cossdf_work/datasets/fmd/image/metal/metal_object_020_new.jpg,metal,,,,,,,fmd,4,True,865cfcabb2aae00842d6dbdf1db50a8d4f23525d6ec739ea4e81fdf3a49e933f,8d70ba6da4c93c1e
fmd_000470,/content/cossdf_work/datasets/fmd/image/metal/metal_object_021_new.jpg,metal,,,,,,,fmd,4,True,dd27a1abcd0b9527c4b29d9fdf60cfee46a3d9849af4175922e51a3886adf758,9ee46589f9938626
fmd_000471,/content/cossdf_work/datasets/fmd/image/metal/metal_object_022_new.jpg,metal,,,,,,,fmd,4,True,377192790311b2e9abd174ead901fa187d3913e0396076e751908b894fc120b7,ea0558979686db4b
fmd_000472,/content/cossdf_work/datasets/fmd/image/metal/metal_object_023_new.jpg,metal,,,,,,,fmd,4,True,28a0e3901b4c2ef78104af8d86b4aad0f1ffa8b944e67725865336a5046e813d,bc6312f18bf213cc
fmd_000473,/content/cossdf_work/datasets/fmd/image/metal/metal_object_024_new.jpg,metal,,,,,,,fmd,4,True,8cf7e4bb06ffbe7051a60ee33238bd47c8e2406ab7fa34580e7e7f271ef87c8b,898f8da845aab95d
fmd_000474,/content/cossdf_work/datasets/fmd/image/metal/metal_object_025_new.jpg,metal,,,,,,,fmd,4,True,34f3ed14d129e69c2fc0900fefa1e097b0a4942bbdab2f26d0620e8b41766a6b,b49bb6725af50d20
fmd_000475,/content/cossdf_work/datasets/fmd/image/metal/metal_object_026_new.jpg,metal,,,,,,,fmd,4,True,bac7394d4bb5ff6b88d8387117835db0274ca10834330a44cefde60d968e15d2,fb95a85e014b662d
fmd_000476,/content/cossdf_work/datasets/fmd/image/metal/metal_object_027_new.jpg,metal,,,,,,,fmd,4,True,918a901d142e46c013a41cb70cfa4c4fa722820a8f6be84441e4f79dfc68e998,e3b66951b2a54a56
fmd_000477,/content/cossdf_work/datasets/fmd/image/metal/metal_object_028_new.jpg,metal,,,,,,,fmd,4,True,e25aae767f3e4602fab02e3045943dd468fb3ea7ea136ea8ef6e1af2bd83db61,e6b11dc2c3c01ecf
fmd_000478,/content/cossdf_work/datasets/fmd/image/metal/metal_object_029_new.jpg,metal,,,,,,,fmd,4,True,46b81f90d1a8a081af724d67d820d4e77311713e0fc6328544ab71ce6a3edb08,e6ecd261e12c1e96
fmd_000479,/content/cossdf_work/datasets/fmd/image/metal/metal_object_030_new.jpg,metal,,,,,,,fmd,4,True,74ea65ccfcd5d5dbcbd68cc04fa970746ba46fb959f90d1d09abaeaf4263ab5a,a5b3a83c9721c5ea
fmd_000480,/content/cossdf_work/datasets/fmd/image/metal/metal_object_031_new.jpg,metal,,,,,,,fmd,4,True,5bad06ea507621e1411479eb74857e8f0b00f41981b10b98fae7364e4cf5746e,c778b8873ea814a7
fmd_000481,/content/cossdf_work/datasets/fmd/image/metal/metal_object_032_new.jpg,metal,,,,,,,fmd,4,True,9fadecc16d2b59e04aa7b45383be19b90b9a3f01636e6015ef4f399fc5f5a77b,9ec366e6334be848
fmd_000482,/content/cossdf_work/datasets/fmd/image/metal/metal_object_033_new.jpg,metal,,,,,,,fmd,4,True,c7b8ca39f4a354f1c094af314290863c79ad3cfda4de10a61924dd7221a1519a,dc130f5c1835751f
fmd_000483,/content/cossdf_work/datasets/fmd/image/metal/metal_object_034_new.jpg,metal,,,,,,,fmd,4,True,066afed2bf9a85adb5bf8584e3419266739de9ab619dd2eef9dd2d8159d4f1ad,e8ef0192679036db
fmd_000484,/content/cossdf_work/datasets/fmd/image/metal/metal_object_035_new.jpg,metal,,,,,,,fmd,4,True,8830d88cfc9a04171a994f2238b4cd80134b4551552b527e77a13f413e3bbff1,b16399f7a4136c61
fmd_000485,/content/cossdf_work/datasets/fmd/image/metal/metal_object_036_new.jpg,metal,,,,,,,fmd,4,True,258ee4e79db54aebe0f28f97c6cf51392864b52498d4937757a47758ed3752e4,c63557321e0975a7
fmd_000486,/content/cossdf_work/datasets/fmd/image/metal/metal_object_037_new.jpg,metal,,,,,,,fmd,4,True,ccbf6f54681e0e39e2cd44f064d50ba8982101b5d3fb32860399b80ac53ed7cd,af8f9e8eb030b630
fmd_000487,/content/cossdf_work/datasets/fmd/image/metal/metal_object_038_new.jpg,metal,,,,,,,fmd,4,True,94f1f42588d353c9a7c2abe5a7685d96f6a03f65931a3cf896507a5cf4402cb9,e6b886c71e9c31c6
fmd_000488,/content/cossdf_work/datasets/fmd/image/metal/metal_object_039_new.jpg,metal,,,,,,,fmd,4,True,2339fa50e91f8bab55ed2c8cb4849e107d2c2431af2f152a9f3a7e1ae8808bab,eac5aa52aa43ad66
fmd_000489,/content/cossdf_work/datasets/fmd/image/metal/metal_object_040_new.jpg,metal,,,,,,,fmd,4,True,9c50d2af0653000fdb15b0cb91f8a1e5475c49492fd951c417f2a34d2833c7dc,9f90f8c1f0c363c6
fmd_000490,/content/cossdf_work/datasets/fmd/image/metal/metal_object_041_new.jpg,metal,,,,,,,fmd,4,True,09c48ef9b0c995904f84bbd5b797f4c9bd13aecebb02ba988a0c48af81c0ac83,dc9a931b4f656622
fmd_000491,/content/cossdf_work/datasets/fmd/image/metal/metal_object_042_new.jpg,metal,,,,,,,fmd,4,True,2bd2626ddf15434f4684e5f3c0d665e161a3cadcdfae5e4dcf4938b091189cf9,f6c2d93661de0b88
fmd_000492,/content/cossdf_work/datasets/fmd/image/metal/metal_object_043_new.jpg,metal,,,,,,,fmd,4,True,0fd05d1284ac09733341e96e79f0dd22d5ad601d6a87f0e3a230a7898d28ce9d,fa49a1a6d4b69319
fmd_000493,/content/cossdf_work/datasets/fmd/image/metal/metal_object_044_new.jpg,metal,,,,,,,fmd,4,True,ac0acd0bb3795f295e767c1626fca95dab9f2f2d9942e1c8611aeb4ef657c304,decae99d07304635
fmd_000494,/content/cossdf_work/datasets/fmd/image/metal/metal_object_045_new.jpg,metal,,,,,,,fmd,4,True,05c951a240ebb44e1d39ccda5d211e371af2d8f0e7123d120b9ddc7bca09bc9b,8511235aff596734
fmd_000495,/content/cossdf_work/datasets/fmd/image/metal/metal_object_046_new.jpg,metal,,,,,,,fmd,4,True,dba4b55234be52d6de52496e3a8a08f50b752519dbdeef225cb20a02714ba807,c0ff03615f711d54
fmd_000496,/content/cossdf_work/datasets/fmd/image/metal/metal_object_047_new.jpg,metal,,,,,,,fmd,4,True,3957192107fbfb12ad0e3f95a9f864a43ec1f8801107723b5434e992c7eacd7b,9c3ee56d9886b292
fmd_000497,/content/cossdf_work/datasets/fmd/image/metal/metal_object_048_new.jpg,metal,,,,,,,fmd,4,True,217af25d234d684cd06c7c781df293bf3e7f3ffa1e0722bc70d946b3ee1260cd,b73d3db0c292383c
fmd_000498,/content/cossdf_work/datasets/fmd/image/metal/metal_object_049_new.jpg,metal,,,,,,,fmd,4,True,74fc4f66edae7f4c5417b56b2e3d9e75c2148b927f4dc26141d5f3f392301b16,ea1eaaf1ad20bd41
fmd_000499,/content/cossdf_work/datasets/fmd/image/metal/metal_object_050_new.jpg,metal,,,,,,,fmd,4,True,cd19a60cc243bd30c014610595714cd12666c49faefd7087a7dfd79a032874d0,c5d6aa0624b8f5ea
fmd_000500,/content/cossdf_work/datasets/fmd/image/paper/paper_moderate_001_new.jpg,paper,,,,,,,fmd,5,True,eebf640b45fc7a33781a4eb961e50d71420e7eb14449e6da8421b73154122071,fc81d2cb981f1e68
fmd_000501,/content/cossdf_work/datasets/fmd/image/paper/paper_moderate_002_new.jpg,paper,,,,,,,fmd,5,True,1fb6427b7a8033296ab0be11cf033958c02275050236cab432ee5aa323f20c0a,f3e00899ce8e33b3
fmd_000502,/content/cossdf_work/datasets/fmd/image/paper/paper_moderate_003_new.jpg,paper,,,,,,,fmd,5,True,415bbf6ae2aa425c4e9ec1bfca5bcd1b246397a8fd4911739d10aa98eb5eb78d,90d8da5257cfeaa0
fmd_000503,/content/cossdf_work/datasets/fmd/image/paper/paper_moderate_004_new.jpg,paper,,,,,,,fmd,5,True,4afb2a9fd4339115e7b9fca6205911215de0896396e891f09eae1bcf299e50e7,9f9ca87ed4a00e6c
fmd_000504,/content/cossdf_work/datasets/fmd/image/paper/paper_moderate_005_new.jpg,paper,,,,,,,fmd,5,True,ef95a38b88882bbbddbf211eab68065c4e74d39345ff472ec9d0dacfcaeb2f68,ed84861e30dd9bd2
fmd_000505,/content/cossdf_work/datasets/fmd/image/paper/paper_moderate_006_new.jpg,paper,,,,,,,fmd,5,True,d1c9bcb105d2682b6b985e7ac8ffcf81c8e96aa20d977c7ffff2404578eaf8fc,943763ca6a8b3517
fmd_000506,/content/cossdf_work/datasets/fmd/image/paper/paper_moderate_007_new.jpg,paper,,,,,,,fmd,5,True,2e15ed3d75366e6c14ee84b1dbbce16ce4474a391e21dffa16b9e97aa23ad781,c3566b1737e1cac0
fmd_000507,/content/cossdf_work/datasets/fmd/image/paper/paper_moderate_008_new.jpg,paper,,,,,,,fmd,5,True,d0b836b7cf7be0444c0f7ddd8993eea7754bef71d722b3631bbaaa2b519418ac,e6ba19e319619999
fmd_000508,/content/cossdf_work/datasets/fmd/image/paper/paper_moderate_009_new.jpg,paper,,,,,,,fmd,5,True,e3359f11dc59940bc9f1f4a161e4ee7ecadd9ec8985ffc91b27762c67be9ad30,9cf27e33609f6058
fmd_000509,/content/cossdf_work/datasets/fmd/image/paper/paper_moderate_010_new.jpg,paper,,,,,,,fmd,5,True,9da6b55d6f27496dd6dc957c84da7d70f8b9e53a25b5df19ce58962a61734fe5,f0a443b72f66853c
fmd_000510,/content/cossdf_work/datasets/fmd/image/paper/paper_moderate_011_new.jpg,paper,,,,,,,fmd,5,True,a6bd3e72c90ba67a557d14813b79beaa8d7801665188c4164bdec8419bb1b924,91e579686c362a9d
fmd_000511,/content/cossdf_work/datasets/fmd/image/paper/paper_moderate_012_new.jpg,paper,,,,,,,fmd,5,True,8736a5de8237aee282ce8a18091fde6dec7e757741e4dd284770933e52430df5,8e137ccfa85e710c
fmd_000512,/content/cossdf_work/datasets/fmd/image/paper/paper_moderate_013_new.jpg,paper,,,,,,,fmd,5,True,dc0547f3e1a5807eb8332e447d720e5364a10ae3eb1f4519deea94ca075c4bf5,f28e1c335a73e682
fmd_000513,/content/cossdf_work/datasets/fmd/image/paper/paper_moderate_014_new.jpg,paper,,,,,,,fmd,5,True,eb9b7ef340b0989a2444bf489974796a0eb86ff0d9ab21e698bf78216cd1dfd3,d0811b6e693c379d
fmd_000514,/content/cossdf_work/datasets/fmd/image/paper/paper_moderate_015_new.jpg,paper,,,,,,,fmd,5,True,f6fb03433c2f2f2895cbfd156a8e4d5782d8d9d4890889a89bbd546aa7825f96,85535c4b0f0b2f2f
fmd_000515,/content/cossdf_work/datasets/fmd/image/paper/paper_moderate_016_new.jpg,paper,,,,,,,fmd,5,True,60c6e48c469955ff3c52e72b915e4af5d557b8645a831c524da4a3302b34e4d2,a2cdbdc69883c23b
fmd_000516,/content/cossdf_work/datasets/fmd/image/paper/paper_moderate_017_new.jpg,paper,,,,,,,fmd,5,True,d700967caaca5cdf1fb3c7ffd35c60c65831f298d5b251dcea9d1199133b505a,847b4d769d8466a9
fmd_000517,/content/cossdf_work/datasets/fmd/image/paper/paper_moderate_018_new.jpg,paper,,,,,,,fmd,5,True,b988c6477477f8dbf9d99e3f0c0aafc9e3ea0437d79370f50f4ffed0f2cce2a0,d66aa58f519d9590
fmd_000518,/content/cossdf_work/datasets/fmd/image/paper/paper_moderate_019_new.jpg,paper,,,,,,,fmd,5,True,12148fc54e5361bd8784d46e2c28ab659f34c94b2b57145e66fc52e3f70032ba,fbb6a35ac1ac1303
fmd_000519,/content/cossdf_work/datasets/fmd/image/paper/paper_moderate_020_new.jpg,paper,,,,,,,fmd,5,True,918ae11ce51bdbe86ee8c9dc1c33108b60b422345dedce0c9ad29df8b23cf723,83e55abf59ac2b10
fmd_000520,/content/cossdf_work/datasets/fmd/image/paper/paper_moderate_021_new.jpg,paper,,,,,,,fmd,5,True,edc7536aa187a04d4ec549178d39891a649471d6a0dac56f5cdb6f2a1d6c4487,ffc0ba352e09ca43
fmd_000521,/content/cossdf_work/datasets/fmd/image/paper/paper_moderate_022_new.jpg,paper,,,,,,,fmd,5,True,f419c7e45db67c4ec10be052506fccfd4f99edc94554753cad56fcafd1c5e1b0,9aef2490c1078f7e
fmd_000522,/content/cossdf_work/datasets/fmd/image/paper/paper_moderate_023_new.jpg,paper,,,,,,,fmd,5,True,39f7e853457c57720977056c68ec1d38cc4f1043b260a0c5c4c989260d19c173,d1c33f1f68386d21
fmd_000523,/content/cossdf_work/datasets/fmd/image/paper/paper_moderate_024_new.jpg,paper,,,,,,,fmd,5,True,19ad0678e65643ddfc9b7f378e867d7b9104ab020ebab110fefd170d7b38f72d,b19951f21830df6b
fmd_000524,/content/cossdf_work/datasets/fmd/image/paper/paper_moderate_025_new.jpg,paper,,,,,,,fmd,5,True,ad27ac46c1c3a8a200516e2865a1e2f6e5ad81a0a78a35fc53b752809d2aa3a9,9b12392367262efc
fmd_000525,/content/cossdf_work/datasets/fmd/image/paper/paper_moderate_026_new.jpg,paper,,,,,,,fmd,5,True,9a43dae6be925d9b674b85aefd5cd6a7602f13c2754c792773179a3b82bd6c72,bf4fb02518c3c1e3
fmd_000526,/content/cossdf_work/datasets/fmd/image/paper/paper_moderate_027_new.jpg,paper,,,,,,,fmd,5,True,0cc6d16a0b66bea469aab0245f0ecfefafcf7036b51892fcbdb297f902f138fd,d89f3fb187a085c4
fmd_000527,/content/cossdf_work/datasets/fmd/image/paper/paper_moderate_028_new.jpg,paper,,,,,,,fmd,5,True,caffef9207099ca57bf76ec1db19a54ec456f37477e802f8b4f99c2c49f3d15d,8c9c876e8dc7a0bc
fmd_000528,/content/cossdf_work/datasets/fmd/image/paper/paper_moderate_029_new.jpg,paper,,,,,,,fmd,5,True,ee6d6c03b95cb189d352559b2c75ae3a3fa5724e3c19ae343b85f68ae6e7e450,cc893bcc39972497
fmd_000529,/content/cossdf_work/datasets/fmd/image/paper/paper_moderate_030_new.jpg,paper,,,,,,,fmd,5,True,a755548a35125d61a55f7a52a0f38ee2722c5fe6ee486ad0695d329dc4e994ed,890d0fb01fea7978
fmd_000530,/content/cossdf_work/datasets/fmd/image/paper/paper_moderate_031_new.jpg,paper,,,,,,,fmd,5,True,52217ab2c7cb5aa4c7c6643b6def0e050738b5ed28739a888b959934b3d7bb5e,d41a4dd8f1198f35
fmd_000531,/content/cossdf_work/datasets/fmd/image/paper/paper_moderate_032_new.jpg,paper,,,,,,,fmd,5,True,1f639608f30158d5f32536b82931dd86cb09132a61352b6401cf72fcd02e3175,9f9c1f13a243d0ea
fmd_000532,/content/cossdf_work/datasets/fmd/image/paper/paper_moderate_033_new.jpg,paper,,,,,,,fmd,5,True,763f5f5e5be3b45f1cfb58056e11d9a5ff820cf1e256b51c5440c99d4afdebd8,927a1a37372716c6
fmd_000533,/content/cossdf_work/datasets/fmd/image/paper/paper_moderate_034_new.jpg,paper,,,,,,,fmd,5,True,b51eda9363e0f551d5058ab3c4dc16b272dfcb562c72801775679eac9b034839,9f4b2caee4584c3c
fmd_000534,/content/cossdf_work/datasets/fmd/image/paper/paper_moderate_035_new.jpg,paper,,,,,,,fmd,5,True,b80943c60ae28e5a0494e1e39fe07170e2ed91c7664a63578fd6d0fbf8ca43b4,c02d013f073e2ff6
fmd_000535,/content/cossdf_work/datasets/fmd/image/paper/paper_moderate_036_new.jpg,paper,,,,,,,fmd,5,True,6c9e93572beca58dbeeb6a330570f3fb1789e55446a93d428e8e4b2055af6cea,941d55fa7aa06347
fmd_000536,/content/cossdf_work/datasets/fmd/image/paper/paper_moderate_037_new.jpg,paper,,,,,,,fmd,5,True,1bcab640ea5f42a006a8ddfe1866c7a95fe625108a228d856f1412cc65ead59d,b2037f74381dcb29
fmd_000537,/content/cossdf_work/datasets/fmd/image/paper/paper_moderate_038_new.jpg,paper,,,,,,,fmd,5,True,ba20dcf3c2027ab378b70394c72e815144c710f505987fefd167f171cfa46c98,d2270fe739a07256
fmd_000538,/content/cossdf_work/datasets/fmd/image/paper/paper_moderate_039_new.jpg,paper,,,,,,,fmd,5,True,a8e254654a34bbfb0e978226b6cd77c82a59700131062192cb32265e55e82a0f,aa25a514d2f26a9f
fmd_000539,/content/cossdf_work/datasets/fmd/image/paper/paper_moderate_040_new.jpg,paper,,,,,,,fmd,5,True,ddec953af7b115d1ddad7edb27e3593501e98bee160a1b57b6f5d8710af53be9,cfc90fb26356d031
fmd_000540,/content/cossdf_work/datasets/fmd/image/paper/paper_moderate_041_new.jpg,paper,,,,,,,fmd,5,True,dd603268fdd94440440eb68dcc0956a2abcdb2197b2ab485607703ac4a93f6b2,be99608451b78edc
fmd_000541,/content/cossdf_work/datasets/fmd/image/paper/paper_moderate_042_new.jpg,paper,,,,,,,fmd,5,True,2e920ace693b6869a18b7cf0fe862efeede2e15eff7603b86b3ca1a66c7d08f3,c2cbbb05e6df0229
fmd_000542,/content/cossdf_work/datasets/fmd/image/paper/paper_moderate_043_new.jpg,paper,,,,,,,fmd,5,True,a8faf4ec1e9e99a59be6b0409248209f867ce961f03e3a8cb9dfa62b94b9b1d6,b3ccda33652dc892
fmd_000543,/content/cossdf_work/datasets/fmd/image/paper/paper_moderate_044_new.jpg,paper,,,,,,,fmd,5,True,67fbd6c1490800f6d860a935d8aeadf6b62513969ba6d0ed98ba8af44657ba40,b14c6c7d7b6501e8
fmd_000544,/content/cossdf_work/datasets/fmd/image/paper/paper_moderate_045_new.jpg,paper,,,,,,,fmd,5,True,ff5389281df7a10ce56839724de52dbb5c798fbf5b95843125d609aac341ffc4,e595285b343a79e2
fmd_000545,/content/cossdf_work/datasets/fmd/image/paper/paper_moderate_046_new.jpg,paper,,,,,,,fmd,5,True,3560710196249ccfbe0fd534e60b952e31d7b254819fb890fa206168f71e0ce6,c04b6d64e47cd9c9
fmd_000546,/content/cossdf_work/datasets/fmd/image/paper/paper_moderate_047_new.jpg,paper,,,,,,,fmd,5,True,6f87e0bbf60418c44f55c376bef4573736b7e0cf6a7f4cfb41c2c27082b630e6,d1b40b6952fca553
fmd_000547,/content/cossdf_work/datasets/fmd/image/paper/paper_moderate_048_new.jpg,paper,,,,,,,fmd,5,True,252e4389c60c7ed9be4d92e61b7588348aa42edae920811637d1dd7828fbe459,bf60e081c597c997
fmd_000548,/content/cossdf_work/datasets/fmd/image/paper/paper_moderate_049_new.jpg,paper,,,,,,,fmd,5,True,555648ddc5f1d49ec3976a9aa41f0fad31b4459cdb577367277d6b0761beaf19,dddc3a292cd24ad2
fmd_000549,/content/cossdf_work/datasets/fmd/image/paper/paper_moderate_050_new.jpg,paper,,,,,,,fmd,5,True,6b3c88a423b30cb503dec566f51d11ffa4c7d53fc1fbd86804b45f12da1bda05,edd295b1821d5953
fmd_000550,/content/cossdf_work/datasets/fmd/image/paper/paper_object_001_new.jpg,paper,,,,,,,fmd,5,True,5d2fe80584522f104574b4689923a4b53ba26e7f63c1b87569e1c215a0dc2690,d6192d943d667265
fmd_000551,/content/cossdf_work/datasets/fmd/image/paper/paper_object_002_new.jpg,paper,,,,,,,fmd,5,True,38fa8360a2b9fe87867d65beb4e7e4c8a995e5990f34c3542f4c783b1c5cb22f,e3a4a4ee6c49a4ab
fmd_000552,/content/cossdf_work/datasets/fmd/image/paper/paper_object_003_new.jpg,paper,,,,,,,fmd,5,True,a751bcfdb4f12abfa33f1d7664b7259b0e38d376aabcf0d4669e318b19bc686b,f68de0d1a58b5a29
fmd_000553,/content/cossdf_work/datasets/fmd/image/paper/paper_object_004_new.jpg,paper,,,,,,,fmd,5,True,5132bca02a25b8fd30c35625e63df15ab09866a905e2951f8d08c5873fb5166f,d24b49f3899631f8
fmd_000554,/content/cossdf_work/datasets/fmd/image/paper/paper_object_005_new.jpg,paper,,,,,,,fmd,5,True,74cbacf2592b916630d12091e9403cd387aaca90a6f161ad8015ec4d15e87898,b94a1e46caf8ba19
fmd_000555,/content/cossdf_work/datasets/fmd/image/paper/paper_object_006_new.jpg,paper,,,,,,,fmd,5,True,65e191d37faca9ee18fb3c2127308232a5d1f5fc55358df42d09182b815339b6,eec0b443937b9869
fmd_000556,/content/cossdf_work/datasets/fmd/image/paper/paper_object_007_new.jpg,paper,,,,,,,fmd,5,True,9eeb9009a3369c5dc2a188473aaeb8b11ad3ab162ad94a9a50b0961c5e0b0a4f,96048daf57fa9892
fmd_000557,/content/cossdf_work/datasets/fmd/image/paper/paper_object_008_new.jpg,paper,,,,,,,fmd,5,True,426976276d03252a01025b01bbe9e83ffcf94308a8de98e34ddc6f0e38cddf5a,948a6399575d5555
fmd_000558,/content/cossdf_work/datasets/fmd/image/paper/paper_object_009_new.jpg,paper,,,,,,,fmd,5,True,ba79e1ceca2b91e0e3bcb64fddf35b8fc8ab6176d6359c4774f7b87fe47afb8c,919f4260690f3f3d
fmd_000559,/content/cossdf_work/datasets/fmd/image/paper/paper_object_010_new.jpg,paper,,,,,,,fmd,5,True,296e49be0645c2925de12258f066e39dfe47cce29bdf037dbc7bc429fd69135a,afc3d21c999c8791
fmd_000560,/content/cossdf_work/datasets/fmd/image/paper/paper_object_011_new.jpg,paper,,,,,,,fmd,5,True,c24f0db04c13eda24603ffd21fd2aa9e0515a51c78e42b633b0d7a0dd6e8550b,d9e36ab52506bcb0
fmd_000561,/content/cossdf_work/datasets/fmd/image/paper/paper_object_012_new.jpg,paper,,,,,,,fmd,5,True,cc63a2314e7cb65e30315f49734c55cbde069ce956ae95709b7a971b7c97fd46,f4c44a9a6b39ad25
fmd_000562,/content/cossdf_work/datasets/fmd/image/paper/paper_object_013_new.jpg,paper,,,,,,,fmd,5,True,2c911aa391afc6c75fbf0848496b7ad8b5df864866b9a6aa0a6db3db83722be0,e68c799358956987
fmd_000563,/content/cossdf_work/datasets/fmd/image/paper/paper_object_014_new.jpg,paper,,,,,,,fmd,5,True,9ef8726e24be9b1a96ee84b4320d07ffddd080008e4a400fec1f55dbbe501d3a,c35bbf1370e04b1c
fmd_000564,/content/cossdf_work/datasets/fmd/image/paper/paper_object_015_new.jpg,paper,,,,,,,fmd,5,True,47cba042afa789a9c75102a7bec0ba58c23a1666f7f00e1aca0c82403ebec8cb,b3e67ce8311c1a2d
fmd_000565,/content/cossdf_work/datasets/fmd/image/paper/paper_object_016_new.jpg,paper,,,,,,,fmd,5,True,4f52d0f6d811315e3fbef2fe89c922f0e42267e50e036c21babb02d852c05064,ee49928c3be0cd56
fmd_000566,/content/cossdf_work/datasets/fmd/image/paper/paper_object_017_new.jpg,paper,,,,,,,fmd,5,True,300a9062a6c5de2a8d7650afbf9aff00729f6d920c2f8b5d1d32c21626fd7dcd,b28bdaaba5b41748
fmd_000567,/content/cossdf_work/datasets/fmd/image/paper/paper_object_018_new.jpg,paper,,,,,,,fmd,5,True,d6ff418e922551b7cce2ca2331f17a9a0d21aff0afc2406117b7c5621339c76b,9ec1735a682dcd4c
fmd_000568,/content/cossdf_work/datasets/fmd/image/paper/paper_object_019_new.jpg,paper,,,,,,,fmd,5,True,514722a9e1d5225c08a450a0ef6bded0c10a5ccde4553245477cd692a970cab3,944e1d955af24b3c
fmd_000569,/content/cossdf_work/datasets/fmd/image/paper/paper_object_020_new.jpg,paper,,,,,,,fmd,5,True,7e9f9524d0a4d4ec3328de1c412a565d32c0fc3dbed9a5f0faf7c03f6d2ae086,f7ccd308f3580ce4
fmd_000570,/content/cossdf_work/datasets/fmd/image/paper/paper_object_021_new.jpg,paper,,,,,,,fmd,5,True,9adcec5a32ebe4406c77fb1b37ced88155b59b3ebfdb4b038960a0b20390b60b,98b36d1e6cccb292
fmd_000571,/content/cossdf_work/datasets/fmd/image/paper/paper_object_022_new.jpg,paper,,,,,,,fmd,5,True,d3d4722cf547d2f00460176f870914e9a43a940b8e57ad61e72bcf4a4a3146e3,cd9632306d69cdc9
fmd_000572,/content/cossdf_work/datasets/fmd/image/paper/paper_object_023_new.jpg,paper,,,,,,,fmd,5,True,0f433179e39cd5600720ab70c0d4074efac24f06837148cbc98c23c97ec3b1c5,9158169c5f27e1da
fmd_000573,/content/cossdf_work/datasets/fmd/image/paper/paper_object_024_new.jpg,paper,,,,,,,fmd,5,True,2dda8d261437ace730d3167f54b1d002297346cb7ce4e09b17dd2a772aedcb9a,d83cbdd0593535c2
fmd_000574,/content/cossdf_work/datasets/fmd/image/paper/paper_object_025_new.jpg,paper,,,,,,,fmd,5,True,1d6b141e802685678519b771cf2966b098a2a6d5c7c6a840b2848d08d7af3f9e,e91e8d539fb95009
fmd_000575,/content/cossdf_work/datasets/fmd/image/paper/paper_object_026_new.jpg,paper,,,,,,,fmd,5,True,5abe5e31961892d8b7424f77fa81dcad513404c935ce67857966a25ce4772a0f,83c161ce9e33b999
fmd_000576,/content/cossdf_work/datasets/fmd/image/paper/paper_object_027_new.jpg,paper,,,,,,,fmd,5,True,9c86f4a299704cb637bf1077475df337f63e3acb17b16e2cf0e73599fe090238,e5c11dc9368bc93c
fmd_000577,/content/cossdf_work/datasets/fmd/image/paper/paper_object_028_new.jpg,paper,,,,,,,fmd,5,True,7adf9c2c6e444baba3dee68a8ea1f6243377c67dfb6c08dd55b42dd46aaff0b0,828e2bd9f5273964
fmd_000578,/content/cossdf_work/datasets/fmd/image/paper/paper_object_029_new.jpg,paper,,,,,,,fmd,5,True,24d7a09338fafdb3b2a33d07fd0cad04aa25728eda7da5b461e775230f06c53e,88a3739a3535daaa
fmd_000579,/content/cossdf_work/datasets/fmd/image/paper/paper_object_030_new.jpg,paper,,,,,,,fmd,5,True,f66f2d0575a2512ff56b0b604867b7c857fd323b5af34a4394d2bbd5f8ab0420,9ac93d1a61396573
fmd_000580,/content/cossdf_work/datasets/fmd/image/paper/paper_object_031_new.jpg,paper,,,,,,,fmd,5,True,bcc481cf4d0c4df064b3f0731bd1028fe75ee0b0d5ff7b5c7383288a22ebf5db,c6312dc43ccb7a9c
fmd_000581,/content/cossdf_work/datasets/fmd/image/paper/paper_object_032_new.jpg,paper,,,,,,,fmd,5,True,e1373ef4b332a7d8f623b6bf5c0afdf0ad83a83043aac8bbe50e7e33c17a3edd,c4092c396973f373
fmd_000582,/content/cossdf_work/datasets/fmd/image/paper/paper_object_033_new.jpg,paper,,,,,,,fmd,5,True,b5dc46cba43ecf38ef72d0705fd9763d428a5ad6c47505277c47283fbfdcdcaa,ad86d0dbe1d83398
fmd_000583,/content/cossdf_work/datasets/fmd/image/paper/paper_object_034_new.jpg,paper,,,,,,,fmd,5,True,e00e23513cf610796a845ce63f06771da034b3572078b4b995cbff1ae65e1577,eeb490cf470aa54b
fmd_000584,/content/cossdf_work/datasets/fmd/image/paper/paper_object_035_new.jpg,paper,,,,,,,fmd,5,True,59c77b9ee2dbd096c5ae4a96c5dae13bb77530e8b09cb90da69f67a90a1f0520,95c86c8da63716e3
fmd_000585,/content/cossdf_work/datasets/fmd/image/paper/paper_object_036_new.jpg,paper,,,,,,,fmd,5,True,a404855d2adaabf2ef30e0e3b9d65bb1874d256ba23fb8a08d310786afd1962f,cc16f04b2efc43ac
fmd_000586,/content/cossdf_work/datasets/fmd/image/paper/paper_object_037_new.jpg,paper,,,,,,,fmd,5,True,a1b5eb9cc9ddba328a3f1d1d930139d2eed0d898d4ff0674158316db0237f0d7,c58716c93736c9e8
fmd_000587,/content/cossdf_work/datasets/fmd/image/paper/paper_object_038_new.jpg,paper,,,,,,,fmd,5,True,ee41e4df7d50856d21f50ecc42a0e9ee071fd8fb1773a63f3b167925bb966ee9,8bad75f4f014b0a6
fmd_000588,/content/cossdf_work/datasets/fmd/image/paper/paper_object_039_new.jpg,paper,,,,,,,fmd,5,True,a7bae15d71c28369fa823765469baf0e6fa10cff44542adc7de99f28fa714129,ece59292a2a3b38d
fmd_000589,/content/cossdf_work/datasets/fmd/image/paper/paper_object_040_new.jpg,paper,,,,,,,fmd,5,True,4b5997f2511efe75f22a977ea031f21dce08a549dab11be34161957f0c1f8483,903739d23d0b72b5
fmd_000590,/content/cossdf_work/datasets/fmd/image/paper/paper_object_041_new.jpg,paper,,,,,,,fmd,5,True,46180de6d6f3982fd16a0c606be069a151901087483e7edbe58ed2906cf29570,b416ed49d34cd362
fmd_000591,/content/cossdf_work/datasets/fmd/image/paper/paper_object_042_new.jpg,paper,,,,,,,fmd,5,True,dd250fcbe8edb3ad7f380b897496d60cffbcc61acd6ef0da647d431777743ba4,8e399cc668b864f3
fmd_000592,/content/cossdf_work/datasets/fmd/image/paper/paper_object_043_new.jpg,paper,,,,,,,fmd,5,True,cc7fb32bd15f43c3bcbf602664c61d9bfe268262ea23e33eceb0646eeaa62a19,ebcc8d34e43694d2
fmd_000593,/content/cossdf_work/datasets/fmd/image/paper/paper_object_044_new.jpg,paper,,,,,,,fmd,5,True,83e61ad2dbb06e67855828f2960df472f9b4075c898f1d2d0b22a31f13239bfc,da5e342cb83a2c9e
fmd_000594,/content/cossdf_work/datasets/fmd/image/paper/paper_object_045_new.jpg,paper,,,,,,,fmd,5,True,1084b7b87107ed5b37b13a74a4f5e981a2f45a487c89cc2990304b9c83df8fb0,b7c8c7111d7b1c46
fmd_000595,/content/cossdf_work/datasets/fmd/image/paper/paper_object_046_new.jpg,paper,,,,,,,fmd,5,True,941b64b98978e6faff0bda4eb8ac255f5adf58cfa7533556ec79700cb1783414,97bb70bfd8490622
fmd_000596,/content/cossdf_work/datasets/fmd/image/paper/paper_object_047_new.jpg,paper,,,,,,,fmd,5,True,49c8b471250a01ae28fc2c7848b6f300e252a69ff0f599303b176fe5b40d368c,d2260e19ec957bb2
fmd_000597,/content/cossdf_work/datasets/fmd/image/paper/paper_object_048_new.jpg,paper,,,,,,,fmd,5,True,b9285b637b8373643fbf98441489785e860e2d51b3226a10117f907390cd792e,9091d2eb1cd0bdec
fmd_000598,/content/cossdf_work/datasets/fmd/image/paper/paper_object_049_new.jpg,paper,,,,,,,fmd,5,True,e09b168082237b7a4b3cdef56d7b11d5eecdbf7b14f9c16ec2b960018d713f74,d5870e233bdc7252
fmd_000599,/content/cossdf_work/datasets/fmd/image/paper/paper_object_050_new.jpg,paper,,,,,,,fmd,5,True,598769cf54fe359ecbcebd4a7efc1d35278f87c0e60cc989cab3bba02734d9e1,9bd65249e5caa325
fmd_000600,/content/cossdf_work/datasets/fmd/image/plastic/plastic_moderate_001_new.jpg,plastic,,,,,,,fmd,6,True,201770c845e967df1d39be22510e5761a1f436c48c6f60109a017acdc8bac73f,80817f879e9e453b
fmd_000601,/content/cossdf_work/datasets/fmd/image/plastic/plastic_moderate_002_new.jpg,plastic,,,,,,,fmd,6,True,6d9a87699faa9e84f1199e0cac1c2073a27a70e6c70b63d489f47b2ef5c361eb,a598dac6862ccd67
fmd_000602,/content/cossdf_work/datasets/fmd/image/plastic/plastic_moderate_003_new.jpg,plastic,,,,,,,fmd,6,True,16606ac2162484b0544d8ccda3082ff9510e3d1f8f5b943de3de1976b08a0f2f,d7fa1ac9698c6438
fmd_000603,/content/cossdf_work/datasets/fmd/image/plastic/plastic_moderate_004_new.jpg,plastic,,,,,,,fmd,6,True,06a92c79cc32ed965651a0c498ea00d63f5c50bd6979e5225c7daaed6dd69a68,99c8f20ecb60c96f
fmd_000604,/content/cossdf_work/datasets/fmd/image/plastic/plastic_moderate_005_new.jpg,plastic,,,,,,,fmd,6,True,b152ad056e8d4fad356e6461899b3c678dc37d3357b266bc1eab13f7843fb07f,e8edce4a685cc4b8
fmd_000605,/content/cossdf_work/datasets/fmd/image/plastic/plastic_moderate_006_new.jpg,plastic,,,,,,,fmd,6,True,a319f2b82541f7cc65a6af15a8326fd7e51ff99dd9c969f42ef01cfbdf8e4f7c,8d8c649aa5c57a37
fmd_000606,/content/cossdf_work/datasets/fmd/image/plastic/plastic_moderate_007_new.jpg,plastic,,,,,,,fmd,6,True,71104243df3c079f38abfac2c6c8735c715ed66795771afe6a04ff6e2649fd4e,9b13f119cec81973
fmd_000607,/content/cossdf_work/datasets/fmd/image/plastic/plastic_moderate_008_new.jpg,plastic,,,,,,,fmd,6,True,4ea7ccffa98703db49e0a0db63f1ef7a07a71b45eae068e60b3049c1702291e8,8f69e4c79e8c41a9
fmd_000608,/content/cossdf_work/datasets/fmd/image/plastic/plastic_moderate_009_new.jpg,plastic,,,,,,,fmd,6,True,be5c379be612080769f805aa5908fd5550abb1e5a3e87ea22f18a4a6cb411536,ec3c96e13177c9c0
fmd_000609,/content/cossdf_work/datasets/fmd/image/plastic/plastic_moderate_010_new.jpg,plastic,,,,,,,fmd,6,True,7605499206a76ab5796ac78473cb8336eee714c78b62fd82676d95b166b08d8e,c039db26a02bb5f3
fmd_000610,/content/cossdf_work/datasets/fmd/image/plastic/plastic_moderate_011_new.jpg,plastic,,,,,,,fmd,6,True,9b3641ab629116670c7fd8c4f935b621f727328c5d18a05e8d129010e0cf8d58,c0803f153f3f2b55
fmd_000611,/content/cossdf_work/datasets/fmd/image/plastic/plastic_moderate_012_new.jpg,plastic,,,,,,,fmd,6,True,180d7fc661a81e2c5ec57eb322c05e10605f753ce711fc095f631476a2ea8ef2,a22a4a96961f23fb
fmd_000612,/content/cossdf_work/datasets/fmd/image/plastic/plastic_moderate_013_new.jpg,plastic,,,,,,,fmd,6,True,97af5794e59a5133324c56fcc1b7fba26a8391ec583b2b76d6ff8b5109b983c9,d0abb5e2f911b81c
fmd_000613,/content/cossdf_work/datasets/fmd/image/plastic/plastic_moderate_014_new.jpg,plastic,,,,,,,fmd,6,True,9130ee4f67c990e41198b636001bad5367bf7ff37b49e699dd4c5e6f1b92dd5f,e31db1f0a71a8659
fmd_000614,/content/cossdf_work/datasets/fmd/image/plastic/plastic_moderate_015_new.jpg,plastic,,,,,,,fmd,6,True,a2ce822c9afeb81e425e79438163dd11512b3b0eea2cc1b5f3e9ce398ff1695e,c19f9e638c86bd42
fmd_000615,/content/cossdf_work/datasets/fmd/image/plastic/plastic_moderate_016_new.jpg,plastic,,,,,,,fmd,6,True,c28b4a5c32f56cb19392dabc32be63dba8172a37f34bc752eb773608cd235740,d4cb0570c33c1f67
fmd_000616,/content/cossdf_work/datasets/fmd/image/plastic/plastic_moderate_017_new.jpg,plastic,,,,,,,fmd,6,True,24aade4fe9f1617391df1dcf85e374061fe98baa7cfa7eef0a74f6a544979256,ca2527b7e9e4c14c
fmd_000617,/content/cossdf_work/datasets/fmd/image/plastic/plastic_moderate_018_new.jpg,plastic,,,,,,,fmd,6,True,5a1c850a6004f3267439dc9675d19b4ebe9bc0db0430b80e2615b6dbefb2c884,a9b81e9cf9d17a10
fmd_000618,/content/cossdf_work/datasets/fmd/image/plastic/plastic_moderate_019_new.jpg,plastic,,,,,,,fmd,6,True,3b03d4ff0a6685773dcca3cd42a6ce1adc3b0668e4b5ab4923f2866e2f51606f,dae666cd66329232
fmd_000619,/content/cossdf_work/datasets/fmd/image/plastic/plastic_moderate_020_new.jpg,plastic,,,,,,,fmd,6,True,48e0e0b3cd7d0976ca5147e86e6e1c6b40954e1bc235c75b224fc9b0d2a42641,87d72f030f03e8ab
fmd_000620,/content/cossdf_work/datasets/fmd/image/plastic/plastic_moderate_021_new.jpg,plastic,,,,,,,fmd,6,True,84425d59780cb1a53b3afdc5fc6d3c9740e7632db06d880998f531a2ec9983c6,f6a58b17867183e8
fmd_000621,/content/cossdf_work/datasets/fmd/image/plastic/plastic_moderate_022_new.jpg,plastic,,,,,,,fmd,6,True,557ea0b4cfbcb164c158fb84314b9a01d7805fe42f8a2c3e7694f205239635db,a68d1cc61ecab731
fmd_000622,/content/cossdf_work/datasets/fmd/image/plastic/plastic_moderate_023_new.jpg,plastic,,,,,,,fmd,6,True,829b6f7180ad211752f203df72e7c4046e4259fd12dafa91493ef37f81fcb4ec,e04111d163fb3bda
fmd_000623,/content/cossdf_work/datasets/fmd/image/plastic/plastic_moderate_024_new.jpg,plastic,,,,,,,fmd,6,True,a00faf4afbef3aa89b648cce13aed88d468c8453670d628a06e5156408243ea3,a50a53b6c9b58fa1
fmd_000624,/content/cossdf_work/datasets/fmd/image/plastic/plastic_moderate_025_new.jpg,plastic,,,,,,,fmd,6,True,39dd255a4e79bbf8d40a7b6c2642646dc16abb9b84d0f00513ebeb09a85e5b81,e731d4e759987821
fmd_000625,/content/cossdf_work/datasets/fmd/image/plastic/plastic_moderate_026_new.jpg,plastic,,,,,,,fmd,6,True,0fb31103553d898c5ed3bebff56d8b37d91847853d685d64d4867530e7b96e68,dd417e542a55ac95
fmd_000626,/content/cossdf_work/datasets/fmd/image/plastic/plastic_moderate_027_new.jpg,plastic,,,,,,,fmd,6,True,1b0c27c492cd0b5bbcaf408abf13e121ba59e80897302ac262b6b74a22d48072,d0eb45dd06d91699
fmd_000627,/content/cossdf_work/datasets/fmd/image/plastic/plastic_moderate_028_new.jpg,plastic,,,,,,,fmd,6,True,a75e69b3b4dde5500adfd22063f8c094a708b1665880923ba7a2f756b503039b,dc079535c59d28b3
fmd_000628,/content/cossdf_work/datasets/fmd/image/plastic/plastic_moderate_029_new.jpg,plastic,,,,,,,fmd,6,True,f1d8cb82ce3810801be56f7b332cd6f5cd26180d9f94866479e0657139c15829,a9fab6a19ae91832
fmd_000629,/content/cossdf_work/datasets/fmd/image/plastic/plastic_moderate_030_new.jpg,plastic,,,,,,,fmd,6,True,ae0c3adc00c3ae1945f66fcb5ef421659e6d936d54a1d1b2ce7e28eed6f23743,cc12666f3696cc4e
fmd_000630,/content/cossdf_work/datasets/fmd/image/plastic/plastic_moderate_031_new.jpg,plastic,,,,,,,fmd,6,True,fc5fa7b88709ad93c2d656538908b20b3d5bebc189d683e096c795bd60fcdf3d,d2d59724b176460f
fmd_000631,/content/cossdf_work/datasets/fmd/image/plastic/plastic_moderate_032_new.jpg,plastic,,,,,,,fmd,6,True,18456c0321f3a3739355d78d05f1c227d726f1e7721a7da8ce3af824bd692a1e,df556e5c286cb038
fmd_000632,/content/cossdf_work/datasets/fmd/image/plastic/plastic_moderate_033_new.jpg,plastic,,,,,,,fmd,6,True,3b4b7b4494710ff1e28cb7dfba29f5d4e4c59db8520386fe58efb86fe39e9e19,c6c0b94fb14c87ad
fmd_000633,/content/cossdf_work/datasets/fmd/image/plastic/plastic_moderate_034_new.jpg,plastic,,,,,,,fmd,6,True,47a6783f458bd77a51e9e2f466a748c25ff44707d66a3dd283d1559bfe74122b,ffdcf8c0e0e1a111
fmd_000634,/content/cossdf_work/datasets/fmd/image/plastic/plastic_moderate_035_new.jpg,plastic,,,,,,,fmd,6,True,43548cb46f4338f6bd0e0e5025fb3d860ccc8d06d19838d31e89aebe69aa51f1,9b840edd24d4c5db
fmd_000635,/content/cossdf_work/datasets/fmd/image/plastic/plastic_moderate_036_new.jpg,plastic,,,,,,,fmd,6,True,76490dc44e81701f9d8ee616af5cb032fca025a7dcb15f9df32d891326a49f50,f02e49bb4bd22f50
fmd_000636,/content/cossdf_work/datasets/fmd/image/plastic/plastic_moderate_037_new.jpg,plastic,,,,,,,fmd,6,True,d72f480182acf8cd38596f3f2cbbd1f9f2168456ba41e5af5375c69a8beaa4c3,c2ba34d4ad95ada2
fmd_000637,/content/cossdf_work/datasets/fmd/image/plastic/plastic_moderate_038_new.jpg,plastic,,,,,,,fmd,6,True,74cda412463721ed7ebb2c7dd5926227c1683463796b3db36f261862ec9580c8,8fc73aaa5554aca1
fmd_000638,/content/cossdf_work/datasets/fmd/image/plastic/plastic_moderate_039_new.jpg,plastic,,,,,,,fmd,6,True,1d6fc30f62fa95dd602917e0c058c260464be2eee80fd282d6813aa4bb5d3826,c9596f4b5e563222
fmd_000639,/content/cossdf_work/datasets/fmd/image/plastic/plastic_moderate_040_new.jpg,plastic,,,,,,,fmd,6,True,36794617764a267a800578c4c1a227c29c8a8bf906e6b78f24d792d408295377,f38b8cb59866da60
fmd_000640,/content/cossdf_work/datasets/fmd/image/plastic/plastic_moderate_041_new.jpg,plastic,,,,,,,fmd,6,True,457024576cafce4e69c43246c1cf7a293b9418ac638faccf76d22f0848b4de79,a733f0a781d7521a
fmd_000641,/content/cossdf_work/datasets/fmd/image/plastic/plastic_moderate_042_new.jpg,plastic,,,,,,,fmd,6,True,7c38dab7ca623e5bf84c07a2b0ca92144fcc475871df1f93bb97814b751082c8,8168bc3eecb871c5
fmd_000642,/content/cossdf_work/datasets/fmd/image/plastic/plastic_moderate_043_new.jpg,plastic,,,,,,,fmd,6,True,a3ca92fcddbcbba7aef589ceb50fae1996045c95702e9bd417fb7a9418f2c4fe,badecd6419c12636
fmd_000643,/content/cossdf_work/datasets/fmd/image/plastic/plastic_moderate_044_new.jpg,plastic,,,,,,,fmd,6,True,7dd1b94e6bb2cba0ae684af416b87db2d3895e94c4ff9c7dd05a99b546c62297,f627498dc905e276
fmd_000644,/content/cossdf_work/datasets/fmd/image/plastic/plastic_moderate_045_new.jpg,plastic,,,,,,,fmd,6,True,bd5b9f80fe7de041f35d19e64dd4c3fbef8c9ad402897e1d3fb1dc702e98077c,cd8af4e083ee894e
fmd_000645,/content/cossdf_work/datasets/fmd/image/plastic/plastic_moderate_046_new.jpg,plastic,,,,,,,fmd,6,True,3fc4a8b5fb4fc4a5a6d555867c7cf79a78281d1f6fd78b5ababa1fdf8cf1ce9c,ca62d8d3876c39d1
fmd_000646,/content/cossdf_work/datasets/fmd/image/plastic/plastic_moderate_047_new.jpg,plastic,,,,,,,fmd,6,True,297b3739a5acacdf4bdf75df41c0c66b1492bc509e8ad79015d3605d902268a8,d5d5549d78346370
fmd_000647,/content/cossdf_work/datasets/fmd/image/plastic/plastic_moderate_048_new.jpg,plastic,,,,,,,fmd,6,True,de541b7ffaa360c3c04a8fefabb02b42bad6ea6709e8247939c54eb2860e57a3,bf81f648a2c98957
fmd_000648,/content/cossdf_work/datasets/fmd/image/plastic/plastic_moderate_049_new.jpg,plastic,,,,,,,fmd,6,True,5bfc1320b84a0b578042a9cea5349cf2036af5a304beb96cc3f7e8575348dc8f,db902d4dd035676a
fmd_000649,/content/cossdf_work/datasets/fmd/image/plastic/plastic_moderate_050_new.jpg,plastic,,,,,,,fmd,6,True,ae09e130bab92e769a3acd7edfa5b265987828d0f53dfed3e29b02d069346838,937231f14275c56b
fmd_000650,/content/cossdf_work/datasets/fmd/image/plastic/plastic_object_001_new.jpg,plastic,,,,,,,fmd,6,True,c5c85368c6dc24045dc3bed3a595c9f1777586bce64d47a5280854228023f3ff,dee369c866318633
fmd_000651,/content/cossdf_work/datasets/fmd/image/plastic/plastic_object_002_new.jpg,plastic,,,,,,,fmd,6,True,0d40c1172476e5cf7508bff034672fd248faaba25dbedd4af5fb3add7ef47f52,99fe63482b966c92
fmd_000652,/content/cossdf_work/datasets/fmd/image/plastic/plastic_object_003_new.jpg,plastic,,,,,,,fmd,6,True,7164881f7bb9ec832db86ec71dda49b2e1ceb9bed7102225132318a61973bf1a,870e7c00ff3f600f
fmd_000653,/content/cossdf_work/datasets/fmd/image/plastic/plastic_object_004_new.jpg,plastic,,,,,,,fmd,6,True,3dc7e9aec8a220253b17fc53fd07a99a6ff52740f50040481350984987bff08a,ffa3e8c080b09a9f
fmd_000654,/content/cossdf_work/datasets/fmd/image/plastic/plastic_object_005_new.jpg,plastic,,,,,,,fmd,6,True,6813a7b0570f64c3c435d8b84dd80c34fee6b626508beb62cbe0112ef436f9e7,91373a4143833f3f
fmd_000655,/content/cossdf_work/datasets/fmd/image/plastic/plastic_object_006_new.jpg,plastic,,,,,,,fmd,6,True,cbcbb512c014e51f1da0a6020c24e765c5fcf6ce6ac4b2b6b0b7b7dd4052b3bf,86c4602ba3279f5f
fmd_000656,/content/cossdf_work/datasets/fmd/image/plastic/plastic_object_007_new.jpg,plastic,,,,,,,fmd,6,True,311c98916dd935afb3e3b377550cf0236b79fa4809877af273e92fae79759fa9,a894fd1ae6da9360
fmd_000657,/content/cossdf_work/datasets/fmd/image/plastic/plastic_object_008_new.jpg,plastic,,,,,,,fmd,6,True,9b237df974ee7b38592e09a6876069c573be395fe62bdab85a134338c910be4c,c3b4c9796e6b68c0
fmd_000658,/content/cossdf_work/datasets/fmd/image/plastic/plastic_object_009_new.jpg,plastic,,,,,,,fmd,6,True,64cb4e169b37a598e6a4a11e3a608a6d495c685137acaec8f6e6b65b75f821dc,c0b749b7b106fa07
fmd_000659,/content/cossdf_work/datasets/fmd/image/plastic/plastic_object_010_new.jpg,plastic,,,,,,,fmd,6,True,b817e4dce46805fbcfe96781e00b6c9206a4dcbab606364c167fa05f147b96be,cd399346ac613373
fmd_000660,/content/cossdf_work/datasets/fmd/image/plastic/plastic_object_011_new.jpg,plastic,,,,,,,fmd,6,True,137497b24105a34685425bc1310f0d0fc412fcddaa7184878c635eee02eacc89,e0742d42386b739f
fmd_000661,/content/cossdf_work/datasets/fmd/image/plastic/plastic_object_012_new.jpg,plastic,,,,,,,fmd,6,True,228c82cb051971c7c9b134f8891f46a794fe27e35c24eb21862754a50da1a369,fe90dc5ca429d866
fmd_000662,/content/cossdf_work/datasets/fmd/image/plastic/plastic_object_013_new.jpg,plastic,,,,,,,fmd,6,True,912486903dacd7afc19c110524993e12385afe5d6a9dc01639df405d7eb040d9,9dbd92866d4c12d9
fmd_000663,/content/cossdf_work/datasets/fmd/image/plastic/plastic_object_014_new.jpg,plastic,,,,,,,fmd,6,True,6698db5beb08b080a3ec1f73b6e9d465daa8db48c037db8b90412e472184520b,827a71fe9e8920f8
fmd_000664,/content/cossdf_work/datasets/fmd/image/plastic/plastic_object_015_new.jpg,plastic,,,,,,,fmd,6,True,010008122db508664bd2d62776a416882760055a5adb7abea8ecbb67bbf3f10d,cfb4d026b3271978
fmd_000665,/content/cossdf_work/datasets/fmd/image/plastic/plastic_object_016_new.jpg,plastic,,,,,,,fmd,6,True,df91e6c362d485ee8de242d361b08a248d64cc6f15bf6234f94d63885c3a1309,ead72aef809909b8
fmd_000666,/content/cossdf_work/datasets/fmd/image/plastic/plastic_object_017_new.jpg,plastic,,,,,,,fmd,6,True,3e0cf5cc50ad67516acb4e5f029d8544f394803455dc5893c06781719d687d11,a1fa2867af352d21
fmd_000667,/content/cossdf_work/datasets/fmd/image/plastic/plastic_object_018_new.jpg,plastic,,,,,,,fmd,6,True,ea68033c3a7579e392c2516123a947a615f68029177b30a9e598e5b1139bcd87,fe3f80822b812f5b
fmd_000668,/content/cossdf_work/datasets/fmd/image/plastic/plastic_object_019_new.jpg,plastic,,,,,,,fmd,6,True,9445db3e818ec15f0bbe6e95b4caa74ea1aba24afe3b51f47489828e5a1d8c15,a00e54a5a95f96d7
fmd_000669,/content/cossdf_work/datasets/fmd/image/plastic/plastic_object_020_new.jpg,plastic,,,,,,,fmd,6,True,29e88a611dbce04af2464ecccff744546a2745bcf1a482be074789cfc8483410,e43abf174809fa07
fmd_000670,/content/cossdf_work/datasets/fmd/image/plastic/plastic_object_021_new.jpg,plastic,,,,,,,fmd,6,True,e3c2c99d189c40b5ac85165e21b0b82649b9df9ad757b32fb8dc1cf497c41bfc,e460529645b3ad9f
fmd_000671,/content/cossdf_work/datasets/fmd/image/plastic/plastic_object_022_new.jpg,plastic,,,,,,,fmd,6,True,6984c0ee036510ae10567c755cef29b07d468511107fb8434b8f0e9846ae7f1c,e193728a8a867e3d
fmd_000672,/content/cossdf_work/datasets/fmd/image/plastic/plastic_object_023_new.jpg,plastic,,,,,,,fmd,6,True,f4cc3bc99ec3db4b3dd88625dd604266aca41277fe850e6fc2f330bcd021b8f0,84dd413acf8d35f0
fmd_000673,/content/cossdf_work/datasets/fmd/image/plastic/plastic_object_024_new.jpg,plastic,,,,,,,fmd,6,True,e67f48034f74f03dab9d537b551964f3a9c57b3be26c23fe943f7001c67e1b49,bf31a39a43cb3c88
fmd_000674,/content/cossdf_work/datasets/fmd/image/plastic/plastic_object_025_new.jpg,plastic,,,,,,,fmd,6,True,42bd0a74b1160d112f0f396b022d3e81ee82616d0b49e91289c0f3d1a4c1c53e,84b7b435ebaa9246
fmd_000675,/content/cossdf_work/datasets/fmd/image/plastic/plastic_object_026_new.jpg,plastic,,,,,,,fmd,6,True,e01c18892abbdf8da16290df0992d18e18817386203dde08ef016680977cfc32,bdb57fd4a5c14009
fmd_000676,/content/cossdf_work/datasets/fmd/image/plastic/plastic_object_027_new.jpg,plastic,,,,,,,fmd,6,True,5be015707e8ddeffa8f6de9d002e7bf2435e1f24c9d8a5ccc1fa70b155e50a86,b9cd86b158c2963d
fmd_000677,/content/cossdf_work/datasets/fmd/image/plastic/plastic_object_028_new.jpg,plastic,,,,,,,fmd,6,True,8dbc6e4ff6834b2d70d150a299b348b69b5c2e13d00c684e8b84032627d99748,8ec5162a7da9936a
fmd_000678,/content/cossdf_work/datasets/fmd/image/plastic/plastic_object_029_new.jpg,plastic,,,,,,,fmd,6,True,2affcff42bb9261397bfc345f8eab4212d88e35fa3339e4ec16324db41a957e1,b3e3093c9c627369
fmd_000679,/content/cossdf_work/datasets/fmd/image/plastic/plastic_object_030_new.jpg,plastic,,,,,,,fmd,6,True,00a95dad51040d02ef1f073a0597b2196f360f73a1c887f1851321705a51e7ef,eeb5a08dc14a33ce
fmd_000680,/content/cossdf_work/datasets/fmd/image/plastic/plastic_object_031_new.jpg,plastic,,,,,,,fmd,6,True,0e455e1592e3d3b4e75481f4a9cef3f9ec96c0cd268a9f93a954649ab4b61146,91313d60953fe61e
fmd_000681,/content/cossdf_work/datasets/fmd/image/plastic/plastic_object_032_new.jpg,plastic,,,,,,,fmd,6,True,6b63e3456ddbe6507b8af72c8aa546c8167039483ee4711abdddf7a7af1372b6,d4b51ea62ad199c3
fmd_000682,/content/cossdf_work/datasets/fmd/image/plastic/plastic_object_033_new.jpg,plastic,,,,,,,fmd,6,True,46be8f22c99dca2081f6d7d4e6f4be0649a210bc06f43480b01dd503a1b650ed,ea0d7e0a47e26eb0
fmd_000683,/content/cossdf_work/datasets/fmd/image/plastic/plastic_object_034_new.jpg,plastic,,,,,,,fmd,6,True,f44905f692cda2272fe45cee3a2f426a6097a55efec716028876eebe60798304,a1a5e58b0b7ca1f8
fmd_000684,/content/cossdf_work/datasets/fmd/image/plastic/plastic_object_035_new.jpg,plastic,,,,,,,fmd,6,True,3e829a072e2e4d9334becb68e23030ad8dd19339b3b85bb9aa57a248314ace82,c904244ab5fd4b6f
fmd_000685,/content/cossdf_work/datasets/fmd/image/plastic/plastic_object_036_new.jpg,plastic,,,,,,,fmd,6,True,a5073c003c9687ad497bae3f8a3a0a4166de9992e06ce176510a18b5e2275948,d69467cce15929e8
fmd_000686,/content/cossdf_work/datasets/fmd/image/plastic/plastic_object_037_new.jpg,plastic,,,,,,,fmd,6,True,36a6070ad72ec6cf9a0f7e749f3f639e19a041e1c5a78fe6e947385d89cbd3c0,b89d53ec313b8784
fmd_000687,/content/cossdf_work/datasets/fmd/image/plastic/plastic_object_038_new.jpg,plastic,,,,,,,fmd,6,True,27abc22bb47e615b8300e07108e78eb0426de0de99a4ed93e7ae77662dcf0f94,ab81f7d0d96a222d
fmd_000688,/content/cossdf_work/datasets/fmd/image/plastic/plastic_object_039_new.jpg,plastic,,,,,,,fmd,6,True,225032878beda255183de8d08c0fcc5cc959a22f62415b8c4cff940e443e22bf,bd27e0d0f8f2e1c0
fmd_000689,/content/cossdf_work/datasets/fmd/image/plastic/plastic_object_040_new.jpg,plastic,,,,,,,fmd,6,True,1fcc1102c2b98809c032b6206c45f036733cc72b4e90c648ad5e0c73887847f8,bd8704b63c9e8dc4
fmd_000690,/content/cossdf_work/datasets/fmd/image/plastic/plastic_object_041_new.jpg,plastic,,,,,,,fmd,6,True,b1e704693aeb249b97872e74a722426d03cfed11fc54a3b49e2097a007cb1a39,85ef2f8496d2d2c2
fmd_000691,/content/cossdf_work/datasets/fmd/image/plastic/plastic_object_042_new.jpg,plastic,,,,,,,fmd,6,True,b343e66add041654b7b0aeaf5e206b77286da3174dc681cfb76c0edb3a52a1ff,a6f238c3383dc32d
fmd_000692,/content/cossdf_work/datasets/fmd/image/plastic/plastic_object_043_new.jpg,plastic,,,,,,,fmd,6,True,599f7fc7d108e41059fdfcaf34cfc4eec2521b659f285c0468197e983ed6348a,b4054ff4b0e7155a
fmd_000693,/content/cossdf_work/datasets/fmd/image/plastic/plastic_object_044_new.jpg,plastic,,,,,,,fmd,6,True,9991f8a8c9a7a4100550cfb849115f789e7f051de2553804a8a81d2a69c3fe51,e0f15d142b55656b
fmd_000694,/content/cossdf_work/datasets/fmd/image/plastic/plastic_object_045_new.jpg,plastic,,,,,,,fmd,6,True,3ebb1737f16e8b0f44f3ec7ad5d3bb33d5ce65b175b65efae98b66f2cd031539,d2e56cd292d1839d
fmd_000695,/content/cossdf_work/datasets/fmd/image/plastic/plastic_object_046_new.jpg,plastic,,,,,,,fmd,6,True,fade978625c2d60335b5724e1003f07529b64dd01fc877b5b20e8cf6657cd158,ed0ab2362175e569
fmd_000696,/content/cossdf_work/datasets/fmd/image/plastic/plastic_object_047_new.jpg,plastic,,,,,,,fmd,6,True,c4cfedb4b86625960c74e5b7592b0536e90209aeeadfe8ae83fc3e91f1255fc8,bc3c9f3218e37149
fmd_000697,/content/cossdf_work/datasets/fmd/image/plastic/plastic_object_048_new.jpg,plastic,,,,,,,fmd,6,True,bddfbfa60d2ab0e6669c2b26fd0f11682ac122d037b8cebec5827056f70b1627,fa36a1b013d38eca
fmd_000698,/content/cossdf_work/datasets/fmd/image/plastic/plastic_object_049_new.jpg,plastic,,,,,,,fmd,6,True,7f92ab22fd24d6ec4c234834243bb22913708f9babd0e2156765ba8d68e7581a,955a4ba5f45783c2
fmd_000699,/content/cossdf_work/datasets/fmd/image/plastic/plastic_object_050_new.jpg,plastic,,,,,,,fmd,6,True,796892c2e49baa3736a04d16d01c6c4a98d52c7cc00f0b6db5ab710c784562f5,d93b36e20c6c79c4
fmd_000700,/content/cossdf_work/datasets/fmd/image/stone/stone_moderate_001_new.jpg,stone,,,,,,,fmd,7,True,55470a2007137ecd22467dfd501e673b8a6c7dd5a0a1da317e8c4b335a5706d4,f0980de207fbc70e
fmd_000701,/content/cossdf_work/datasets/fmd/image/stone/stone_moderate_002_new.jpg,stone,,,,,,,fmd,7,True,a32e1925defcdf3dd053588b17225972867d2b073e341ade9a975c282a184a1e,9acc24e2e41bafc6
fmd_000702,/content/cossdf_work/datasets/fmd/image/stone/stone_moderate_003_new.jpg,stone,,,,,,,fmd,7,True,879b51c9f14fe06e4738f318dcb6a1ab851d328458d00c85ad843105313b4864,d4c6eaab02ee194e
fmd_000703,/content/cossdf_work/datasets/fmd/image/stone/stone_moderate_004_new.jpg,stone,,,,,,,fmd,7,True,d290e0ec68f5378cb3bfbf03ab10d73db9a987e64098f94010e07ef4d07dea63,c996c6e0d7c078c7
fmd_000704,/content/cossdf_work/datasets/fmd/image/stone/stone_moderate_005_new.jpg,stone,,,,,,,fmd,7,True,514c4713289db2225dd754063057defb080b4b0a693bfa65d5fa70421f97d666,bbc4d921774bd403
fmd_000705,/content/cossdf_work/datasets/fmd/image/stone/stone_moderate_006_new.jpg,stone,,,,,,,fmd,7,True,8b40b8c230075c2f387fa037c81ee0cdc660a88dbd95870774e9a1267596d98a,94d6d1d5061e6e6a
fmd_000706,/content/cossdf_work/datasets/fmd/image/stone/stone_moderate_007_new.jpg,stone,,,,,,,fmd,7,True,9585997847fb3ef018ca8f2dccf5dbcf93b3e024b276482d84ceebfda04a1b6d,f5f2c08787745686
fmd_000707,/content/cossdf_work/datasets/fmd/image/stone/stone_moderate_008_new.jpg,stone,,,,,,,fmd,7,True,039ca9599350df107afdbc9fdccabbff9151d036c7b1b42c19c0f994f6f2a430,c79927460f26383f
fmd_000708,/content/cossdf_work/datasets/fmd/image/stone/stone_moderate_009_new.jpg,stone,,,,,,,fmd,7,True,30b6be0551cdec7cefcdc38c7051d89fe2b6e1971053d1278b988dfbca8e05de,eb08373c4639939e
fmd_000709,/content/cossdf_work/datasets/fmd/image/stone/stone_moderate_010_new.jpg,stone,,,,,,,fmd,7,True,3b8c98ba39cadd080f02d7fe7287187cc8fd3eb7fff2b6d28f799bc912851cf9,8a8652d14f6959db
fmd_000710,/content/cossdf_work/datasets/fmd/image/stone/stone_moderate_011_new.jpg,stone,,,,,,,fmd,7,True,fbecea38669805416998b8e54fbdd937b25c53c95d4b8ee3d9011f9b1707d7d7,ff94512cbb22ad22
fmd_000711,/content/cossdf_work/datasets/fmd/image/stone/stone_moderate_012_new.jpg,stone,,,,,,,fmd,7,True,925dc26c666b23569f6ac9a0fd60e77b96dccd98a05258ecaecd1dc78e59fc9d,b009e71947b834fd
fmd_000712,/content/cossdf_work/datasets/fmd/image/stone/stone_moderate_013_new.jpg,stone,,,,,,,fmd,7,True,3e716564b2184e8efc3317b01f5ce1ec2a5e501d6417514f072b60fd552be596,958a5a6f6e9a3921
fmd_000713,/content/cossdf_work/datasets/fmd/image/stone/stone_moderate_014_new.jpg,stone,,,,,,,fmd,7,True,c0a177bf3bad5fbf9206459fc116513886e8c8da927bbb531f8e82dc281f456a,b5dac80f4734e534
fmd_000714,/content/cossdf_work/datasets/fmd/image/stone/stone_moderate_015_new.jpg,stone,,,,,,,fmd,7,True,21e7845719079cf0c99bac3548cfd1d3ea0853bc73e29262c150708a38008275,f8b6f4c3ca028d55
fmd_000715,/content/cossdf_work/datasets/fmd/image/stone/stone_moderate_016_new.jpg,stone,,,,,,,fmd,7,True,435c3eb56aa35bd821001fd52595a65a094ee693272ac9993471f0cdd6971910,f289666c6236b596
fmd_000716,/content/cossdf_work/datasets/fmd/image/stone/stone_moderate_017_new.jpg,stone,,,,,,,fmd,7,True,71e4f404c822686d82f7b60910e457264d351d92dc8e2bdd8b73938b9a86f15f,f4620ab39d591ef0
fmd_000717,/content/cossdf_work/datasets/fmd/image/stone/stone_moderate_018_new.jpg,stone,,,,,,,fmd,7,True,e436b81a79080dc088caa336b01a9cff52b143e09e0060f6c3c8cf2dbd35ebf8,ad6a40d494d57579
fmd_000718,/content/cossdf_work/datasets/fmd/image/stone/stone_moderate_019_new.jpg,stone,,,,,,,fmd,7,True,ff129e32b17f5139a453088c0161a26f4628524751a0ae006dbe2c4a0f2807a2,9d3a9d8c47635391
fmd_000719,/content/cossdf_work/datasets/fmd/image/stone/stone_moderate_020_new.jpg,stone,,,,,,,fmd,7,True,c52f1791dfb2faa00efbead37e7c0bed482ebdf10ddb4770dfea20309b56b81e,95aa06051cf93fe3
fmd_000720,/content/cossdf_work/datasets/fmd/image/stone/stone_moderate_021_new.jpg,stone,,,,,,,fmd,7,True,3db9ac43ef260ca108c69921cc91f32524e150bbb040fe929d78709cdf7e353c,918aa0755e2ba3ed
fmd_000721,/content/cossdf_work/datasets/fmd/image/stone/stone_moderate_022_new.jpg,stone,,,,,,,fmd,7,True,710c6a4bcdcb5b6f78000c0126c97f1fdf682cb4b6a6b086774dc9f7b372fe43,eb23c03c9ce63d86
fmd_000722,/content/cossdf_work/datasets/fmd/image/stone/stone_moderate_023_new.jpg,stone,,,,,,,fmd,7,True,d92338c259989908d9a20c870a4c0aa62a2206ef8512fc799ead192782020eeb,d3b4883b4e95b127
fmd_000723,/content/cossdf_work/datasets/fmd/image/stone/stone_moderate_024_new.jpg,stone,,,,,,,fmd,7,True,79afbf2fb5bae5f6d5cb2b8b036e36a10c167fc9bd89602097d32f4035ce84aa,96ebd0276899e2e1
fmd_000724,/content/cossdf_work/datasets/fmd/image/stone/stone_moderate_025_new.jpg,stone,,,,,,,fmd,7,True,140ce7a308589b885f039ba9e76a082c71d6b2d9003b583315aabdfc3b60b432,fec1215ef0650f70
fmd_000725,/content/cossdf_work/datasets/fmd/image/stone/stone_moderate_026_new.jpg,stone,,,,,,,fmd,7,True,9f4b2ce21270403db294d6de4f4f021bb1f43c7beead6f2ef08ec4b0cf62d724,df29208cc5b59e95
fmd_000726,/content/cossdf_work/datasets/fmd/image/stone/stone_moderate_027_new.jpg,stone,,,,,,,fmd,7,True,10999b317508c91a2d1239500d7f0cf6efdad80e39144b09a0ff87bf4c326146,976020bdd55f2a2d
fmd_000727,/content/cossdf_work/datasets/fmd/image/stone/stone_moderate_028_new.jpg,stone,,,,,,,fmd,7,True,7e5bb864ef7719ec2a3e5968f40b47499cb9361277861b9e5428d3ec79f9052a,d9525a2e2aca2f2b
fmd_000728,/content/cossdf_work/datasets/fmd/image/stone/stone_moderate_029_new.jpg,stone,,,,,,,fmd,7,True,d99c8032f54dd7253c9a6a45e94924386048e722644dd41a0da920860c751ed6,825a5b594a5a7b5a
fmd_000729,/content/cossdf_work/datasets/fmd/image/stone/stone_moderate_030_new.jpg,stone,,,,,,,fmd,7,True,34223317161d307d8ec0c7ad05a987115f43da8227a450273b81c8be3961e649,e335984ca653999d
fmd_000730,/content/cossdf_work/datasets/fmd/image/stone/stone_moderate_031_new.jpg,stone,,,,,,,fmd,7,True,a4bd38d4e92480d62f85a6eaa0e581032219ef74b3b7304f86b82732613dbe69,c1341fcf0ca5a6e5
fmd_000731,/content/cossdf_work/datasets/fmd/image/stone/stone_moderate_032_new.jpg,stone,,,,,,,fmd,7,True,ace4e1c70d7672102eef830428bec117e65cd1a8caa52f4fc651a384f72cabf3,caa7239e4514ccbb
fmd_000732,/content/cossdf_work/datasets/fmd/image/stone/stone_moderate_033_new.jpg,stone,,,,,,,fmd,7,True,63662510a8f237765363afe97c0ca8ab742a399b272be2008daea3254fa85fc9,cd877053a61975d2
fmd_000733,/content/cossdf_work/datasets/fmd/image/stone/stone_moderate_034_new.jpg,stone,,,,,,,fmd,7,True,ce814efa76149c4ea1209aff1dc075ab7ccba4c3eb52ffd88904fabdc6b83c84,8398f539d70c18de
fmd_000734,/content/cossdf_work/datasets/fmd/image/stone/stone_moderate_035_new.jpg,stone,,,,,,,fmd,7,True,995e4ae19135b6072d14bc5306df2419ab604a671ce6a2391bf7ecb5b74a3ef2,ec30d1e9b5188f87
fmd_000735,/content/cossdf_work/datasets/fmd/image/stone/stone_moderate_036_new.jpg,stone,,,,,,,fmd,7,True,1f8f361d32d18a3a03483ae7b126c13bbe0c96dcb9c910a6fd7f11a77a720c13,ea85e321ec54e05f
fmd_000736,/content/cossdf_work/datasets/fmd/image/stone/stone_moderate_037_new.jpg,stone,,,,,,,fmd,7,True,5b3239962150882a91ac089816263adbfa998626f736e03b738756091eb5ed26,bac5631f980e462f
fmd_000737,/content/cossdf_work/datasets/fmd/image/stone/stone_moderate_038_new.jpg,stone,,,,,,,fmd,7,True,483959e1c8bd718191632a7aec582f2ac76c6abe248d7042c352d898c0c06a1c,fcc26999c3962c47
fmd_000738,/content/cossdf_work/datasets/fmd/image/stone/stone_moderate_039_new.jpg,stone,,,,,,,fmd,7,True,7170e43685de8b7842de949c1b461c784d50eacbbcb7efaa6ebcf29c0e36ef75,87a6e94ed92479c8
fmd_000739,/content/cossdf_work/datasets/fmd/image/stone/stone_moderate_040_new.jpg,stone,,,,,,,fmd,7,True,b623727977130601f164b1f484c3e84c799ff50a0e1cd4d14c5977f64707c850,e4d4356a861c7db4
fmd_000740,/content/cossdf_work/datasets/fmd/image/stone/stone_moderate_041_new.jpg,stone,,,,,,,fmd,7,True,270d48e4c0af25e8a8298dbaceb9aa376a7a4164c8a5824af012b025ff1f3c73,81c6d33b0ef4d329
fmd_000741,/content/cossdf_work/datasets/fmd/image/stone/stone_moderate_042_new.jpg,stone,,,,,,,fmd,7,True,8451da5391faed42208ec223839fa5a70d33c31fc1e19e0387e1fb1c3167e24d,83a3922d9da372d6
fmd_000742,/content/cossdf_work/datasets/fmd/image/stone/stone_moderate_043_new.jpg,stone,,,,,,,fmd,7,True,2f7492dbc8b2739af3080df8fa413a719469edaa583617592d936da22363a625,b4aca75dc6e8c4a1
fmd_000743,/content/cossdf_work/datasets/fmd/image/stone/stone_moderate_044_new.jpg,stone,,,,,,,fmd,7,True,35a146761f1ba99ee175c27a4f5ac6f99f2cb0be08bac3efc8f242dfc808a9fe,ae81f632d6100bfb
fmd_000744,/content/cossdf_work/datasets/fmd/image/stone/stone_moderate_045_new.jpg,stone,,,,,,,fmd,7,True,736f6687feb9f699b6749ff4f963d3b4440fe0659fa0dc6be5a21df34fba7c3b,cbb00e9b4d9648b7
fmd_000745,/content/cossdf_work/datasets/fmd/image/stone/stone_moderate_046_new.jpg,stone,,,,,,,fmd,7,True,e4045f43ecf4b353e9ecf148c9412ede18619954b4401ccf84befbffa7e89433,b9cee62588149d79
fmd_000746,/content/cossdf_work/datasets/fmd/image/stone/stone_moderate_047_new.jpg,stone,,,,,,,fmd,7,True,ef60ec632610e1ddc06f0a45d06a9b7e9724d94c262cb24dc7e9ff94f9064f12,cad3ec216db2641e
fmd_000747,/content/cossdf_work/datasets/fmd/image/stone/stone_moderate_048_new.jpg,stone,,,,,,,fmd,7,True,03c35e268d54f3cb04891a06475dfde444a024613cf41776cfa2011b3f51028d,ecb3c60eb1248d9b
fmd_000748,/content/cossdf_work/datasets/fmd/image/stone/stone_moderate_049_new.jpg,stone,,,,,,,fmd,7,True,93e31ce9a60e60679713b02267a7cedbf96b6fc7cde0c5357dc905841790c80f,e416939e714a0de7
fmd_000749,/content/cossdf_work/datasets/fmd/image/stone/stone_moderate_050_new.jpg,stone,,,,,,,fmd,7,True,2efe77dee7d0f2151b5619e57160253b6ad6bcc044c065e9f700531a1b8505c9,ff7665266e408631
fmd_000750,/content/cossdf_work/datasets/fmd/image/stone/stone_object_001_new.jpg,stone,,,,,,,fmd,7,True,8a7251b712e99586e662d4c4b537c8bf048a4b42d4e564187a5c81883abe13bf,e9e89d1740ca3d5a
fmd_000751,/content/cossdf_work/datasets/fmd/image/stone/stone_object_002_new.jpg,stone,,,,,,,fmd,7,True,a6018e94ecc370a981c9c7e937197cbb3b65034da3a0e62c11e0127d353381b2,eb13b458f3aa9071
fmd_000752,/content/cossdf_work/datasets/fmd/image/stone/stone_object_003_new.jpg,stone,,,,,,,fmd,7,True,6b6c89236da41085b9ac461b3c0ee0d0eb8adc9fc0e396d4f761ab9b35e48449,c2dd7193c5c76642
fmd_000753,/content/cossdf_work/datasets/fmd/image/stone/stone_object_004_new.jpg,stone,,,,,,,fmd,7,True,ac18f11dae0140b742ddff5c3fad703e4772e21b07a18a3fea9c09318855434d,a29511c5cfdcc7d0
fmd_000754,/content/cossdf_work/datasets/fmd/image/stone/stone_object_005_new.jpg,stone,,,,,,,fmd,7,True,8cf209c8f28979f7c13d671dd4c8ed468a6a9956b791f370bab2ef8e0c43195f,dbc0932b5a55c1d3
fmd_000755,/content/cossdf_work/datasets/fmd/image/stone/stone_object_006_new.jpg,stone,,,,,,,fmd,7,True,e0c4d5ee3f215c4ae4856c99fccaf71892945e03eb345cc76313530c0702a57a,d79768ca254d346c
fmd_000756,/content/cossdf_work/datasets/fmd/image/stone/stone_object_007_new.jpg,stone,,,,,,,fmd,7,True,8c5728c13e105bbc0c46dfddeee28f99a9d878c05e413dd15aab1e5fea2e3622,d22e615d98e2371d
fmd_000757,/content/cossdf_work/datasets/fmd/image/stone/stone_object_008_new.jpg,stone,,,,,,,fmd,7,True,3493331e278b7dab473347e4282265972b87dc0e07efc3275935b7546d4496ff,e98dd2b28658a3c7
fmd_000758,/content/cossdf_work/datasets/fmd/image/stone/stone_object_009_new.jpg,stone,,,,,,,fmd,7,True,f0d632d518d06e77b124f6fc1fd3a56c3a66516152b903be00db464344143184,c83eb5a4b591852f
fmd_000759,/content/cossdf_work/datasets/fmd/image/stone/stone_object_010_new.jpg,stone,,,,,,,fmd,7,True,d553923b180bb4b323e5aca0980c52dc79ce7746fe4f660a7f638aa9e6d3ed13,8b1c738a00a6edf7
fmd_000760,/content/cossdf_work/datasets/fmd/image/stone/stone_object_011_new.jpg,stone,,,,,,,fmd,7,True,3a47b30472a6af2dbeba177ac95e42be2fce39afa0a2c10c0eb163e14b7cba13,aae5a54fc71c509a
fmd_000761,/content/cossdf_work/datasets/fmd/image/stone/stone_object_012_new.jpg,stone,,,,,,,fmd,7,True,bf43fc6d2eb228d9a43eb57eb3df487c6b3d119f25abd410fb8b23d86ff06675,9cd8c53d86c330cf
fmd_000762,/content/cossdf_work/datasets/fmd/image/stone/stone_object_013_new.jpg,stone,,,,,,,fmd,7,True,ca09c3734bf8f23ce0996ac4cf29288965669b020cd8d9a67300f6d62601ebd1,9670383813d6cfcd
fmd_000763,/content/cossdf_work/datasets/fmd/image/stone/stone_object_014_new.jpg,stone,,,,,,,fmd,7,True,43b9fa83649042468098001c7e3a898ff07db25000f54f8c6669707db2aaa515,efd2e626e423990c
fmd_000764,/content/cossdf_work/datasets/fmd/image/stone/stone_object_015_new.jpg,stone,,,,,,,fmd,7,True,c1265fab27732bfc1e7dc32751cf76633700c1db6fd70dc5e59fd251153bd623,f1cbd2f0f9821698
fmd_000765,/content/cossdf_work/datasets/fmd/image/stone/stone_object_016_new.jpg,stone,,,,,,,fmd,7,True,f2a21673e3a189f2d51517b41417397f6450a702b757eb2469e8d1c8a6056194,dec6e4a7e4b4230a
fmd_000766,/content/cossdf_work/datasets/fmd/image/stone/stone_object_017_new.jpg,stone,,,,,,,fmd,7,True,4f2b2237b7cedf632f49829f582235e9eb6e500ccb6eb0adf2101144889297fa,fac4b127d65aa429
fmd_000767,/content/cossdf_work/datasets/fmd/image/stone/stone_object_018_new.jpg,stone,,,,,,,fmd,7,True,f8a3f76c44dbbcc3b70874cb7b66256bbcdfd77585af2ac2b0c2a5740ca33533,852a3c655c35edf0
fmd_000768,/content/cossdf_work/datasets/fmd/image/stone/stone_object_019_new.jpg,stone,,,,,,,fmd,7,True,4f1bde739f350529a6820002bb1d0e4e6a0f92e3c0622f609dc15174f5bc459e,d679f5026cc113f8
fmd_000769,/content/cossdf_work/datasets/fmd/image/stone/stone_object_020_new.jpg,stone,,,,,,,fmd,7,True,a8b05601ea2ee096ce175399889de44d8e1eaa91f02a0bfe838f5eb5815e1153,da3f2536e0c89ce8
fmd_000770,/content/cossdf_work/datasets/fmd/image/stone/stone_object_021_new.jpg,stone,,,,,,,fmd,7,True,4bc3a2328e3e69d944c9d3d5cabf3510ac1d56a6998e914c1fe6ed9974a2a3a4,e80eafd8b1b4d123
fmd_000771,/content/cossdf_work/datasets/fmd/image/stone/stone_object_022_new.jpg,stone,,,,,,,fmd,7,True,a2d788fabb3edbe8e45c5c0e5a1a617e3e9a18afbc3766456b511ca1c091efb0,94637aa91dcf601e
fmd_000772,/content/cossdf_work/datasets/fmd/image/stone/stone_object_023_new.jpg,stone,,,,,,,fmd,7,True,ba7dcd845d64edda7ac59f65f1ae0f6a32b7d605d284cc94750ff6706d2d6b0f,b3b498471d3a433b
fmd_000773,/content/cossdf_work/datasets/fmd/image/stone/stone_object_024_new.jpg,stone,,,,,,,fmd,7,True,2d2195f41e283f1b3e15715bd8f328c2642043be36a2c5368fb71e9c9e260958,dacd8ba5a1863b25
fmd_000774,/content/cossdf_work/datasets/fmd/image/stone/stone_object_025_new.jpg,stone,,,,,,,fmd,7,True,9fd3628833c741acbeb0e4c0349c6286a31d1ef494825136e3c87710623a3f46,e78c9333991e9863
fmd_000775,/content/cossdf_work/datasets/fmd/image/stone/stone_object_026_new.jpg,stone,,,,,,,fmd,7,True,52c5c68c353de54313b51678b609e77cfce84a65f9f92de68d0ec6d58b7bd4e6,af094e1c1db17137
fmd_000776,/content/cossdf_work/datasets/fmd/image/stone/stone_object_027_new.jpg,stone,,,,,,,fmd,7,True,a8c4941418b63a1e23f2071941f25dabe0dd79c1f816d9d594c54cec753a3d5b,d5aa8b5570972a55
fmd_000777,/content/cossdf_work/datasets/fmd/image/stone/stone_object_028_new.jpg,stone,,,,,,,fmd,7,True,1503f37b5fe99b2d0cba4f82204f79edc17fe270005ec4a14f12780596b87f40,a21c5e32fa2f892d
fmd_000778,/content/cossdf_work/datasets/fmd/image/stone/stone_object_029_new.jpg,stone,,,,,,,fmd,7,True,fca1fd7e495cb9096349cdf4b5010d3304c3eb25d110758ab264ea6fb6dbe812,c77360987921be9a
fmd_000779,/content/cossdf_work/datasets/fmd/image/stone/stone_object_030_new.jpg,stone,,,,,,,fmd,7,True,acaf2304741f2b473459b5725bed7541ecbb0c2621f776ba0c5372fd21b21ecb,cbf07be3ae341610
fmd_000780,/content/cossdf_work/datasets/fmd/image/stone/stone_object_031_new.jpg,stone,,,,,,,fmd,7,True,f79ffa78889b19e0f2271691fdbd1c8040b3096ad6e633db44784484c6699e0c,e9f295a046879a37
fmd_000781,/content/cossdf_work/datasets/fmd/image/stone/stone_object_032_new.jpg,stone,,,,,,,fmd,7,True,3c03a76ffa6067ce18d5768f95eb05a15fa3d5fac0727bb423704ed0e5948d0b,cd0f907fa4585cd2
fmd_000782,/content/cossdf_work/datasets/fmd/image/stone/stone_object_033_new.jpg,stone,,,,,,,fmd,7,True,70d501c90ce8cbbdc775b702ddca447b69124c12b3c2fb4db9fab9ed30bd9300,c1b7d8d396d49069
fmd_000783,/content/cossdf_work/datasets/fmd/image/stone/stone_object_034_new.jpg,stone,,,,,,,fmd,7,True,d64a5eb45bb6229833b90bdc36a9a549e05ffb4ae2c9739ff1fc30caf3103e26,fbe4961926d9242e
fmd_000784,/content/cossdf_work/datasets/fmd/image/stone/stone_object_035_new.jpg,stone,,,,,,,fmd,7,True,caf4a33544b10ad6c9d9255fff848023b2d34b6ed8a274940b282740225f1511,d2d5722b0a6b2cad
fmd_000785,/content/cossdf_work/datasets/fmd/image/stone/stone_object_036_new.jpg,stone,,,,,,,fmd,7,True,aecf7af18dc168f7d23565757522890cced412b2c8a6ec21c99dbe70ec23fd58,c3072a7db9d24e2c
fmd_000786,/content/cossdf_work/datasets/fmd/image/stone/stone_object_037_new.jpg,stone,,,,,,,fmd,7,True,d498142c3b898b0e7028289bed33da0fe0d620cef51982a9840e9a328a835c5a,ead4a0b185569f5a
fmd_000787,/content/cossdf_work/datasets/fmd/image/stone/stone_object_038_new.jpg,stone,,,,,,,fmd,7,True,23ed6ffc877a1b17678e4ae9688fa5674274964d246567bfdc080d3353142317,d0f278e0b0f0d5f1
fmd_000788,/content/cossdf_work/datasets/fmd/image/stone/stone_object_039_new.jpg,stone,,,,,,,fmd,7,True,d8f13302d3c856ba06c06be37d91c1a71b25bddea6bf272ec5d51b82b7ba0b3e,ab307287adeb2532
fmd_000789,/content/cossdf_work/datasets/fmd/image/stone/stone_object_040_new.jpg,stone,,,,,,,fmd,7,True,2cd0185d12b3126783bbc8267f8846f3f7edea8b872cc3c5a1d7cda8543fd011,bf57457a01405f6a
fmd_000790,/content/cossdf_work/datasets/fmd/image/stone/stone_object_041_new.jpg,stone,,,,,,,fmd,7,True,868e20a42785186112308df36ee1d41e85533734544a8ed09a4343bf75b4f7b8,bdf0cb6c93699430
fmd_000791,/content/cossdf_work/datasets/fmd/image/stone/stone_object_042_new.jpg,stone,,,,,,,fmd,7,True,33acb8d0bf95a0bf402e9aa9938a0c5ffc26f562a97cc1efad1c10087676bd42,b2d343e31167e744
fmd_000792,/content/cossdf_work/datasets/fmd/image/stone/stone_object_043_new.jpg,stone,,,,,,,fmd,7,True,4c29d9fa5cb8c506d6c571c0304d00ce251e000dbcb83f0a36dfbb6d1a44d794,87981bafa125a4e7
fmd_000793,/content/cossdf_work/datasets/fmd/image/stone/stone_object_044_new.jpg,stone,,,,,,,fmd,7,True,483599123faf4b4742bbb1ed76586c5a2376f4ebada05ad7da3fcde9ec1f87a0,ec85d412aa9f46cb
fmd_000794,/content/cossdf_work/datasets/fmd/image/stone/stone_object_045_new.jpg,stone,,,,,,,fmd,7,True,cddbb634a33a74a0484ea0c22dd1768c5db3010641add2deca9df9ad54759bea,d84c6d9ec7c14d62
fmd_000795,/content/cossdf_work/datasets/fmd/image/stone/stone_object_046_new.jpg,stone,,,,,,,fmd,7,True,23a6f9b1f9fd88a386ba2c2f7dafcce2ef00f5160256aabc47a9e3e7b18a104c,c0f913eec1ce0ec6
fmd_000796,/content/cossdf_work/datasets/fmd/image/stone/stone_object_047_new.jpg,stone,,,,,,,fmd,7,True,e1ed9a8fcd06ef85cf28d6047495b5165e2a2168f72144e7b9c169ee48c32606,86725a988bcfd45c
fmd_000797,/content/cossdf_work/datasets/fmd/image/stone/stone_object_048_new.jpg,stone,,,,,,,fmd,7,True,4f62ac8a865c3287799c831a9d05c4bee8d9c0fb6b809f86ee7430898b69f91c,eaa1c5cd958d4999
fmd_000798,/content/cossdf_work/datasets/fmd/image/stone/stone_object_049_new.jpg,stone,,,,,,,fmd,7,True,5155a96871008edb21ef1eaccc61daf9ba78db51c2869beaa198d477760fc416,9ffcdc820b652689
fmd_000799,/content/cossdf_work/datasets/fmd/image/stone/stone_object_050_new.jpg,stone,,,,,,,fmd,7,True,da2e79826f6fffb4316f6f005d8d3d4771df8f701cbd84a188f04a3739258cc0,978af89199292e3d
fmd_000800,/content/cossdf_work/datasets/fmd/image/water/water_moderate_001_new.jpg,water,,,,,,,fmd,8,True,ea271d897512570d119c0ce0f680657690b6d6191c638d9cca39fea45b544d51,8212455fd17d6af4
fmd_000801,/content/cossdf_work/datasets/fmd/image/water/water_moderate_002_new.jpg,water,,,,,,,fmd,8,True,db91e4f1deeb3fbc888981d04a083e5e80535addba60b68856508598039911c7,a41376d8266ff42a
fmd_000802,/content/cossdf_work/datasets/fmd/image/water/water_moderate_003_new.jpg,water,,,,,,,fmd,8,True,8fd51e75626ff0915a2d6ab30ba421c2914e2814242c46b84f1225a4557bbb60,d50aaae196d873a6
fmd_000803,/content/cossdf_work/datasets/fmd/image/water/water_moderate_004_new.jpg,water,,,,,,,fmd,8,True,d8533c0c16eefc36bfd3c0db6a99dbf26a7179f723fb3288ba84c2977113e00f,d33a4cc17ab8a5d4
fmd_000804,/content/cossdf_work/datasets/fmd/image/water/water_moderate_005_new.jpg,water,,,,,,,fmd,8,True,da7cfba86429629ad59547b4628aaf57df9916169b9c88c69ba95b20ebf7ce6f,ca2a2da66aaf499a
fmd_000805,/content/cossdf_work/datasets/fmd/image/water/water_moderate_006_new.jpg,water,,,,,,,fmd,8,True,c0aa0f414d0744d94d5437a4c4614a810e49c6dfcbad9be4b9944469fbebe2ad,e47f71c8862f6941
fmd_000806,/content/cossdf_work/datasets/fmd/image/water/water_moderate_007_new.jpg,water,,,,,,,fmd,8,True,bc278f50ab79bf966335714d04aae6bf00e4ea65c8f8f00bb37fef31ec04ce28,d989db04b9d6601f
fmd_000807,/content/cossdf_work/datasets/fmd/image/water/water_moderate_008_new.jpg,water,,,,,,,fmd,8,True,aff51d580e356bc9e43ed06f0ff0bde939442354ff277298905770c1defb00d3,d6286db708f2b135
fmd_000808,/content/cossdf_work/datasets/fmd/image/water/water_moderate_009_new.jpg,water,,,,,,,fmd,8,True,404d2a947ae59a315a7fcb01823b27a28e753018b10752992da7562a67ff8360,8f2f78783883ce45
fmd_000809,/content/cossdf_work/datasets/fmd/image/water/water_moderate_010_new.jpg,water,,,,,,,fmd,8,True,27e77d1ad64834f093428c544effe887ef1befbaf2e187ddc5ce81303a54e73d,f3584c580cbce6e6
fmd_000810,/content/cossdf_work/datasets/fmd/image/water/water_moderate_011_new.jpg,water,,,,,,,fmd,8,True,68cf9ec9f72796dc5713a02015e509ce43ae4bc900ebd79f2ed33ca5d620dce1,cb81550e7aedd192
fmd_000811,/content/cossdf_work/datasets/fmd/image/water/water_moderate_012_new.jpg,water,,,,,,,fmd,8,True,cc4efa1949506a6a6bb1354ef732091d50b216fd118e3bafe0f57d1ca97130b1,c7b039e924c73ec2
fmd_000812,/content/cossdf_work/datasets/fmd/image/water/water_moderate_013_new.jpg,water,,,,,,,fmd,8,True,87095269b356899c582081f89e6153dc76277d9439ca22ed3c616f4918557223,a4d1f3788ca333cc
fmd_000813,/content/cossdf_work/datasets/fmd/image/water/water_moderate_014_new.jpg,water,,,,,,,fmd,8,True,cf8841b8d944abcd6cd369f3fce66f79dc528e1f11b941a68b9cf45666c48c7d,be407b66cc996631
fmd_000814,/content/cossdf_work/datasets/fmd/image/water/water_moderate_015_new.jpg,water,,,,,,,fmd,8,True,7dd8d99f3649fc3bc342eb5f76eb9673f988ee563a5b7c89c4910bd8701cc2c5,8c87df09273f5988
fmd_000815,/content/cossdf_work/datasets/fmd/image/water/water_moderate_016_new.jpg,water,,,,,,,fmd,8,True,ee1c1d6ceb15459c42737b488dfc8b42348bcbd6f6370de448140d34397bec55,c0c15b3e30b78f8d
fmd_000816,/content/cossdf_work/datasets/fmd/image/water/water_moderate_017_new.jpg,water,,,,,,,fmd,8,True,c60a078140e5e1bb4f986ff300b06d6ce4705f2154de0d81dfb3cdc0af7f2825,8db1f9f1e1e8e012
fmd_000817,/content/cossdf_work/datasets/fmd/image/water/water_moderate_018_new.jpg,water,,,,,,,fmd,8,True,c6834e232b3ad6db34992269342c1e192ab3923723331ea788f070ad2a3f82e8,bde6c284255b5a99
fmd_000818,/content/cossdf_work/datasets/fmd/image/water/water_moderate_019_new.jpg,water,,,,,,,fmd,8,True,bdd1a17b7174d6730e71111ac8b39ba1d772da351d99963f8a569376813d559f,bfbde4e01b02c2c3
fmd_000819,/content/cossdf_work/datasets/fmd/image/water/water_moderate_020_new.jpg,water,,,,,,,fmd,8,True,eb656c8a4c8a0d6f224c7929289b301a96ab8d55983c3aef2f9d57375c42fb98,dd32b21d90701fb6
fmd_000820,/content/cossdf_work/datasets/fmd/image/water/water_moderate_021_new.jpg,water,,,,,,,fmd,8,True,55776387cc97163414b2b8d4727e1bd0709dc69158a3e51d12c2b729a629adc4,d22d256367972cd4
fmd_000821,/content/cossdf_work/datasets/fmd/image/water/water_moderate_022_new.jpg,water,,,,,,,fmd,8,True,94997fbb160b3ce00c941c1d671d2c8504991bc7758af7430b3201e12ccc2455,c0d1533c8dccbf8a
fmd_000822,/content/cossdf_work/datasets/fmd/image/water/water_moderate_023_new.jpg,water,,,,,,,fmd,8,True,da3b2ffbe78a5b6f8947747bf23a3c1a0af2d5d262cf6af81dc13880e6437299,f995c22ed4a4ca87
fmd_000823,/content/cossdf_work/datasets/fmd/image/water/water_moderate_024_new.jpg,water,,,,,,,fmd,8,True,e7295de18d81c0958c1338593c5252477c693acd776b4890c0fc5d3d5b6e5e04,c7287a6366359936
fmd_000824,/content/cossdf_work/datasets/fmd/image/water/water_moderate_025_new.jpg,water,,,,,,,fmd,8,True,d75ac2d216d89895e0550288a80bb33146c18e5a49f320dd965a67f9e081cfa0,ac77725946564a9a
fmd_000825,/content/cossdf_work/datasets/fmd/image/water/water_moderate_026_new.jpg,water,,,,,,,fmd,8,True,c665041c8478e876d906935c91f10cfcd05f694c33515546628a5d0a8290197c,f9d56a64840abb2d
fmd_000826,/content/cossdf_work/datasets/fmd/image/water/water_moderate_027_new.jpg,water,,,,,,,fmd,8,True,c9be3bc91b6ef5650df8ef24c1f3ee9b3df15f117d875d2cd53302b1ee69dc13,fb13c07e97001d8f
fmd_000827,/content/cossdf_work/datasets/fmd/image/water/water_moderate_028_new.jpg,water,,,,,,,fmd,8,True,90c82e3caa5d9a81dfa7d6b6bda2279bffb82803021b2ad88e4667ab1a8b9584,ed1b066fb264c992
fmd_000828,/content/cossdf_work/datasets/fmd/image/water/water_moderate_029_new.jpg,water,,,,,,,fmd,8,True,ee0e1ec27ca80e5e91138d3a191347bc17b14b06633b3311ca9ee58977dfed37,94076e794e4632f9
fmd_000829,/content/cossdf_work/datasets/fmd/image/water/water_moderate_030_new.jpg,water,,,,,,,fmd,8,True,9ffc5a2641a4a50ff1aed47428b70127b53f541de82e669faff51df590a305ca,f1a4e433cd72518d
fmd_000830,/content/cossdf_work/datasets/fmd/image/water/water_moderate_031_new.jpg,water,,,,,,,fmd,8,True,73447acbe1f096e4d4d9419168b3dfb3173580255c57931d049646cd41569941,c43b3ac53a9e61ca
fmd_000831,/content/cossdf_work/datasets/fmd/image/water/water_moderate_032_new.jpg,water,,,,,,,fmd,8,True,525eaba145523880a5fef5c2e6be10afdc4c1f0bf0ac2fb049d25cb783d296c0,d9a75b46b8ade840
fmd_000832,/content/cossdf_work/datasets/fmd/image/water/water_moderate_033_new.jpg,water,,,,,,,fmd,8,True,06be00be751ebbfd34d2d4cec6a18f928b983fee540267ccf57f7ce969ec9d34,bb06d5d9643ad2a1
fmd_000833,/content/cossdf_work/datasets/fmd/image/water/water_moderate_034_new.jpg,water,,,,,,,fmd,8,True,2a942334cc37861510a0a8a93f3fbabc398459c909fede002db7df3386f8287b,e4791a9bc64d5913
fmd_000834,/content/cossdf_work/datasets/fmd/image/water/water_moderate_035_new.jpg,water,,,,,,,fmd,8,True,92ca7d4686183f6127131665ff0f52e81b1e30e1ff6f42bb0026773ddb27bac7,e8a5c79ac8397472
fmd_000835,/content/cossdf_work/datasets/fmd/image/water/water_moderate_036_new.jpg,water,,,,,,,fmd,8,True,bd3be9067ec7e884d038f8525afa21c58e5ad8f6bf40ca0076188763906ad1da,a8a5e5f981c69e91
fmd_000836,/content/cossdf_work/datasets/fmd/image/water/water_moderate_037_new.jpg,water,,,,,,,fmd,8,True,57098b1e65fef6da8b35921c49839cabcc24bdf28f6e06a4ee53373a3e3ada96,dfcb838791c69131
fmd_000837,/content/cossdf_work/datasets/fmd/image/water/water_moderate_038_new.jpg,water,,,,,,,fmd,8,True,fee02ef3ea04b56d65e70739136b1edc55250336a08f915cae5119fb0705ae07,9d6e9029d43a4d73
fmd_000838,/content/cossdf_work/datasets/fmd/image/water/water_moderate_039_new.jpg,water,,,,,,,fmd,8,True,864db4089bd4316be8d0886803a927768a57a3299fa45650445c979bf1f757c1,80bf5ad42b837ec8
fmd_000839,/content/cossdf_work/datasets/fmd/image/water/water_moderate_040_new.jpg,water,,,,,,,fmd,8,True,60e5bc03de185663881a43ed5125f906ae344c26e8bc7aa2da9b39d7caa1f5a9,9399e4913692794f
fmd_000840,/content/cossdf_work/datasets/fmd/image/water/water_moderate_041_new.jpg,water,,,,,,,fmd,8,True,e087dde203be5004755ca726ae06ef8ab669ecebe479e06cff03ab6b5d3a1bee,e530b7338d1c03dd
fmd_000841,/content/cossdf_work/datasets/fmd/image/water/water_moderate_042_new.jpg,water,,,,,,,fmd,8,True,1b28fefda2de60dbfe936213b5a8e5cf20a15bd63c0a2fbdd92caba12a84ac47,ffc605efc0e1e021
fmd_000842,/content/cossdf_work/datasets/fmd/image/water/water_moderate_043_new.jpg,water,,,,,,,fmd,8,True,7d65ba92efcae907365dd66b41811b316200c7bc38bfe3b563785ab57ced0797,c0307cf40edadf2a
fmd_000843,/content/cossdf_work/datasets/fmd/image/water/water_moderate_044_new.jpg,water,,,,,,,fmd,8,True,eb7e0ff61208ef5115dae818f3ba8a739b5cfe4dfa58b570c4a8f21e8bfc058d,cd98bacb62a61c1d
fmd_000844,/content/cossdf_work/datasets/fmd/image/water/water_moderate_045_new.jpg,water,,,,,,,fmd,8,True,a079187d70a9966f39190ab0009d9b63c3e20156438b93549f8d6ac58e6ec1b9,fd9a35a1c183d1c3
fmd_000845,/content/cossdf_work/datasets/fmd/image/water/water_moderate_046_new.jpg,water,,,,,,,fmd,8,True,2fc45fe8e0213d8dba6a2817eebc1bc241c35e3fb6f19195c5ccc46ed08d7ab9,8295d86f57475253
fmd_000846,/content/cossdf_work/datasets/fmd/image/water/water_moderate_047_new.jpg,water,,,,,,,fmd,8,True,371ce63b6590e639a8b52721cb9097129f538b15de61390abddbfd0d189d7fd4,de65759a0dcc3074
fmd_000847,/content/cossdf_work/datasets/fmd/image/water/water_moderate_048_new.jpg,water,,,,,,,fmd,8,True,c2cd44626a5d89e9d8508a2c0e12a9116c20e13a06a5cfb2522d4e50e15affdc,a52dcb6261cf2167
fmd_000848,/content/cossdf_work/datasets/fmd/image/water/water_moderate_049_new.jpg,water,,,,,,,fmd,8,True,abbd70f5413ce18f87a8578cef2d0e647a3f9962f1b45e7a615ae3c128133173,e5ba79c2d2396c28
fmd_000849,/content/cossdf_work/datasets/fmd/image/water/water_moderate_050_new.jpg,water,,,,,,,fmd,8,True,97a27cb5a51ffe2d994fcabd025bff6ca5b3036219269465fd4d4317a0454735,821f91f92a99ce71
fmd_000850,/content/cossdf_work/datasets/fmd/image/water/water_object_001_new.jpg,water,,,,,,,fmd,8,True,86c18f9ee5cfad6b23aaf3017c8889052ae9266f7b53e7ac8aa564909f62a703,999ec699926666cc
fmd_000851,/content/cossdf_work/datasets/fmd/image/water/water_object_002_new.jpg,water,,,,,,,fmd,8,True,328660b40449ad39c34ea24cd519ac1fc83881af5c48d1bdf3880710cb8aa744,8c8f3c3c3c7b2638
fmd_000852,/content/cossdf_work/datasets/fmd/image/water/water_object_003_new.jpg,water,,,,,,,fmd,8,True,793d2ccbadc49ded56272d40861710b56bc4c20fa190c316ccf7fecfa3670a7b,cf254e2c263ce707
fmd_000853,/content/cossdf_work/datasets/fmd/image/water/water_object_004_new.jpg,water,,,,,,,fmd,8,True,5401da5a0576eab0f7753196fe9fc4619680515e1cf7c3b6a07bb696d9c59751,c661291e3e3b368d
fmd_000854,/content/cossdf_work/datasets/fmd/image/water/water_object_005_new.jpg,water,,,,,,,fmd,8,True,c41b7b5d9ac9b5d20b9329f937ac77d6a5a30ae93eee14c5574e6217e7988659,c44e67cc6756525a
fmd_000855,/content/cossdf_work/datasets/fmd/image/water/water_object_006_new.jpg,water,,,,,,,fmd,8,True,3e8cc841bf857626b16dc3a352ec3fb295ad6d6ca6b411228b515fc2686445e8,99d96a550a857c6e
fmd_000856,/content/cossdf_work/datasets/fmd/image/water/water_object_007_new.jpg,water,,,,,,,fmd,8,True,3b64c0a0dc58106467637e8846d1436c881e9899ed6c9a3f9e58de36a3006034,dc4a65e56766e026
fmd_000857,/content/cossdf_work/datasets/fmd/image/water/water_object_008_new.jpg,water,,,,,,,fmd,8,True,3ca07bb1e3eeaa0bcf85625183531d2ca605482709213a371d4ba8cf2fcf845d,c3436fac74d0d89a
fmd_000858,/content/cossdf_work/datasets/fmd/image/water/water_object_009_new.jpg,water,,,,,,,fmd,8,True,63c51ae5133eb09efc366e40d68d10937f82dadff6857f7417a6b3090d0c22c2,8abec76a6c97144a
fmd_000859,/content/cossdf_work/datasets/fmd/image/water/water_object_010_new.jpg,water,,,,,,,fmd,8,True,ad08e978f070568e7204b70c65064bb9007a695a20b24c0dbb6fbe6a57740c15,befe4033870230fd
fmd_000860,/content/cossdf_work/datasets/fmd/image/water/water_object_011_new.jpg,water,,,,,,,fmd,8,True,75bc6f7a8d9f68d0f8bb6770223b7e5f5e1c61f55b3f40f5968f5f318a3625d9,9489977a1dcd498d
fmd_000861,/content/cossdf_work/datasets/fmd/image/water/water_object_012_new.jpg,water,,,,,,,fmd,8,True,80376166172443a11ccb218240faed31edc9f00a4eeb1ba4c7586e4e1c2063d8,ee0f46eec9a68194
fmd_000862,/content/cossdf_work/datasets/fmd/image/water/water_object_013_new.jpg,water,,,,,,,fmd,8,True,97dd771f81af3268570a55c1acaf1791697b55dc4ab595563a35b8658a06ffb0,c4fa5e9c19cc0d8e
fmd_000863,/content/cossdf_work/datasets/fmd/image/water/water_object_014_new.jpg,water,,,,,,,fmd,8,True,e424701efe77e52229d8c99330103f3c0a4ac013122a005466c6a1b2b58a6bbe,d9565705780e85d7
fmd_000864,/content/cossdf_work/datasets/fmd/image/water/water_object_015_new.jpg,water,,,,,,,fmd,8,True,9151da38c804d33c0cd68fcc5cc2e9f57713ab2a8c6879d4eaeb95c2357469f8,cfb6cdb59ec08094
fmd_000865,/content/cossdf_work/datasets/fmd/image/water/water_object_016_new.jpg,water,,,,,,,fmd,8,True,9320cff3944ac44b5e0d4b5bfc14039638ab595aaad285c8b4a96a97ee418505,ec98966c96459e2d
fmd_000866,/content/cossdf_work/datasets/fmd/image/water/water_object_017_new.jpg,water,,,,,,,fmd,8,True,d8b080f846d44336e9de30f974629a89e48a9f84d7a2480c7f70f87fa850a0c3,fbd30ca3d32ad148
fmd_000867,/content/cossdf_work/datasets/fmd/image/water/water_object_018_new.jpg,water,,,,,,,fmd,8,True,36dc5b388fcb3eb31e185b0fbf213dff53228fb80a1392b2270a97470b38fbd3,c2672707c6c7cbc2
fmd_000868,/content/cossdf_work/datasets/fmd/image/water/water_object_019_new.jpg,water,,,,,,,fmd,8,True,794293b835c173429d92859e7f9f8d1941cf0374546760c9f5eda08e1a855fbc,dc9b910a2bede494
fmd_000869,/content/cossdf_work/datasets/fmd/image/water/water_object_020_new.jpg,water,,,,,,,fmd,8,True,2c10e5716a7b8b6f705fe9c23c5968c562653bd71c0e7c32d17a03bde3c41bfd,d9bd62c87a472b0a
fmd_000870,/content/cossdf_work/datasets/fmd/image/water/water_object_021_new.jpg,water,,,,,,,fmd,8,True,bad5c8ba451ef897bd1d0e3c75b8eaa8dbb77f5ea872483062fc167014b569ce,9768b88f47839b51
fmd_000871,/content/cossdf_work/datasets/fmd/image/water/water_object_022_new.jpg,water,,,,,,,fmd,8,True,64326831e20e57d80acef959b8375375b89794bffcbbfd7f1884e0285753f689,a89665d46d332b3a
fmd_000872,/content/cossdf_work/datasets/fmd/image/water/water_object_023_new.jpg,water,,,,,,,fmd,8,True,e00f17ef7088224ebc7c46ac1d211edfc09b727bcb8b563eb9d3118f00033fb5,a1540fdc785bb433
fmd_000873,/content/cossdf_work/datasets/fmd/image/water/water_object_024_new.jpg,water,,,,,,,fmd,8,True,f1ba83a7b0946626571ba2e349889f035c30f7b0e8d1654ad85a26f84cfff548,c495173e60e40fde
fmd_000874,/content/cossdf_work/datasets/fmd/image/water/water_object_025_new.jpg,water,,,,,,,fmd,8,True,f96246120a7ed2c486cc7af2b85ad05bcfc240e98fd4419c93e441bb27b3454e,930a4c4e399eb3b3
fmd_000875,/content/cossdf_work/datasets/fmd/image/water/water_object_026_new.jpg,water,,,,,,,fmd,8,True,8a2085e05023082b4197428635234415fef1b94eaec505601201827913c601d2,c699c1c63d93e661
fmd_000876,/content/cossdf_work/datasets/fmd/image/water/water_object_027_new.jpg,water,,,,,,,fmd,8,True,30dca31faa60278a9e73bf5b23002071a8d39e07958b9a0de3dbab69c2f67f15,80c63df3fe1a412d
fmd_000877,/content/cossdf_work/datasets/fmd/image/water/water_object_028_new.jpg,water,,,,,,,fmd,8,True,6a3052e9ca0e883b54a6dd4ac2f329f3f3fc72adc7846c5b5ec618723856cefe,8786c8f14d61732f
fmd_000878,/content/cossdf_work/datasets/fmd/image/water/water_object_029_new.jpg,water,,,,,,,fmd,8,True,8ec2b4f40516ae3024170e622cf6fb2236f4dd156f571af21a61180c9edbee1d,94452d694debfc03
fmd_000879,/content/cossdf_work/datasets/fmd/image/water/water_object_030_new.jpg,water,,,,,,,fmd,8,True,9fdb3f180e286dace5e746ecbecbfec2e0728bf93ec00b2d2e591271f36b3db0,d26a3895525b74d5
fmd_000880,/content/cossdf_work/datasets/fmd/image/water/water_object_031_new.jpg,water,,,,,,,fmd,8,True,cc026315c07ac4a9179f2481d8c20853812c523d56230a7af30efa25d717eeac,a4343c594ca9de97
fmd_000881,/content/cossdf_work/datasets/fmd/image/water/water_object_032_new.jpg,water,,,,,,,fmd,8,True,7feb48465486369c2b4e0fd42c99f03a73655bb0b3fd6cb80af85bec8a8ba08c,df6418a1c5ec86d9
fmd_000882,/content/cossdf_work/datasets/fmd/image/water/water_object_033_new.jpg,water,,,,,,,fmd,8,True,03b5bd7eb0b06afea2f36e01a96f9e69229ca8610067677637e00e62aeaa68ae,931ee254735071dd
fmd_000883,/content/cossdf_work/datasets/fmd/image/water/water_object_034_new.jpg,water,,,,,,,fmd,8,True,9bc5d011ab4f0b9edeb95dd70646c4c5b0c55605b06d9b43391e36dbe2da3c01,81507f697378f868
fmd_000884,/content/cossdf_work/datasets/fmd/image/water/water_object_035_new.jpg,water,,,,,,,fmd,8,True,f09326a38cf746a42fddecbc5b67c66d7c04e0dedef2df9ae967efc83eee354d,c1801abdd25a3777
fmd_000885,/content/cossdf_work/datasets/fmd/image/water/water_object_036_new.jpg,water,,,,,,,fmd,8,True,09056a2db909d65afba93da7fa10b03b9a9412144e38480f0f06a9f2e2b7107b,d9576b2003677c27
fmd_000886,/content/cossdf_work/datasets/fmd/image/water/water_object_037_new.jpg,water,,,,,,,fmd,8,True,b59ae5885494d62a72e74e99410b5649ecda5fedd2af9c002ca3611010b3c2fa,c46b0b366bf135d0
fmd_000887,/content/cossdf_work/datasets/fmd/image/water/water_object_038_new.jpg,water,,,,,,,fmd,8,True,322841ae7646f12de6b1deb5c72e2cb63b2ede4c23a4579b5dd90ded3ef21a28,cef0a199cfa251ac
fmd_000888,/content/cossdf_work/datasets/fmd/image/water/water_object_039_new.jpg,water,,,,,,,fmd,8,True,9514b773d594389371b68938b3e72cefe02cb9cc1712e37129db5d884bb480a8,8ccd6da151482ff6
fmd_000889,/content/cossdf_work/datasets/fmd/image/water/water_object_040_new.jpg,water,,,,,,,fmd,8,True,af737c8abb4b26499a73d398cc8a472d4a5e43458092be4dc1734b3cff8d6bca,8697163b29e5714b
fmd_000890,/content/cossdf_work/datasets/fmd/image/water/water_object_041_new.jpg,water,,,,,,,fmd,8,True,e8d33b19172243d5d338cc49a5169101b65a7c6a124ffc7c115d24c7da1b7b51,92d3c16633f10cdb
fmd_000891,/content/cossdf_work/datasets/fmd/image/water/water_object_042_new.jpg,water,,,,,,,fmd,8,True,2770e2a50ef65cff2c5cea79f8cbd814f56bfc3cdfc7c90539690a9ba730ca0c,d473f563942c9e30
fmd_000892,/content/cossdf_work/datasets/fmd/image/water/water_object_043_new.jpg,water,,,,,,,fmd,8,True,9a601670f3f4c7ef36392a3e6f9c6133a05d5b2fa8f1814f48a90405d9cf18e2,9191d51d3c1a6bc7
fmd_000893,/content/cossdf_work/datasets/fmd/image/water/water_object_044_new.jpg,water,,,,,,,fmd,8,True,ef7d9dfe658a08e25e40f545b3400aae113314b41bdbfc7e7e820efd47a3894c,9696029a5698bebb
fmd_000894,/content/cossdf_work/datasets/fmd/image/water/water_object_045_new.jpg,water,,,,,,,fmd,8,True,94522210a8ec95317feb65bac1d646fe8c0c6a503cd7e0a22643a33a4cd35f28,809595eceed69549
fmd_000895,/content/cossdf_work/datasets/fmd/image/water/water_object_046_new.jpg,water,,,,,,,fmd,8,True,99817648dc008a89e49d1114aed8b3b16c77e743c429765fd0c49f7ce78b15c7,9bcc75b072285d72
fmd_000896,/content/cossdf_work/datasets/fmd/image/water/water_object_047_new.jpg,water,,,,,,,fmd,8,True,ddf93ffe302c8ffcd33ae1a38b8883eb62e0c1374ff706858145bfef0f1c28ba,95e178385a369d65
fmd_000897,/content/cossdf_work/datasets/fmd/image/water/water_object_048_new.jpg,water,,,,,,,fmd,8,True,5985e5962378a85b56094beb86e9e4e6a14c8dbe04b9e9c48bfed70f5b012311,dac06cca1e3a63b3
fmd_000898,/content/cossdf_work/datasets/fmd/image/water/water_object_049_new.jpg,water,,,,,,,fmd,8,True,168b1abc3324f9836831f2d4e8d22b83c45ab5fed3b063676d3afde760f1adbc,d697d47e07c2231c
fmd_000899,/content/cossdf_work/datasets/fmd/image/water/water_object_050_new.jpg,water,,,,,,,fmd,8,True,a0507c3e249842e316585aa98c0b60df1aedd14dc7a0217d5c2efdebf291234c,a566440d79537b56
fmd_000900,/content/cossdf_work/datasets/fmd/image/wood/wood_moderate_001_new.jpg,wood,,,,,,,fmd,9,True,7f29a440f0b1ca7e81e322907313c752e62a5eb8d921e3ffdde093dc78f8b432,c0f405df81d48dee
fmd_000901,/content/cossdf_work/datasets/fmd/image/wood/wood_moderate_002_new.jpg,wood,,,,,,,fmd,9,True,b2c665af566bf191c809d57493e499ede53e805708e193bfffee318188d4e5af,fe55fc00be40f807
fmd_000902,/content/cossdf_work/datasets/fmd/image/wood/wood_moderate_003_new.jpg,wood,,,,,,,fmd,9,True,2cb7f3ced1704901159f1730a8648c7b014d7a53cc9e032c04e0fbcdf49e3460,81dcf4f3ce3e0c21
fmd_000903,/content/cossdf_work/datasets/fmd/image/wood/wood_moderate_004_new.jpg,wood,,,,,,,fmd,9,True,30f3b0255132866559c3eac9458cb367a87f11d9781f4ac3d4f9476bfd671a04,95485d32747598fc
fmd_000904,/content/cossdf_work/datasets/fmd/image/wood/wood_moderate_005_new.jpg,wood,,,,,,,fmd,9,True,1ba031877f33bacf5d75fe18a8f8d9e440e1e9b798ded62c7027f82ef78eb1fe,aad2273233e0ecf8
fmd_000905,/content/cossdf_work/datasets/fmd/image/wood/wood_moderate_006_new.jpg,wood,,,,,,,fmd,9,True,9fbda25324d0d5a24daa65c6ddbb5a2afe4414e315c484e082228e0e0368e8f2,c9d917b8a8ea32c9
fmd_000906,/content/cossdf_work/datasets/fmd/image/wood/wood_moderate_007_new.jpg,wood,,,,,,,fmd,9,True,1ffb0f75fbac288ba7f513fa35033fc262373dcd608ea6758cde4672719b7f3a,80e6198e21f8fdf2
fmd_000907,/content/cossdf_work/datasets/fmd/image/wood/wood_moderate_008_new.jpg,wood,,,,,,,fmd,9,True,82fa438b5cc48df63f81709c9cca1916636c3b1571aff7cf5e0f8dffeecafa89,867b31369bdaa984
fmd_000908,/content/cossdf_work/datasets/fmd/image/wood/wood_moderate_009_new.jpg,wood,,,,,,,fmd,9,True,f76b85ac881a18efa2566c8781995cf442e243bfe70cf4e29f97c84ea887c49d,d5b99de22e910e07
fmd_000909,/content/cossdf_work/datasets/fmd/image/wood/wood_moderate_010_new.jpg,wood,,,,,,,fmd,9,True,de8a1e5a28e35dd37b28df26c2f892b981206eba03f4c375afb49a33c61c4d3e,99f2c2a41b52ed95
fmd_000910,/content/cossdf_work/datasets/fmd/image/wood/wood_moderate_011_new.jpg,wood,,,,,,,fmd,9,True,3025656e9842666b5143064fe43db2f8804c07c52815d208c94f6217d8dfda34,c64c6ff8228aa1bb
fmd_000911,/content/cossdf_work/datasets/fmd/image/wood/wood_moderate_012_new.jpg,wood,,,,,,,fmd,9,True,67001e73a273e1683700bf4d18f7a9c8c3c83868ed16df113bcd6150f88ca69b,ad10576b6be82366
fmd_000912,/content/cossdf_work/datasets/fmd/image/wood/wood_moderate_013_new.jpg,wood,,,,,,,fmd,9,True,e355f99467a7a5a9c04e6234a82edf0af3c1fd97c7ca6c1bd6bf8fa56de22b11,92cc2cd3be64479a
fmd_000913,/content/cossdf_work/datasets/fmd/image/wood/wood_moderate_014_new.jpg,wood,,,,,,,fmd,9,True,f5ded08dd527204909b7db027ca5a426b4e8a6a7af6d42bc7457af1741af83a7,90d339952ff0cc47
fmd_000914,/content/cossdf_work/datasets/fmd/image/wood/wood_moderate_015_new.jpg,wood,,,,,,,fmd,9,True,5df325f85043d66270b89f8793605b01770498cf0fa2222683a21d956821671d,cffa361603476561
fmd_000915,/content/cossdf_work/datasets/fmd/image/wood/wood_moderate_016_new.jpg,wood,,,,,,,fmd,9,True,010f4bbe61c01b2ce70ab326f7cbde43a58770c4a80b43f5c77bd390c4104db5,813fc13c3fc31e1c
fmd_000916,/content/cossdf_work/datasets/fmd/image/wood/wood_moderate_017_new.jpg,wood,,,,,,,fmd,9,True,86d2195299766fcc370ef835b79b5ffacddb5ac2012d7a2f130ed772cd1094db,cc4c9993331bb333
fmd_000917,/content/cossdf_work/datasets/fmd/image/wood/wood_moderate_018_new.jpg,wood,,,,,,,fmd,9,True,11ad12a5de4e7f3f7df54625d6ae34e518688c36a4ed5b6814020a2cf9028b8f,f5a486968e8fb213
fmd_000918,/content/cossdf_work/datasets/fmd/image/wood/wood_moderate_019_new.jpg,wood,,,,,,,fmd,9,True,37bd1a18a3c93c5d490086da3865818421e615bb4db47f32e395edcf9b7d89ac,88a15f83087f7d93
fmd_000919,/content/cossdf_work/datasets/fmd/image/wood/wood_moderate_020_new.jpg,wood,,,,,,,fmd,9,True,3122d8d723fc9dea8baff412b8e741a2fc38dc667416610bb724c5bf31a4734e,817a58b2556bab6a
fmd_000920,/content/cossdf_work/datasets/fmd/image/wood/wood_moderate_021_new.jpg,wood,,,,,,,fmd,9,True,fcbfc2977bdfd259cd620d71d224540c1e12f50f0d82b3fb22f957f8b6d4ea0b,8df6891953a65b51
fmd_000921,/content/cossdf_work/datasets/fmd/image/wood/wood_moderate_022_new.jpg,wood,,,,,,,fmd,9,True,6a3e4445b3189f29f94fac8925303c713b4d1a185f52e3b80821a79c4ad182a9,964a14acb555abab
fmd_000922,/content/cossdf_work/datasets/fmd/image/wood/wood_moderate_023_new.jpg,wood,,,,,,,fmd,9,True,faa64a88274c66378be3d1f416e281527c2216e27cbab13c2ec196d47de2cfa6,d49e1cf0655790a7
fmd_000923,/content/cossdf_work/datasets/fmd/image/wood/wood_moderate_024_new.jpg,wood,,,,,,,fmd,9,True,6762e12d349d152cf15eeb2103bb8de03a976a0983236f7d03398168b7b0f051,c8a71a7d86b4d368
fmd_000924,/content/cossdf_work/datasets/fmd/image/wood/wood_moderate_025_new.jpg,wood,,,,,,,fmd,9,True,bea85c35ac61508dcae8b67219a5d030df3b433780b92edddea04c94697edf67,d0c78b57964f442d
fmd_000925,/content/cossdf_work/datasets/fmd/image/wood/wood_moderate_026_new.jpg,wood,,,,,,,fmd,9,True,3f3aa0940c4757c447298c8f4b070cf2861f8f700071b0aa5631fbace2ce1a37,e69931f4927d003f
fmd_000926,/content/cossdf_work/datasets/fmd/image/wood/wood_moderate_027_new.jpg,wood,,,,,,,fmd,9,True,e3269d1c53d55967fe7bfb03250add61c39fd6a4cf9df74f0b1e66da8f37c625,d3cb12e71b900fd1
fmd_000927,/content/cossdf_work/datasets/fmd/image/wood/wood_moderate_028_new.jpg,wood,,,,,,,fmd,9,True,fa40f8148d2e3dea333cf0d517999710a64a57de878866caf605927dfcc71248,cbd73c87700a335a
fmd_000928,/content/cossdf_work/datasets/fmd/image/wood/wood_moderate_029_new.jpg,wood,,,,,,,fmd,9,True,b1cae8fc9349cc82247cc2c50911a9d01aa7fd5048d7a7e0015d457ba22a2230,e6e6c1c80d39f1c3
fmd_000929,/content/cossdf_work/datasets/fmd/image/wood/wood_moderate_030_new.jpg,wood,,,,,,,fmd,9,True,1051e36f002e9b08281c3c9834eb71b02b7c5c2a1dc4cc5fcd4dc2080bdead47,9a55555a562aaea5
fmd_000930,/content/cossdf_work/datasets/fmd/image/wood/wood_moderate_031_new.jpg,wood,,,,,,,fmd,9,True,b049c54ccfe80c4fd15b3778f2945fe02e4b3af5e458d1fe72d982f966675b11,d2a12b1e971a872f
fmd_000931,/content/cossdf_work/datasets/fmd/image/wood/wood_moderate_032_new.jpg,wood,,,,,,,fmd,9,True,3202f6e98a1ef6110e985ee8f095f92548bad3e31df722c2db933ffa02120c2d,e28a95b96793609d
fmd_000932,/content/cossdf_work/datasets/fmd/image/wood/wood_moderate_033_new.jpg,wood,,,,,,,fmd,9,True,254c2d1e5112feff9d83e9c5a2cf21e8986bd28d3d1745f05b9a2e0fb0216c6a,b3a1a61a1d6cecc3
fmd_000933,/content/cossdf_work/datasets/fmd/image/wood/wood_moderate_034_new.jpg,wood,,,,,,,fmd,9,True,4cbf7b814d70790b9707e6e4991f76c52866c2788ec2f81403eac1832f13ba80,e4a59e9e4d0b27a1
fmd_000934,/content/cossdf_work/datasets/fmd/image/wood/wood_moderate_035_new.jpg,wood,,,,,,,fmd,9,True,9b1779ade109a6d2d6f21804fef6124b76acf3e54fe61ba8cbdf852980d3f74e,95fa3a6a2add09a4
fmd_000935,/content/cossdf_work/datasets/fmd/image/wood/wood_moderate_036_new.jpg,wood,,,,,,,fmd,9,True,b0a0e4e0fbe982924b120cebc1aa76e3051ae4ba5f53aff921d9026b1707212b,a91ac1af8388bb37
fmd_000936,/content/cossdf_work/datasets/fmd/image/wood/wood_moderate_037_new.jpg,wood,,,,,,,fmd,9,True,e8e2c0e0362e1a51c5c3b5bcbd3ee69e2077a901ac4aad6c9d1a67c6f823c32c,de7219a5f2c0b15a
fmd_000937,/content/cossdf_work/datasets/fmd/image/wood/wood_moderate_038_new.jpg,wood,,,,,,,fmd,9,True,487f47cc43e650c79d78aa8e1c24c39c6e3cd1ef8f5ba08e43915fb3c402fe71,91c452bc47fd5866
fmd_000938,/content/cossdf_work/datasets/fmd/image/wood/wood_moderate_039_new.jpg,wood,,,,,,,fmd,9,True,6e0b5af0173e623190217b660f089aa5d5494456c1eecc3122368e18f87c9a16,fa8142b4787eb711
fmd_000939,/content/cossdf_work/datasets/fmd/image/wood/wood_moderate_040_new.jpg,wood,,,,,,,fmd,9,True,09a3b583890259b0176f3c7dfc21a47a3e52304c6e670fe3631f693007e9ad11,8cb7d794686ba294
fmd_000940,/content/cossdf_work/datasets/fmd/image/wood/wood_moderate_041_new.jpg,wood,,,,,,,fmd,9,True,51deaf83870898c052528718a1a86e31b7ad3939920263128f04189b41337152,f62f872a365c8ac8
fmd_000941,/content/cossdf_work/datasets/fmd/image/wood/wood_moderate_042_new.jpg,wood,,,,,,,fmd,9,True,42bd4598d73aeebf1f57a32ee83a7fa75bb5f01c4c6c3b5edf1fd1b08226d746,85d65e495750799a
fmd_000942,/content/cossdf_work/datasets/fmd/image/wood/wood_moderate_043_new.jpg,wood,,,,,,,fmd,9,True,553bd8b4dae1b9138f625b9fc0c881545a1b1b4692a0b66d1fb24d96c19e53ed,e9a3b1e34ed8ab04
fmd_000943,/content/cossdf_work/datasets/fmd/image/wood/wood_moderate_044_new.jpg,wood,,,,,,,fmd,9,True,02d92c2399e5cfa166e5b5238e996c526efc9dbf655f63767dca2169e7dce42d,d58e2630db59d1e8
fmd_000944,/content/cossdf_work/datasets/fmd/image/wood/wood_moderate_045_new.jpg,wood,,,,,,,fmd,9,True,d586a93d4cf5f1dc0ad9babe032204bb24f6378572df37ed8041637e3be4aa1e,de9ce0d898fc4cc1
fmd_000945,/content/cossdf_work/datasets/fmd/image/wood/wood_moderate_046_new.jpg,wood,,,,,,,fmd,9,True,6a397b9c85eedd9038ee9b010e23727ff3cfd1ae08c652b74c6da704fe4b6b43,d920d6d1f59c909b
fmd_000946,/content/cossdf_work/datasets/fmd/image/wood/wood_moderate_047_new.jpg,wood,,,,,,,fmd,9,True,c34384a7c6b10f15a5854ff24019da95a9b0c52c2606aca4db477dbacac99ebb,869862fa1c09bb7b
fmd_000947,/content/cossdf_work/datasets/fmd/image/wood/wood_moderate_048_new.jpg,wood,,,,,,,fmd,9,True,9d84984e2d1cd3c9ca566c358532354c53ee9bf6872d03ce9584855fcb0dbfd2,be4bb174cc34c499
fmd_000948,/content/cossdf_work/datasets/fmd/image/wood/wood_moderate_049_new.jpg,wood,,,,,,,fmd,9,True,4d33d2abf353fdd1e79cf32e2685d41c63f346c2c68c1302ae408f2338d42abb,a616bf2ee6090be2
fmd_000949,/content/cossdf_work/datasets/fmd/image/wood/wood_moderate_050_new.jpg,wood,,,,,,,fmd,9,True,a1d8bc8388814ee38fe2e70fef0025632db22c4b312dd644bebcce8f04c94d18,d3f49b548cd444ce
fmd_000950,/content/cossdf_work/datasets/fmd/image/wood/wood_object_001_new.jpg,wood,,,,,,,fmd,9,True,473ce40719a1ca91ea9f8c9ebdc291a47fadfcb987aeeafc6c1a0dc36db9045d,d66661c5618ecf94
fmd_000951,/content/cossdf_work/datasets/fmd/image/wood/wood_object_002_new.jpg,wood,,,,,,,fmd,9,True,9f9d4c089a984cad33c7bca30f2dc7b5123f6bf5c8156d57d6a8e0e63d662f30,c6167a6523dd831b
fmd_000952,/content/cossdf_work/datasets/fmd/image/wood/wood_object_003_new.jpg,wood,,,,,,,fmd,9,True,e0986fefba3c9501c6732a74464cae4d0af7ed7d957024f8116dca773e57ef1e,87f83ec3af026073
fmd_000953,/content/cossdf_work/datasets/fmd/image/wood/wood_object_004_new.jpg,wood,,,,,,,fmd,9,True,d8a9b85b4eccf60b7b96e361e6317e9eeb9a7601c1653a64156b745cfce57299,9ff550d099873079
fmd_000954,/content/cossdf_work/datasets/fmd/image/wood/wood_object_005_new.jpg,wood,,,,,,,fmd,9,True,ab7d86d25b67051f29483ac9a89c291d28f24a56a6ed308df38c57924a9edafa,fa10a18fa72bd0ec
fmd_000955,/content/cossdf_work/datasets/fmd/image/wood/wood_object_006_new.jpg,wood,,,,,,,fmd,9,True,4da61ddb4c6bc90472606d3add5c2911e38efb3525281f80fe7c1bdcee936777,de8b962556976434
fmd_000956,/content/cossdf_work/datasets/fmd/image/wood/wood_object_007_new.jpg,wood,,,,,,,fmd,9,True,d9ec06696770b33b2ecf176f68bf48ad5175a324e14c1cf554ff53e1914508ef,8000c65bdb9b47df
fmd_000957,/content/cossdf_work/datasets/fmd/image/wood/wood_object_008_new.jpg,wood,,,,,,,fmd,9,True,9d86981eb7e2a65d41e736f6fcb87faa0496a35fb8682618ba9ead57ff663893,9eee6a949173d241
fmd_000958,/content/cossdf_work/datasets/fmd/image/wood/wood_object_009_new.jpg,wood,,,,,,,fmd,9,True,f1f844fa8328fce043881bab90ec4ed0018dca710b27276cee42e0d94a76de08,9e05e1689a9fca87
fmd_000959,/content/cossdf_work/datasets/fmd/image/wood/wood_object_010_new.jpg,wood,,,,,,,fmd,9,True,c6912c4a3c83c8927d612cb0da775a04e9177f2b32f1ac8ef864d8bc9af8bb3b,dc942ac7e968b4e2
fmd_000960,/content/cossdf_work/datasets/fmd/image/wood/wood_object_011_new.jpg,wood,,,,,,,fmd,9,True,4751b3158dd263e5a4086ca723e7b2badc755fd3639e19862cfa9f3f8ba0ec1a,bf87f0f0e1e26424
fmd_000961,/content/cossdf_work/datasets/fmd/image/wood/wood_object_012_new.jpg,wood,,,,,,,fmd,9,True,8e15a81ecd9a1aaf02f4efd3b9b0ca9a47122b423ee700b5fc1807ad8c511478,ea8095adbf54cd50
fmd_000962,/content/cossdf_work/datasets/fmd/image/wood/wood_object_013_new.jpg,wood,,,,,,,fmd,9,True,9d8e7d98cc53a9a41a147aebfcf45d53c2d6dcfba4974ba85aa40d6ed22725bc,8e8e0fa0b23a567e
fmd_000963,/content/cossdf_work/datasets/fmd/image/wood/wood_object_014_new.jpg,wood,,,,,,,fmd,9,True,e96fabd558127e4329350d11c7fb59bbb22dff4e736aab83cdcac1a8ab1f4876,877176178dc8a71a
fmd_000964,/content/cossdf_work/datasets/fmd/image/wood/wood_object_015_new.jpg,wood,,,,,,,fmd,9,True,3c46cff42f23b863dbf3e7070fa64a53eafcb9c9af5b5e1f7c4f6ccf137b0294,e13438d24e732bb3
fmd_000965,/content/cossdf_work/datasets/fmd/image/wood/wood_object_016_new.jpg,wood,,,,,,,fmd,9,True,a9fd25283b7ee711d33d8983b56c2cb3cfc3d5f701c76e10833dfaba54072ee6,836178196c7f1c76
fmd_000966,/content/cossdf_work/datasets/fmd/image/wood/wood_object_017_new.jpg,wood,,,,,,,fmd,9,True,f766c24bbaafa4538f186cf6358967bcb214a7d334c5c132e0ed39b28382626c,c2bc1838c8bbd6a7
fmd_000967,/content/cossdf_work/datasets/fmd/image/wood/wood_object_018_new.jpg,wood,,,,,,,fmd,9,True,471f3c9c3e828080a3eaa75fd88e2e9286ecf5b83f05af8f5100b6ef6d3dd581,98ccb3f52e259295
fmd_000968,/content/cossdf_work/datasets/fmd/image/wood/wood_object_019_new.jpg,wood,,,,,,,fmd,9,True,ec934a6334cb313cc68202b0cb95cf4882b3404ce8a368861ae4b8fe335ec1e4,855e622fc93649ce
fmd_000969,/content/cossdf_work/datasets/fmd/image/wood/wood_object_020_new.jpg,wood,,,,,,,fmd,9,True,6e76bfe4e50f23e609aeb62119a4a4e27fbc0037ee95e48a6a2978af66760d2b,bff68229d81061af
fmd_000970,/content/cossdf_work/datasets/fmd/image/wood/wood_object_021_new.jpg,wood,,,,,,,fmd,9,True,92671976cf41be36d77289f4872ec2fce3a55022504a0d6357d2bb037788aa76,eb91f035c08fc69c
fmd_000971,/content/cossdf_work/datasets/fmd/image/wood/wood_object_022_new.jpg,wood,,,,,,,fmd,9,True,92e7a05374debcff6b20488ce309bebefe7b65eeb95bfd13ad953c4c90a93c9d,8093d3c343fbcc4b
fmd_000972,/content/cossdf_work/datasets/fmd/image/wood/wood_object_023_new.jpg,wood,,,,,,,fmd,9,True,58ad3eefaefebebae827d8e58158ee5b1c8424f35d77b1b00cf8ef33a117181d,95666a6f681a399a
fmd_000973,/content/cossdf_work/datasets/fmd/image/wood/wood_object_024_new.jpg,wood,,,,,,,fmd,9,True,15d797575f3a474f48e66eb59dd20c3bb7f4bf17a828a06e96415bb7b689bf75,a9a6f19f74308399
fmd_000974,/content/cossdf_work/datasets/fmd/image/wood/wood_object_025_new.jpg,wood,,,,,,,fmd,9,True,183804e29525f392da0f7c52328407d79ebdb019c5a06c3b7605847c17073474,aba1d44e2f85603f
fmd_000975,/content/cossdf_work/datasets/fmd/image/wood/wood_object_026_new.jpg,wood,,,,,,,fmd,9,True,8be9838bf4768c39ea4598e4b548884a43eee6688be7311944606ffb70e2c9f5,d3ca39a8361f2e38
fmd_000976,/content/cossdf_work/datasets/fmd/image/wood/wood_object_027_new.jpg,wood,,,,,,,fmd,9,True,90946829d19b9f7be23d6551d904c2548754b58d7902f6beda9663d4b118ee29,adbea28963585b23
fmd_000977,/content/cossdf_work/datasets/fmd/image/wood/wood_object_028_new.jpg,wood,,,,,,,fmd,9,True,0a9d99caafe2f19faef5f81f3433d8bfc5a4d41a63d550f8f47b243331532e46,aa167ea716071ce3
fmd_000978,/content/cossdf_work/datasets/fmd/image/wood/wood_object_029_new.jpg,wood,,,,,,,fmd,9,True,672023a5a173cbf2a680fab5467b6e80b52a0c6abe49ed47a898a397e8810fbb,fde2f5a20680f1d2
fmd_000979,/content/cossdf_work/datasets/fmd/image/wood/wood_object_030_new.jpg,wood,,,,,,,fmd,9,True,bfb8d96c2c5f366193b45b7480a261ba1a17dfe74ad5c8787ddf356151cd08d0,83d3e4ecfe1a1a11
fmd_000980,/content/cossdf_work/datasets/fmd/image/wood/wood_object_031_new.jpg,wood,,,,,,,fmd,9,True,5382fb8eab520ea12916b80bcdc1ffccf5ebbbe0ce24e7b3ec06a9c77521c8c5,cd82b27a6e49c11f
fmd_000981,/content/cossdf_work/datasets/fmd/image/wood/wood_object_032_new.jpg,wood,,,,,,,fmd,9,True,9b3c5c973b62a50d96f42662f78b6a5e437b57a47d5dc211d56df884d3080174,ae951a93dc318d39
fmd_000982,/content/cossdf_work/datasets/fmd/image/wood/wood_object_033_new.jpg,wood,,,,,,,fmd,9,True,9862d6f21ea2f0f001f5e90fb59d9453152bdf0582ad54bdb33b431f9898fba2,af9dc6c6d4d81a81
fmd_000983,/content/cossdf_work/datasets/fmd/image/wood/wood_object_034_new.jpg,wood,,,,,,,fmd,9,True,448cf96ef06b5c11239aeb3f09668bcfbecebb11a3059b7f01efcbb6803796a6,d525ad15ad9455c6
fmd_000984,/content/cossdf_work/datasets/fmd/image/wood/wood_object_035_new.jpg,wood,,,,,,,fmd,9,True,b17a0d365d1f19c999409f0d188578d0e85beadf03199fddafce091aa1b83780,a6187138fb3cee18
fmd_000985,/content/cossdf_work/datasets/fmd/image/wood/wood_object_036_new.jpg,wood,,,,,,,fmd,9,True,d64580feb997aa6b98b97075c67da94fa34c4c0f375675a5e197600bc87450bf,bd0aa01855af2b7b
fmd_000986,/content/cossdf_work/datasets/fmd/image/wood/wood_object_037_new.jpg,wood,,,,,,,fmd,9,True,c62e6ce9f8c3f3f8d79a79aebf19fee9a9d2e1da0619855d398162b284118c89,c7c1039aa1d4f8fa
fmd_000987,/content/cossdf_work/datasets/fmd/image/wood/wood_object_038_new.jpg,wood,,,,,,,fmd,9,True,d0406762dee586a9dff5c6becc0c2ba46a08c339eeca2e2f472be1c50cd8713e,92890daf0aab0faf
fmd_000988,/content/cossdf_work/datasets/fmd/image/wood/wood_object_039_new.jpg,wood,,,,,,,fmd,9,True,2f6a7fc23983e27bacc70cd1b33e46bd2d87f956dbe181a4a436941b28bfc770,c5f2999d238726e4
fmd_000989,/content/cossdf_work/datasets/fmd/image/wood/wood_object_040_new.jpg,wood,,,,,,,fmd,9,True,e77b4bb1191cfa3552a930565b665581c83a56263a5ed9c1fef64d99aca04ade,c20b305daada4ff1
fmd_000990,/content/cossdf_work/datasets/fmd/image/wood/wood_object_041_new.jpg,wood,,,,,,,fmd,9,True,10203a564ad07d0663a07f52481766a8ba481fba2b6dd47230aeecb64ad015c7,90e71f0776c3217c
fmd_000991,/content/cossdf_work/datasets/fmd/image/wood/wood_object_042_new.jpg,wood,,,,,,,fmd,9,True,5c1db4edec5288f1f0befeb1087dc7104febe54be4a737486b4a5af3de2f89a7,aaaa2f44ddd32266
fmd_000992,/content/cossdf_work/datasets/fmd/image/wood/wood_object_043_new.jpg,wood,,,,,,,fmd,9,True,3cc6157956c44d015cb4c52240fb2d6acff3f15236b6107e57c3537151c32733,e71819a4a6ed2c37
fmd_000993,/content/cossdf_work/datasets/fmd/image/wood/wood_object_044_new.jpg,wood,,,,,,,fmd,9,True,b8dea502b3b234006504045f3f2c4761e69adcf81dba68da03a085b3602039e1,eaf8ab8881be3e60
fmd_000994,/content/cossdf_work/datasets/fmd/image/wood/wood_object_045_new.jpg,wood,,,,,,,fmd,9,True,c65c90b65b96448e8c0cca8727671d65d690143473a68662a32dc4959f9149de,f43421c3338d8fcd
fmd_000995,/content/cossdf_work/datasets/fmd/image/wood/wood_object_046_new.jpg,wood,,,,,,,fmd,9,True,fdab9516e080ea15ecc35dba4dc291368af32fab58b25066aae6c7bef51c686c,95915455550779b7
fmd_000996,/content/cossdf_work/datasets/fmd/image/wood/wood_object_047_new.jpg,wood,,,,,,,fmd,9,True,b82e61fef98be513df2331a6755f9464a52bd1873a04d3b2d5424612cd3da5e8,c2a595bede2292aa
fmd_000997,/content/cossdf_work/datasets/fmd/image/wood/wood_object_048_new.jpg,wood,,,,,,,fmd,9,True,c4462ecbfd37b85b42e35c6783656d2a265d0119ade9215dc393f4043bf0a880,838f00015ebf38ff
fmd_000998,/content/cossdf_work/datasets/fmd/image/wood/wood_object_049_new.jpg,wood,,,,,,,fmd,9,True,b6efaedac6e04fea490572a3877fb0b9e6fe39c00ca6098e7d836e0d92a81688,89ca57a7b9d4046d
fmd_000999,/content/cossdf_work/datasets/fmd/image/wood/wood_object_050_new.jpg,wood,,,,,,,fmd,9,True,dbb23e71654682be79ec85cff640d5eb839662dc193d4b19b8f52983f35acb45,f38c23b39da4b381
