image_id,class_id,class_name,group_id,source_id,outer_fold
kylberg_000000,0,blanket1,blanket1::a,a,0
kylberg_000001,0,blanket1,blanket1::a,a,0
kylberg_000002,0,blanket1,blanket1::a,a,0
kylberg_000003,0,blanket1,blanket1::a,a,0
kylberg_000004,0,blanket1,blanket1::a,a,0
kylberg_000005,0,blanket1,blanket1::a,a,0
kylberg_000006,0,blanket1,blanket1::a,a,0
kylberg_000007,0,blanket1,blanket1::a,a,0
kylberg_000008,0,blanket1,blanket1::a,a,0
kylberg_000009,0,blanket1,blanket1::a,a,0
kylberg_000010,0,blanket1,blanket1::a,a,0
kylberg_000011,0,blanket1,blanket1::a,a,0
kylberg_000012,0,blanket1,blanket1::a,a,0
kylberg_000013,0,blanket1,blanket1::a,a,0
kylberg_000014,0,blanket1,blanket1::a,a,0
kylberg_000015,0,blanket1,blanket1::a,a,0
kylberg_000016,0,blanket1,blanket1::a,a,0
kylberg_000017,0,blanket1,blanket1::a,a,0
kylberg_000018,0,blanket1,blanket1::a,a,0
kylberg_000019,0,blanket1,blanket1::a,a,0
kylberg_000020,0,blanket1,blanket1::a,a,0
kylberg_000021,0,blanket1,blanket1::a,a,0
kylberg_000022,0,blanket1,blanket1::a,a,0
kylberg_000023,0,blanket1,blanket1::a,a,0
kylberg_000024,0,blanket1,blanket1::a,a,0
kylberg_000025,0,blanket1,blanket1::a,a,0
kylberg_000026,0,blanket1,blanket1::a,a,0
kylberg_000027,0,blanket1,blanket1::a,a,0
kylberg_000028,0,blanket1,blanket1::a,a,0
kylberg_000029,0,blanket1,blanket1::a,a,0
kylberg_000030,0,blanket1,blanket1::a,a,0
kylberg_000031,0,blanket1,blanket1::a,a,0
kylberg_000032,0,blanket1,blanket1::a,a,0
kylberg_000033,0,blanket1,blanket1::a,a,0
kylberg_000034,0,blanket1,blanket1::a,a,0
kylberg_000035,0,blanket1,blanket1::a,a,0
kylberg_000036,0,blanket1,blanket1::a,a,0
kylberg_000037,0,blanket1,blanket1::a,a,0
kylberg_000038,0,blanket1,blanket1::a,a,0
kylberg_000039,0,blanket1,blanket1::a,a,0
kylberg_000040,0,blanket1,blanket1::b,b,1
kylberg_000041,0,blanket1,blanket1::b,b,1
kylberg_000042,0,blanket1,blanket1::b,b,1
kylberg_000043,0,blanket1,blanket1::b,b,1
kylberg_000044,0,blanket1,blanket1::b,b,1
kylberg_000045,0,blanket1,blanket1::b,b,1
kylberg_000046,0,blanket1,blanket1::b,b,1
kylberg_000047,0,blanket1,blanket1::b,b,1
kylberg_000048,0,blanket1,blanket1::b,b,1
kylberg_000049,0,blanket1,blanket1::b,b,1
kylberg_000050,0,blanket1,blanket1::b,b,1
kylberg_000051,0,blanket1,blanket1::b,b,1
kylberg_000052,0,blanket1,blanket1::b,b,1
kylberg_000053,0,blanket1,blanket1::b,b,1
kylberg_000054,0,blanket1,blanket1::b,b,1
kylberg_000055,0,blanket1,blanket1::b,b,1
kylberg_000056,0,blanket1,blanket1::b,b,1
kylberg_000057,0,blanket1,blanket1::b,b,1
kylberg_000058,0,blanket1,blanket1::b,b,1
kylberg_000059,0,blanket1,blanket1::b,b,1
kylberg_000060,0,blanket1,blanket1::b,b,1
kylberg_000061,0,blanket1,blanket1::b,b,1
kylberg_000062,0,blanket1,blanket1::b,b,1
kylberg_000063,0,blanket1,blanket1::b,b,1
kylberg_000064,0,blanket1,blanket1::b,b,1
kylberg_000065,0,blanket1,blanket1::b,b,1
kylberg_000066,0,blanket1,blanket1::b,b,1
kylberg_000067,0,blanket1,blanket1::b,b,1
kylberg_000068,0,blanket1,blanket1::b,b,1
kylberg_000069,0,blanket1,blanket1::b,b,1
kylberg_000070,0,blanket1,blanket1::b,b,1
kylberg_000071,0,blanket1,blanket1::b,b,1
kylberg_000072,0,blanket1,blanket1::b,b,1
kylberg_000073,0,blanket1,blanket1::b,b,1
kylberg_000074,0,blanket1,blanket1::b,b,1
kylberg_000075,0,blanket1,blanket1::b,b,1
kylberg_000076,0,blanket1,blanket1::b,b,1
kylberg_000077,0,blanket1,blanket1::b,b,1
kylberg_000078,0,blanket1,blanket1::b,b,1
kylberg_000079,0,blanket1,blanket1::b,b,1
kylberg_000080,0,blanket1,blanket1::c,c,2
kylberg_000081,0,blanket1,blanket1::c,c,2
kylberg_000082,0,blanket1,blanket1::c,c,2
kylberg_000083,0,blanket1,blanket1::c,c,2
kylberg_000084,0,blanket1,blanket1::c,c,2
kylberg_000085,0,blanket1,blanket1::c,c,2
kylberg_000086,0,blanket1,blanket1::c,c,2
kylberg_000087,0,blanket1,blanket1::c,c,2
kylberg_000088,0,blanket1,blanket1::c,c,2
kylberg_000089,0,blanket1,blanket1::c,c,2
kylberg_000090,0,blanket1,blanket1::c,c,2
kylberg_000091,0,blanket1,blanket1::c,c,2
kylberg_000092,0,blanket1,blanket1::c,c,2
kylberg_000093,0,blanket1,blanket1::c,c,2
kylberg_000094,0,blanket1,blanket1::c,c,2
kylberg_000095,0,blanket1,blanket1::c,c,2
kylberg_000096,0,blanket1,blanket1::c,c,2
kylberg_000097,0,blanket1,blanket1::c,c,2
kylberg_000098,0,blanket1,blanket1::c,c,2
kylberg_000099,0,blanket1,blanket1::c,c,2
kylberg_000100,0,blanket1,blanket1::c,c,2
kylberg_000101,0,blanket1,blanket1::c,c,2
kylberg_000102,0,blanket1,blanket1::c,c,2
kylberg_000103,0,blanket1,blanket1::c,c,2
kylberg_000104,0,blanket1,blanket1::c,c,2
kylberg_000105,0,blanket1,blanket1::c,c,2
kylberg_000106,0,blanket1,blanket1::c,c,2
kylberg_000107,0,blanket1,blanket1::c,c,2
kylberg_000108,0,blanket1,blanket1::c,c,2
kylberg_000109,0,blanket1,blanket1::c,c,2
kylberg_000110,0,blanket1,blanket1::c,c,2
kylberg_000111,0,blanket1,blanket1::c,c,2
kylberg_000112,0,blanket1,blanket1::c,c,2
kylberg_000113,0,blanket1,blanket1::c,c,2
kylberg_000114,0,blanket1,blanket1::c,c,2
kylberg_000115,0,blanket1,blanket1::c,c,2
kylberg_000116,0,blanket1,blanket1::c,c,2
kylberg_000117,0,blanket1,blanket1::c,c,2
kylberg_000118,0,blanket1,blanket1::c,c,2
kylberg_000119,0,blanket1,blanket1::c,c,2
kylberg_000120,0,blanket1,blanket1::d,d,3
kylberg_000121,0,blanket1,blanket1::d,d,3
kylberg_000122,0,blanket1,blanket1::d,d,3
kylberg_000123,0,blanket1,blanket1::d,d,3
kylberg_000124,0,blanket1,blanket1::d,d,3
kylberg_000125,0,blanket1,blanket1::d,d,3
kylberg_000126,0,blanket1,blanket1::d,d,3
kylberg_000127,0,blanket1,blanket1::d,d,3
kylberg_000128,0,blanket1,blanket1::d,d,3
kylberg_000129,0,blanket1,blanket1::d,d,3
kylberg_000130,0,blanket1,blanket1::d,d,3
kylberg_000131,0,blanket1,blanket1::d,d,3
kylberg_000132,0,blanket1,blanket1::d,d,3
kylberg_000133,0,blanket1,blanket1::d,d,3
kylberg_000134,0,blanket1,blanket1::d,d,3
kylberg_000135,0,blanket1,blanket1::d,d,3
kylberg_000136,0,blanket1,blanket1::d,d,3
kylberg_000137,0,blanket1,blanket1::d,d,3
kylberg_000138,0,blanket1,blanket1::d,d,3
kylberg_000139,0,blanket1,blanket1::d,d,3
kylberg_000140,0,blanket1,blanket1::d,d,3
kylberg_000141,0,blanket1,blanket1::d,d,3
kylberg_000142,0,blanket1,blanket1::d,d,3
kylberg_000143,0,blanket1,blanket1::d,d,3
kylberg_000144,0,blanket1,blanket1::d,d,3
kylberg_000145,0,blanket1,blanket1::d,d,3
kylberg_000146,0,blanket1,blanket1::d,d,3
kylberg_000147,0,blanket1,blanket1::d,d,3
kylberg_000148,0,blanket1,blanket1::d,d,3
kylberg_000149,0,blanket1,blanket1::d,d,3
kylberg_000150,0,blanket1,blanket1::d,d,3
kylberg_000151,0,blanket1,blanket1::d,d,3
kylberg_000152,0,blanket1,blanket1::d,d,3
kylberg_000153,0,blanket1,blanket1::d,d,3
kylberg_000154,0,blanket1,blanket1::d,d,3
kylberg_000155,0,blanket1,blanket1::d,d,3
kylberg_000156,0,blanket1,blanket1::d,d,3
kylberg_000157,0,blanket1,blanket1::d,d,3
kylberg_000158,0,blanket1,blanket1::d,d,3
kylberg_000159,0,blanket1,blanket1::d,d,3
kylberg_000160,1,blanket2,blanket2::a,a,0
kylberg_000161,1,blanket2,blanket2::a,a,0
kylberg_000162,1,blanket2,blanket2::a,a,0
kylberg_000163,1,blanket2,blanket2::a,a,0
kylberg_000164,1,blanket2,blanket2::a,a,0
kylberg_000165,1,blanket2,blanket2::a,a,0
kylberg_000166,1,blanket2,blanket2::a,a,0
kylberg_000167,1,blanket2,blanket2::a,a,0
kylberg_000168,1,blanket2,blanket2::a,a,0
kylberg_000169,1,blanket2,blanket2::a,a,0
kylberg_000170,1,blanket2,blanket2::a,a,0
kylberg_000171,1,blanket2,blanket2::a,a,0
kylberg_000172,1,blanket2,blanket2::a,a,0
kylberg_000173,1,blanket2,blanket2::a,a,0
kylberg_000174,1,blanket2,blanket2::a,a,0
kylberg_000175,1,blanket2,blanket2::a,a,0
kylberg_000176,1,blanket2,blanket2::a,a,0
kylberg_000177,1,blanket2,blanket2::a,a,0
kylberg_000178,1,blanket2,blanket2::a,a,0
kylberg_000179,1,blanket2,blanket2::a,a,0
kylberg_000180,1,blanket2,blanket2::a,a,0
kylberg_000181,1,blanket2,blanket2::a,a,0
kylberg_000182,1,blanket2,blanket2::a,a,0
kylberg_000183,1,blanket2,blanket2::a,a,0
kylberg_000184,1,blanket2,blanket2::a,a,0
kylberg_000185,1,blanket2,blanket2::a,a,0
kylberg_000186,1,blanket2,blanket2::a,a,0
kylberg_000187,1,blanket2,blanket2::a,a,0
kylberg_000188,1,blanket2,blanket2::a,a,0
kylberg_000189,1,blanket2,blanket2::a,a,0
kylberg_000190,1,blanket2,blanket2::a,a,0
kylberg_000191,1,blanket2,blanket2::a,a,0
kylberg_000192,1,blanket2,blanket2::a,a,0
kylberg_000193,1,blanket2,blanket2::a,a,0
kylberg_000194,1,blanket2,blanket2::a,a,0
kylberg_000195,1,blanket2,blanket2::a,a,0
kylberg_000196,1,blanket2,blanket2::a,a,0
kylberg_000197,1,blanket2,blanket2::a,a,0
kylberg_000198,1,blanket2,blanket2::a,a,0
kylberg_000199,1,blanket2,blanket2::a,a,0
kylberg_000200,1,blanket2,blanket2::b,b,1
kylberg_000201,1,blanket2,blanket2::b,b,1
kylberg_000202,1,blanket2,blanket2::b,b,1
kylberg_000203,1,blanket2,blanket2::b,b,1
kylberg_000204,1,blanket2,blanket2::b,b,1
kylberg_000205,1,blanket2,blanket2::b,b,1
kylberg_000206,1,blanket2,blanket2::b,b,1
kylberg_000207,1,blanket2,blanket2::b,b,1
kylberg_000208,1,blanket2,blanket2::b,b,1
kylberg_000209,1,blanket2,blanket2::b,b,1
kylberg_000210,1,blanket2,blanket2::b,b,1
kylberg_000211,1,blanket2,blanket2::b,b,1
kylberg_000212,1,blanket2,blanket2::b,b,1
kylberg_000213,1,blanket2,blanket2::b,b,1
kylberg_000214,1,blanket2,blanket2::b,b,1
kylberg_000215,1,blanket2,blanket2::b,b,1
kylberg_000216,1,blanket2,blanket2::b,b,1
kylberg_000217,1,blanket2,blanket2::b,b,1
kylberg_000218,1,blanket2,blanket2::b,b,1
kylberg_000219,1,blanket2,blanket2::b,b,1
kylberg_000220,1,blanket2,blanket2::b,b,1
kylberg_000221,1,blanket2,blanket2::b,b,1
kylberg_000222,1,blanket2,blanket2::b,b,1
kylberg_000223,1,blanket2,blanket2::b,b,1
kylberg_000224,1,blanket2,blanket2::b,b,1
kylberg_000225,1,blanket2,blanket2::b,b,1
kylberg_000226,1,blanket2,blanket2::b,b,1
kylberg_000227,1,blanket2,blanket2::b,b,1
kylberg_000228,1,blanket2,blanket2::b,b,1
kylberg_000229,1,blanket2,blanket2::b,b,1
kylberg_000230,1,blanket2,blanket2::b,b,1
kylberg_000231,1,blanket2,blanket2::b,b,1
kylberg_000232,1,blanket2,blanket2::b,b,1
kylberg_000233,1,blanket2,blanket2::b,b,1
kylberg_000234,1,blanket2,blanket2::b,b,1
kylberg_000235,1,blanket2,blanket2::b,b,1
kylberg_000236,1,blanket2,blanket2::b,b,1
kylberg_000237,1,blanket2,blanket2::b,b,1
kylberg_000238,1,blanket2,blanket2::b,b,1
kylberg_000239,1,blanket2,blanket2::b,b,1
kylberg_000240,1,blanket2,blanket2::c,c,2
kylberg_000241,1,blanket2,blanket2::c,c,2
kylberg_000242,1,blanket2,blanket2::c,c,2
kylberg_000243,1,blanket2,blanket2::c,c,2
kylberg_000244,1,blanket2,blanket2::c,c,2
kylberg_000245,1,blanket2,blanket2::c,c,2
kylberg_000246,1,blanket2,blanket2::c,c,2
kylberg_000247,1,blanket2,blanket2::c,c,2
kylberg_000248,1,blanket2,blanket2::c,c,2
kylberg_000249,1,blanket2,blanket2::c,c,2
kylberg_000250,1,blanket2,blanket2::c,c,2
kylberg_000251,1,blanket2,blanket2::c,c,2
kylberg_000252,1,blanket2,blanket2::c,c,2
kylberg_000253,1,blanket2,blanket2::c,c,2
kylberg_000254,1,blanket2,blanket2::c,c,2
kylberg_000255,1,blanket2,blanket2::c,c,2
kylberg_000256,1,blanket2,blanket2::c,c,2
kylberg_000257,1,blanket2,blanket2::c,c,2
kylberg_000258,1,blanket2,blanket2::c,c,2
kylberg_000259,1,blanket2,blanket2::c,c,2
kylberg_000260,1,blanket2,blanket2::c,c,2
kylberg_000261,1,blanket2,blanket2::c,c,2
kylberg_000262,1,blanket2,blanket2::c,c,2
kylberg_000263,1,blanket2,blanket2::c,c,2
kylberg_000264,1,blanket2,blanket2::c,c,2
kylberg_000265,1,blanket2,blanket2::c,c,2
kylberg_000266,1,blanket2,blanket2::c,c,2
kylberg_000267,1,blanket2,blanket2::c,c,2
kylberg_000268,1,blanket2,blanket2::c,c,2
kylberg_000269,1,blanket2,blanket2::c,c,2
kylberg_000270,1,blanket2,blanket2::c,c,2
kylberg_000271,1,blanket2,blanket2::c,c,2
kylberg_000272,1,blanket2,blanket2::c,c,2
kylberg_000273,1,blanket2,blanket2::c,c,2
kylberg_000274,1,blanket2,blanket2::c,c,2
kylberg_000275,1,blanket2,blanket2::c,c,2
kylberg_000276,1,blanket2,blanket2::c,c,2
kylberg_000277,1,blanket2,blanket2::c,c,2
kylberg_000278,1,blanket2,blanket2::c,c,2
kylberg_000279,1,blanket2,blanket2::c,c,2
kylberg_000280,1,blanket2,blanket2::d,d,3
kylberg_000281,1,blanket2,blanket2::d,d,3
kylberg_000282,1,blanket2,blanket2::d,d,3
kylberg_000283,1,blanket2,blanket2::d,d,3
kylberg_000284,1,blanket2,blanket2::d,d,3
kylberg_000285,1,blanket2,blanket2::d,d,3
kylberg_000286,1,blanket2,blanket2::d,d,3
kylberg_000287,1,blanket2,blanket2::d,d,3
kylberg_000288,1,blanket2,blanket2::d,d,3
kylberg_000289,1,blanket2,blanket2::d,d,3
kylberg_000290,1,blanket2,blanket2::d,d,3
kylberg_000291,1,blanket2,blanket2::d,d,3
kylberg_000292,1,blanket2,blanket2::d,d,3
kylberg_000293,1,blanket2,blanket2::d,d,3
kylberg_000294,1,blanket2,blanket2::d,d,3
kylberg_000295,1,blanket2,blanket2::d,d,3
kylberg_000296,1,blanket2,blanket2::d,d,3
kylberg_000297,1,blanket2,blanket2::d,d,3
kylberg_000298,1,blanket2,blanket2::d,d,3
kylberg_000299,1,blanket2,blanket2::d,d,3
kylberg_000300,1,blanket2,blanket2::d,d,3
kylberg_000301,1,blanket2,blanket2::d,d,3
kylberg_000302,1,blanket2,blanket2::d,d,3
kylberg_000303,1,blanket2,blanket2::d,d,3
kylberg_000304,1,blanket2,blanket2::d,d,3
kylberg_000305,1,blanket2,blanket2::d,d,3
kylberg_000306,1,blanket2,blanket2::d,d,3
kylberg_000307,1,blanket2,blanket2::d,d,3
kylberg_000308,1,blanket2,blanket2::d,d,3
kylberg_000309,1,blanket2,blanket2::d,d,3
kylberg_000310,1,blanket2,blanket2::d,d,3
kylberg_000311,1,blanket2,blanket2::d,d,3
kylberg_000312,1,blanket2,blanket2::d,d,3
kylberg_000313,1,blanket2,blanket2::d,d,3
kylberg_000314,1,blanket2,blanket2::d,d,3
kylberg_000315,1,blanket2,blanket2::d,d,3
kylberg_000316,1,blanket2,blanket2::d,d,3
kylberg_000317,1,blanket2,blanket2::d,d,3
kylberg_000318,1,blanket2,blanket2::d,d,3
kylberg_000319,1,blanket2,blanket2::d,d,3
kylberg_000320,2,canvas1,canvas1::a,a,0
kylberg_000321,2,canvas1,canvas1::a,a,0
kylberg_000322,2,canvas1,canvas1::a,a,0
kylberg_000323,2,canvas1,canvas1::a,a,0
kylberg_000324,2,canvas1,canvas1::a,a,0
kylberg_000325,2,canvas1,canvas1::a,a,0
kylberg_000326,2,canvas1,canvas1::a,a,0
kylberg_000327,2,canvas1,canvas1::a,a,0
kylberg_000328,2,canvas1,canvas1::a,a,0
kylberg_000329,2,canvas1,canvas1::a,a,0
kylberg_000330,2,canvas1,canvas1::a,a,0
kylberg_000331,2,canvas1,canvas1::a,a,0
kylberg_000332,2,canvas1,canvas1::a,a,0
kylberg_000333,2,canvas1,canvas1::a,a,0
kylberg_000334,2,canvas1,canvas1::a,a,0
kylberg_000335,2,canvas1,canvas1::a,a,0
kylberg_000336,2,canvas1,canvas1::a,a,0
kylberg_000337,2,canvas1,canvas1::a,a,0
kylberg_000338,2,canvas1,canvas1::a,a,0
kylberg_000339,2,canvas1,canvas1::a,a,0
kylberg_000340,2,canvas1,canvas1::a,a,0
kylberg_000341,2,canvas1,canvas1::a,a,0
kylberg_000342,2,canvas1,canvas1::a,a,0
kylberg_000343,2,canvas1,canvas1::a,a,0
kylberg_000344,2,canvas1,canvas1::a,a,0
kylberg_000345,2,canvas1,canvas1::a,a,0
kylberg_000346,2,canvas1,canvas1::a,a,0
kylberg_000347,2,canvas1,canvas1::a,a,0
kylberg_000348,2,canvas1,canvas1::a,a,0
kylberg_000349,2,canvas1,canvas1::a,a,0
kylberg_000350,2,canvas1,canvas1::a,a,0
kylberg_000351,2,canvas1,canvas1::a,a,0
kylberg_000352,2,canvas1,canvas1::a,a,0
kylberg_000353,2,canvas1,canvas1::a,a,0
kylberg_000354,2,canvas1,canvas1::a,a,0
kylberg_000355,2,canvas1,canvas1::a,a,0
kylberg_000356,2,canvas1,canvas1::a,a,0
kylberg_000357,2,canvas1,canvas1::a,a,0
kylberg_000358,2,canvas1,canvas1::a,a,0
kylberg_000359,2,canvas1,canvas1::a,a,0
kylberg_000360,2,canvas1,canvas1::b,b,1
kylberg_000361,2,canvas1,canvas1::b,b,1
kylberg_000362,2,canvas1,canvas1::b,b,1
kylberg_000363,2,canvas1,canvas1::b,b,1
kylberg_000364,2,canvas1,canvas1::b,b,1
kylberg_000365,2,canvas1,canvas1::b,b,1
kylberg_000366,2,canvas1,canvas1::b,b,1
kylberg_000367,2,canvas1,canvas1::b,b,1
kylberg_000368,2,canvas1,canvas1::b,b,1
kylberg_000369,2,canvas1,canvas1::b,b,1
kylberg_000370,2,canvas1,canvas1::b,b,1
kylberg_000371,2,canvas1,canvas1::b,b,1
kylberg_000372,2,canvas1,canvas1::b,b,1
kylberg_000373,2,canvas1,canvas1::b,b,1
kylberg_000374,2,canvas1,canvas1::b,b,1
kylberg_000375,2,canvas1,canvas1::b,b,1
kylberg_000376,2,canvas1,canvas1::b,b,1
kylberg_000377,2,canvas1,canvas1::b,b,1
kylberg_000378,2,canvas1,canvas1::b,b,1
kylberg_000379,2,canvas1,canvas1::b,b,1
kylberg_000380,2,canvas1,canvas1::b,b,1
kylberg_000381,2,canvas1,canvas1::b,b,1
kylberg_000382,2,canvas1,canvas1::b,b,1
kylberg_000383,2,canvas1,canvas1::b,b,1
kylberg_000384,2,canvas1,canvas1::b,b,1
kylberg_000385,2,canvas1,canvas1::b,b,1
kylberg_000386,2,canvas1,canvas1::b,b,1
kylberg_000387,2,canvas1,canvas1::b,b,1
kylberg_000388,2,canvas1,canvas1::b,b,1
kylberg_000389,2,canvas1,canvas1::b,b,1
kylberg_000390,2,canvas1,canvas1::b,b,1
kylberg_000391,2,canvas1,canvas1::b,b,1
kylberg_000392,2,canvas1,canvas1::b,b,1
kylberg_000393,2,canvas1,canvas1::b,b,1
kylberg_000394,2,canvas1,canvas1::b,b,1
kylberg_000395,2,canvas1,canvas1::b,b,1
kylberg_000396,2,canvas1,canvas1::b,b,1
kylberg_000397,2,canvas1,canvas1::b,b,1
kylberg_000398,2,canvas1,canvas1::b,b,1
kylberg_000399,2,canvas1,canvas1::b,b,1
kylberg_000400,2,canvas1,canvas1::c,c,2
kylberg_000401,2,canvas1,canvas1::c,c,2
kylberg_000402,2,canvas1,canvas1::c,c,2
kylberg_000403,2,canvas1,canvas1::c,c,2
kylberg_000404,2,canvas1,canvas1::c,c,2
kylberg_000405,2,canvas1,canvas1::c,c,2
kylberg_000406,2,canvas1,canvas1::c,c,2
kylberg_000407,2,canvas1,canvas1::c,c,2
kylberg_000408,2,canvas1,canvas1::c,c,2
kylberg_000409,2,canvas1,canvas1::c,c,2
kylberg_000410,2,canvas1,canvas1::c,c,2
kylberg_000411,2,canvas1,canvas1::c,c,2
kylberg_000412,2,canvas1,canvas1::c,c,2
kylberg_000413,2,canvas1,canvas1::c,c,2
kylberg_000414,2,canvas1,canvas1::c,c,2
kylberg_000415,2,canvas1,canvas1::c,c,2
kylberg_000416,2,canvas1,canvas1::c,c,2
kylberg_000417,2,canvas1,canvas1::c,c,2
kylberg_000418,2,canvas1,canvas1::c,c,2
kylberg_000419,2,canvas1,canvas1::c,c,2
kylberg_000420,2,canvas1,canvas1::c,c,2
kylberg_000421,2,canvas1,canvas1::c,c,2
kylberg_000422,2,canvas1,canvas1::c,c,2
kylberg_000423,2,canvas1,canvas1::c,c,2
kylberg_000424,2,canvas1,canvas1::c,c,2
kylberg_000425,2,canvas1,canvas1::c,c,2
kylberg_000426,2,canvas1,canvas1::c,c,2
kylberg_000427,2,canvas1,canvas1::c,c,2
kylberg_000428,2,canvas1,canvas1::c,c,2
kylberg_000429,2,canvas1,canvas1::c,c,2
kylberg_000430,2,canvas1,canvas1::c,c,2
kylberg_000431,2,canvas1,canvas1::c,c,2
kylberg_000432,2,canvas1,canvas1::c,c,2
kylberg_000433,2,canvas1,canvas1::c,c,2
kylberg_000434,2,canvas1,canvas1::c,c,2
kylberg_000435,2,canvas1,canvas1::c,c,2
kylberg_000436,2,canvas1,canvas1::c,c,2
kylberg_000437,2,canvas1,canvas1::c,c,2
kylberg_000438,2,canvas1,canvas1::c,c,2
kylberg_000439,2,canvas1,canvas1::c,c,2
kylberg_000440,2,canvas1,canvas1::d,d,3
kylberg_000441,2,canvas1,canvas1::d,d,3
kylberg_000442,2,canvas1,canvas1::d,d,3
kylberg_000443,2,canvas1,canvas1::d,d,3
kylberg_000444,2,canvas1,canvas1::d,d,3
kylberg_000445,2,canvas1,canvas1::d,d,3
kylberg_000446,2,canvas1,canvas1::d,d,3
kylberg_000447,2,canvas1,canvas1::d,d,3
kylberg_000448,2,canvas1,canvas1::d,d,3
kylberg_000449,2,canvas1,canvas1::d,d,3
kylberg_000450,2,canvas1,canvas1::d,d,3
kylberg_000451,2,canvas1,canvas1::d,d,3
kylberg_000452,2,canvas1,canvas1::d,d,3
kylberg_000453,2,canvas1,canvas1::d,d,3
kylberg_000454,2,canvas1,canvas1::d,d,3
kylberg_000455,2,canvas1,canvas1::d,d,3
kylberg_000456,2,canvas1,canvas1::d,d,3
kylberg_000457,2,canvas1,canvas1::d,d,3
kylberg_000458,2,canvas1,canvas1::d,d,3
kylberg_000459,2,canvas1,canvas1::d,d,3
kylberg_000460,2,canvas1,canvas1::d,d,3
kylberg_000461,2,canvas1,canvas1::d,d,3
kylberg_000462,2,canvas1,canvas1::d,d,3
kylberg_000463,2,canvas1,canvas1::d,d,3
kylberg_000464,2,canvas1,canvas1::d,d,3
kylberg_000465,2,canvas1,canvas1::d,d,3
kylberg_000466,2,canvas1,canvas1::d,d,3
kylberg_000467,2,canvas1,canvas1::d,d,3
kylberg_000468,2,canvas1,canvas1::d,d,3
kylberg_000469,2,canvas1,canvas1::d,d,3
kylberg_000470,2,canvas1,canvas1::d,d,3
kylberg_000471,2,canvas1,canvas1::d,d,3
kylberg_000472,2,canvas1,canvas1::d,d,3
kylberg_000473,2,canvas1,canvas1::d,d,3
kylberg_000474,2,canvas1,canvas1::d,d,3
kylberg_000475,2,canvas1,canvas1::d,d,3
kylberg_000476,2,canvas1,canvas1::d,d,3
kylberg_000477,2,canvas1,canvas1::d,d,3
kylberg_000478,2,canvas1,canvas1::d,d,3
kylberg_000479,2,canvas1,canvas1::d,d,3
kylberg_000480,3,ceiling1,ceiling1::a,a,0
kylberg_000481,3,ceiling1,ceiling1::a,a,0
kylberg_000482,3,ceiling1,ceiling1::a,a,0
kylberg_000483,3,ceiling1,ceiling1::a,a,0
kylberg_000484,3,ceiling1,ceiling1::a,a,0
kylberg_000485,3,ceiling1,ceiling1::a,a,0
kylberg_000486,3,ceiling1,ceiling1::a,a,0
kylberg_000487,3,ceiling1,ceiling1::a,a,0
kylberg_000488,3,ceiling1,ceiling1::a,a,0
kylberg_000489,3,ceiling1,ceiling1::a,a,0
kylberg_000490,3,ceiling1,ceiling1::a,a,0
kylberg_000491,3,ceiling1,ceiling1::a,a,0
kylberg_000492,3,ceiling1,ceiling1::a,a,0
kylberg_000493,3,ceiling1,ceiling1::a,a,0
kylberg_000494,3,ceiling1,ceiling1::a,a,0
kylberg_000495,3,ceiling1,ceiling1::a,a,0
kylberg_000496,3,ceiling1,ceiling1::a,a,0
kylberg_000497,3,ceiling1,ceiling1::a,a,0
kylberg_000498,3,ceiling1,ceiling1::a,a,0
kylberg_000499,3,ceiling1,ceiling1::a,a,0
kylberg_000500,3,ceiling1,ceiling1::a,a,0
kylberg_000501,3,ceiling1,ceiling1::a,a,0
kylberg_000502,3,ceiling1,ceiling1::a,a,0
kylberg_000503,3,ceiling1,ceiling1::a,a,0
kylberg_000504,3,ceiling1,ceiling1::a,a,0
kylberg_000505,3,ceiling1,ceiling1::a,a,0
kylberg_000506,3,ceiling1,ceiling1::a,a,0
kylberg_000507,3,ceiling1,ceiling1::a,a,0
kylberg_000508,3,ceiling1,ceiling1::a,a,0
kylberg_000509,3,ceiling1,ceiling1::a,a,0
kylberg_000510,3,ceiling1,ceiling1::a,a,0
kylberg_000511,3,ceiling1,ceiling1::a,a,0
kylberg_000512,3,ceiling1,ceiling1::a,a,0
kylberg_000513,3,ceiling1,ceiling1::a,a,0
kylberg_000514,3,ceiling1,ceiling1::a,a,0
kylberg_000515,3,ceiling1,ceiling1::a,a,0
kylberg_000516,3,ceiling1,ceiling1::a,a,0
kylberg_000517,3,ceiling1,ceiling1::a,a,0
kylberg_000518,3,ceiling1,ceiling1::a,a,0
kylberg_000519,3,ceiling1,ceiling1::a,a,0
kylberg_000520,3,ceiling1,ceiling1::b,b,1
kylberg_000521,3,ceiling1,ceiling1::b,b,1
kylberg_000522,3,ceiling1,ceiling1::b,b,1
kylberg_000523,3,ceiling1,ceiling1::b,b,1
kylberg_000524,3,ceiling1,ceiling1::b,b,1
kylberg_000525,3,ceiling1,ceiling1::b,b,1
kylberg_000526,3,ceiling1,ceiling1::b,b,1
kylberg_000527,3,ceiling1,ceiling1::b,b,1
kylberg_000528,3,ceiling1,ceiling1::b,b,1
kylberg_000529,3,ceiling1,ceiling1::b,b,1
kylberg_000530,3,ceiling1,ceiling1::b,b,1
kylberg_000531,3,ceiling1,ceiling1::b,b,1
kylberg_000532,3,ceiling1,ceiling1::b,b,1
kylberg_000533,3,ceiling1,ceiling1::b,b,1
kylberg_000534,3,ceiling1,ceiling1::b,b,1
kylberg_000535,3,ceiling1,ceiling1::b,b,1
kylberg_000536,3,ceiling1,ceiling1::b,b,1
kylberg_000537,3,ceiling1,ceiling1::b,b,1
kylberg_000538,3,ceiling1,ceiling1::b,b,1
kylberg_000539,3,ceiling1,ceiling1::b,b,1
kylberg_000540,3,ceiling1,ceiling1::b,b,1
kylberg_000541,3,ceiling1,ceiling1::b,b,1
kylberg_000542,3,ceiling1,ceiling1::b,b,1
kylberg_000543,3,ceiling1,ceiling1::b,b,1
kylberg_000544,3,ceiling1,ceiling1::b,b,1
kylberg_000545,3,ceiling1,ceiling1::b,b,1
kylberg_000546,3,ceiling1,ceiling1::b,b,1
kylberg_000547,3,ceiling1,ceiling1::b,b,1
kylberg_000548,3,ceiling1,ceiling1::b,b,1
kylberg_000549,3,ceiling1,ceiling1::b,b,1
kylberg_000550,3,ceiling1,ceiling1::b,b,1
kylberg_000551,3,ceiling1,ceiling1::b,b,1
kylberg_000552,3,ceiling1,ceiling1::b,b,1
kylberg_000553,3,ceiling1,ceiling1::b,b,1
kylberg_000554,3,ceiling1,ceiling1::b,b,1
kylberg_000555,3,ceiling1,ceiling1::b,b,1
kylberg_000556,3,ceiling1,ceiling1::b,b,1
kylberg_000557,3,ceiling1,ceiling1::b,b,1
kylberg_000558,3,ceiling1,ceiling1::b,b,1
kylberg_000559,3,ceiling1,ceiling1::b,b,1
kylberg_000560,3,ceiling1,ceiling1::c,c,2
kylberg_000561,3,ceiling1,ceiling1::c,c,2
kylberg_000562,3,ceiling1,ceiling1::c,c,2
kylberg_000563,3,ceiling1,ceiling1::c,c,2
kylberg_000564,3,ceiling1,ceiling1::c,c,2
kylberg_000565,3,ceiling1,ceiling1::c,c,2
kylberg_000566,3,ceiling1,ceiling1::c,c,2
kylberg_000567,3,ceiling1,ceiling1::c,c,2
kylberg_000568,3,ceiling1,ceiling1::c,c,2
kylberg_000569,3,ceiling1,ceiling1::c,c,2
kylberg_000570,3,ceiling1,ceiling1::c,c,2
kylberg_000571,3,ceiling1,ceiling1::c,c,2
kylberg_000572,3,ceiling1,ceiling1::c,c,2
kylberg_000573,3,ceiling1,ceiling1::c,c,2
kylberg_000574,3,ceiling1,ceiling1::c,c,2
kylberg_000575,3,ceiling1,ceiling1::c,c,2
kylberg_000576,3,ceiling1,ceiling1::c,c,2
kylberg_000577,3,ceiling1,ceiling1::c,c,2
kylberg_000578,3,ceiling1,ceiling1::c,c,2
kylberg_000579,3,ceiling1,ceiling1::c,c,2
kylberg_000580,3,ceiling1,ceiling1::c,c,2
kylberg_000581,3,ceiling1,ceiling1::c,c,2
kylberg_000582,3,ceiling1,ceiling1::c,c,2
kylberg_000583,3,ceiling1,ceiling1::c,c,2
kylberg_000584,3,ceiling1,ceiling1::c,c,2
kylberg_000585,3,ceiling1,ceiling1::c,c,2
kylberg_000586,3,ceiling1,ceiling1::c,c,2
kylberg_000587,3,ceiling1,ceiling1::c,c,2
kylberg_000588,3,ceiling1,ceiling1::c,c,2
kylberg_000589,3,ceiling1,ceiling1::c,c,2
kylberg_000590,3,ceiling1,ceiling1::c,c,2
kylberg_000591,3,ceiling1,ceiling1::c,c,2
kylberg_000592,3,ceiling1,ceiling1::c,c,2
kylberg_000593,3,ceiling1,ceiling1::c,c,2
kylberg_000594,3,ceiling1,ceiling1::c,c,2
kylberg_000595,3,ceiling1,ceiling1::c,c,2
kylberg_000596,3,ceiling1,ceiling1::c,c,2
kylberg_000597,3,ceiling1,ceiling1::c,c,2
kylberg_000598,3,ceiling1,ceiling1::c,c,2
kylberg_000599,3,ceiling1,ceiling1::c,c,2
kylberg_000600,3,ceiling1,ceiling1::d,d,3
kylberg_000601,3,ceiling1,ceiling1::d,d,3
kylberg_000602,3,ceiling1,ceiling1::d,d,3
kylberg_000603,3,ceiling1,ceiling1::d,d,3
kylberg_000604,3,ceiling1,ceiling1::d,d,3
kylberg_000605,3,ceiling1,ceiling1::d,d,3
kylberg_000606,3,ceiling1,ceiling1::d,d,3
kylberg_000607,3,ceiling1,ceiling1::d,d,3
kylberg_000608,3,ceiling1,ceiling1::d,d,3
kylberg_000609,3,ceiling1,ceiling1::d,d,3
kylberg_000610,3,ceiling1,ceiling1::d,d,3
kylberg_000611,3,ceiling1,ceiling1::d,d,3
kylberg_000612,3,ceiling1,ceiling1::d,d,3
kylberg_000613,3,ceiling1,ceiling1::d,d,3
kylberg_000614,3,ceiling1,ceiling1::d,d,3
kylberg_000615,3,ceiling1,ceiling1::d,d,3
kylberg_000616,3,ceiling1,ceiling1::d,d,3
kylberg_000617,3,ceiling1,ceiling1::d,d,3
kylberg_000618,3,ceiling1,ceiling1::d,d,3
kylberg_000619,3,ceiling1,ceiling1::d,d,3
kylberg_000620,3,ceiling1,ceiling1::d,d,3
kylberg_000621,3,ceiling1,ceiling1::d,d,3
kylberg_000622,3,ceiling1,ceiling1::d,d,3
kylberg_000623,3,ceiling1,ceiling1::d,d,3
kylberg_000624,3,ceiling1,ceiling1::d,d,3
kylberg_000625,3,ceiling1,ceiling1::d,d,3
kylberg_000626,3,ceiling1,ceiling1::d,d,3
kylberg_000627,3,ceiling1,ceiling1::d,d,3
kylberg_000628,3,ceiling1,ceiling1::d,d,3
kylberg_000629,3,ceiling1,ceiling1::d,d,3
kylberg_000630,3,ceiling1,ceiling1::d,d,3
kylberg_000631,3,ceiling1,ceiling1::d,d,3
kylberg_000632,3,ceiling1,ceiling1::d,d,3
kylberg_000633,3,ceiling1,ceiling1::d,d,3
kylberg_000634,3,ceiling1,ceiling1::d,d,3
kylberg_000635,3,ceiling1,ceiling1::d,d,3
kylberg_000636,3,ceiling1,ceiling1::d,d,3
kylberg_000637,3,ceiling1,ceiling1::d,d,3
kylberg_000638,3,ceiling1,ceiling1::d,d,3
kylberg_000639,3,ceiling1,ceiling1::d,d,3
kylberg_000640,4,ceiling2,ceiling2::a,a,0
kylberg_000641,4,ceiling2,ceiling2::a,a,0
kylberg_000642,4,ceiling2,ceiling2::a,a,0
kylberg_000643,4,ceiling2,ceiling2::a,a,0
kylberg_000644,4,ceiling2,ceiling2::a,a,0
kylberg_000645,4,ceiling2,ceiling2::a,a,0
kylberg_000646,4,ceiling2,ceiling2::a,a,0
kylberg_000647,4,ceiling2,ceiling2::a,a,0
kylberg_000648,4,ceiling2,ceiling2::a,a,0
kylberg_000649,4,ceiling2,ceiling2::a,a,0
kylberg_000650,4,ceiling2,ceiling2::a,a,0
kylberg_000651,4,ceiling2,ceiling2::a,a,0
kylberg_000652,4,ceiling2,ceiling2::a,a,0
kylberg_000653,4,ceiling2,ceiling2::a,a,0
kylberg_000654,4,ceiling2,ceiling2::a,a,0
kylberg_000655,4,ceiling2,ceiling2::a,a,0
kylberg_000656,4,ceiling2,ceiling2::a,a,0
kylberg_000657,4,ceiling2,ceiling2::a,a,0
kylberg_000658,4,ceiling2,ceiling2::a,a,0
kylberg_000659,4,ceiling2,ceiling2::a,a,0
kylberg_000660,4,ceiling2,ceiling2::a,a,0
kylberg_000661,4,ceiling2,ceiling2::a,a,0
kylberg_000662,4,ceiling2,ceiling2::a,a,0
kylberg_000663,4,ceiling2,ceiling2::a,a,0
kylberg_000664,4,ceiling2,ceiling2::a,a,0
kylberg_000665,4,ceiling2,ceiling2::a,a,0
kylberg_000666,4,ceiling2,ceiling2::a,a,0
kylberg_000667,4,ceiling2,ceiling2::a,a,0
kylberg_000668,4,ceiling2,ceiling2::a,a,0
kylberg_000669,4,ceiling2,ceiling2::a,a,0
kylberg_000670,4,ceiling2,ceiling2::a,a,0
kylberg_000671,4,ceiling2,ceiling2::a,a,0
kylberg_000672,4,ceiling2,ceiling2::a,a,0
kylberg_000673,4,ceiling2,ceiling2::a,a,0
kylberg_000674,4,ceiling2,ceiling2::a,a,0
kylberg_000675,4,ceiling2,ceiling2::a,a,0
kylberg_000676,4,ceiling2,ceiling2::a,a,0
kylberg_000677,4,ceiling2,ceiling2::a,a,0
kylberg_000678,4,ceiling2,ceiling2::a,a,0
kylberg_000679,4,ceiling2,ceiling2::a,a,0
kylberg_000680,4,ceiling2,ceiling2::b,b,1
kylberg_000681,4,ceiling2,ceiling2::b,b,1
kylberg_000682,4,ceiling2,ceiling2::b,b,1
kylberg_000683,4,ceiling2,ceiling2::b,b,1
kylberg_000684,4,ceiling2,ceiling2::b,b,1
kylberg_000685,4,ceiling2,ceiling2::b,b,1
kylberg_000686,4,ceiling2,ceiling2::b,b,1
kylberg_000687,4,ceiling2,ceiling2::b,b,1
kylberg_000688,4,ceiling2,ceiling2::b,b,1
kylberg_000689,4,ceiling2,ceiling2::b,b,1
kylberg_000690,4,ceiling2,ceiling2::b,b,1
kylberg_000691,4,ceiling2,ceiling2::b,b,1
kylberg_000692,4,ceiling2,ceiling2::b,b,1
kylberg_000693,4,ceiling2,ceiling2::b,b,1
kylberg_000694,4,ceiling2,ceiling2::b,b,1
kylberg_000695,4,ceiling2,ceiling2::b,b,1
kylberg_000696,4,ceiling2,ceiling2::b,b,1
kylberg_000697,4,ceiling2,ceiling2::b,b,1
kylberg_000698,4,ceiling2,ceiling2::b,b,1
kylberg_000699,4,ceiling2,ceiling2::b,b,1
kylberg_000700,4,ceiling2,ceiling2::b,b,1
kylberg_000701,4,ceiling2,ceiling2::b,b,1
kylberg_000702,4,ceiling2,ceiling2::b,b,1
kylberg_000703,4,ceiling2,ceiling2::b,b,1
kylberg_000704,4,ceiling2,ceiling2::b,b,1
kylberg_000705,4,ceiling2,ceiling2::b,b,1
kylberg_000706,4,ceiling2,ceiling2::b,b,1
kylberg_000707,4,ceiling2,ceiling2::b,b,1
kylberg_000708,4,ceiling2,ceiling2::b,b,1
kylberg_000709,4,ceiling2,ceiling2::b,b,1
kylberg_000710,4,ceiling2,ceiling2::b,b,1
kylberg_000711,4,ceiling2,ceiling2::b,b,1
kylberg_000712,4,ceiling2,ceiling2::b,b,1
kylberg_000713,4,ceiling2,ceiling2::b,b,1
kylberg_000714,4,ceiling2,ceiling2::b,b,1
kylberg_000715,4,ceiling2,ceiling2::b,b,1
kylberg_000716,4,ceiling2,ceiling2::b,b,1
kylberg_000717,4,ceiling2,ceiling2::b,b,1
kylberg_000718,4,ceiling2,ceiling2::b,b,1
kylberg_000719,4,ceiling2,ceiling2::b,b,1
kylberg_000720,4,ceiling2,ceiling2::c,c,2
kylberg_000721,4,ceiling2,ceiling2::c,c,2
kylberg_000722,4,ceiling2,ceiling2::c,c,2
kylberg_000723,4,ceiling2,ceiling2::c,c,2
kylberg_000724,4,ceiling2,ceiling2::c,c,2
kylberg_000725,4,ceiling2,ceiling2::c,c,2
kylberg_000726,4,ceiling2,ceiling2::c,c,2
kylberg_000727,4,ceiling2,ceiling2::c,c,2
kylberg_000728,4,ceiling2,ceiling2::c,c,2
kylberg_000729,4,ceiling2,ceiling2::c,c,2
kylberg_000730,4,ceiling2,ceiling2::c,c,2
kylberg_000731,4,ceiling2,ceiling2::c,c,2
kylberg_000732,4,ceiling2,ceiling2::c,c,2
kylberg_000733,4,ceiling2,ceiling2::c,c,2
kylberg_000734,4,ceiling2,ceiling2::c,c,2
kylberg_000735,4,ceiling2,ceiling2::c,c,2
kylberg_000736,4,ceiling2,ceiling2::c,c,2
kylberg_000737,4,ceiling2,ceiling2::c,c,2
kylberg_000738,4,ceiling2,ceiling2::c,c,2
kylberg_000739,4,ceiling2,ceiling2::c,c,2
kylberg_000740,4,ceiling2,ceiling2::c,c,2
kylberg_000741,4,ceiling2,ceiling2::c,c,2
kylberg_000742,4,ceiling2,ceiling2::c,c,2
kylberg_000743,4,ceiling2,ceiling2::c,c,2
kylberg_000744,4,ceiling2,ceiling2::c,c,2
kylberg_000745,4,ceiling2,ceiling2::c,c,2
kylberg_000746,4,ceiling2,ceiling2::c,c,2
kylberg_000747,4,ceiling2,ceiling2::c,c,2
kylberg_000748,4,ceiling2,ceiling2::c,c,2
kylberg_000749,4,ceiling2,ceiling2::c,c,2
kylberg_000750,4,ceiling2,ceiling2::c,c,2
kylberg_000751,4,ceiling2,ceiling2::c,c,2
kylberg_000752,4,ceiling2,ceiling2::c,c,2
kylberg_000753,4,ceiling2,ceiling2::c,c,2
kylberg_000754,4,ceiling2,ceiling2::c,c,2
kylberg_000755,4,ceiling2,ceiling2::c,c,2
kylberg_000756,4,ceiling2,ceiling2::c,c,2
kylberg_000757,4,ceiling2,ceiling2::c,c,2
kylberg_000758,4,ceiling2,ceiling2::c,c,2
kylberg_000759,4,ceiling2,ceiling2::c,c,2
kylberg_000760,4,ceiling2,ceiling2::d,d,3
kylberg_000761,4,ceiling2,ceiling2::d,d,3
kylberg_000762,4,ceiling2,ceiling2::d,d,3
kylberg_000763,4,ceiling2,ceiling2::d,d,3
kylberg_000764,4,ceiling2,ceiling2::d,d,3
kylberg_000765,4,ceiling2,ceiling2::d,d,3
kylberg_000766,4,ceiling2,ceiling2::d,d,3
kylberg_000767,4,ceiling2,ceiling2::d,d,3
kylberg_000768,4,ceiling2,ceiling2::d,d,3
kylberg_000769,4,ceiling2,ceiling2::d,d,3
kylberg_000770,4,ceiling2,ceiling2::d,d,3
kylberg_000771,4,ceiling2,ceiling2::d,d,3
kylberg_000772,4,ceiling2,ceiling2::d,d,3
kylberg_000773,4,ceiling2,ceiling2::d,d,3
kylberg_000774,4,ceiling2,ceiling2::d,d,3
kylberg_000775,4,ceiling2,ceiling2::d,d,3
kylberg_000776,4,ceiling2,ceiling2::d,d,3
kylberg_000777,4,ceiling2,ceiling2::d,d,3
kylberg_000778,4,ceiling2,ceiling2::d,d,3
kylberg_000779,4,ceiling2,ceiling2::d,d,3
kylberg_000780,4,ceiling2,ceiling2::d,d,3
kylberg_000781,4,ceiling2,ceiling2::d,d,3
kylberg_000782,4,ceiling2,ceiling2::d,d,3
kylberg_000783,4,ceiling2,ceiling2::d,d,3
kylberg_000784,4,ceiling2,ceiling2::d,d,3
kylberg_000785,4,ceiling2,ceiling2::d,d,3
kylberg_000786,4,ceiling2,ceiling2::d,d,3
kylberg_000787,4,ceiling2,ceiling2::d,d,3
kylberg_000788,4,ceiling2,ceiling2::d,d,3
kylberg_000789,4,ceiling2,ceiling2::d,d,3
kylberg_000790,4,ceiling2,ceiling2::d,d,3
kylberg_000791,4,ceiling2,ceiling2::d,d,3
kylberg_000792,4,ceiling2,ceiling2::d,d,3
kylberg_000793,4,ceiling2,ceiling2::d,d,3
kylberg_000794,4,ceiling2,ceiling2::d,d,3
kylberg_000795,4,ceiling2,ceiling2::d,d,3
kylberg_000796,4,ceiling2,ceiling2::d,d,3
kylberg_000797,4,ceiling2,ceiling2::d,d,3
kylberg_000798,4,ceiling2,ceiling2::d,d,3
kylberg_000799,4,ceiling2,ceiling2::d,d,3
kylberg_000800,5,cushion1,cushion1::a,a,0
kylberg_000801,5,cushion1,cushion1::a,a,0
kylberg_000802,5,cushion1,cushion1::a,a,0
kylberg_000803,5,cushion1,cushion1::a,a,0
kylberg_000804,5,cushion1,cushion1::a,a,0
kylberg_000805,5,cushion1,cushion1::a,a,0
kylberg_000806,5,cushion1,cushion1::a,a,0
kylberg_000807,5,cushion1,cushion1::a,a,0
kylberg_000808,5,cushion1,cushion1::a,a,0
kylberg_000809,5,cushion1,cushion1::a,a,0
kylberg_000810,5,cushion1,cushion1::a,a,0
kylberg_000811,5,cushion1,cushion1::a,a,0
kylberg_000812,5,cushion1,cushion1::a,a,0
kylberg_000813,5,cushion1,cushion1::a,a,0
kylberg_000814,5,cushion1,cushion1::a,a,0
kylberg_000815,5,cushion1,cushion1::a,a,0
kylberg_000816,5,cushion1,cushion1::a,a,0
kylberg_000817,5,cushion1,cushion1::a,a,0
kylberg_000818,5,cushion1,cushion1::a,a,0
kylberg_000819,5,cushion1,cushion1::a,a,0
kylberg_000820,5,cushion1,cushion1::a,a,0
kylberg_000821,5,cushion1,cushion1::a,a,0
kylberg_000822,5,cushion1,cushion1::a,a,0
kylberg_000823,5,cushion1,cushion1::a,a,0
kylberg_000824,5,cushion1,cushion1::a,a,0
kylberg_000825,5,cushion1,cushion1::a,a,0
kylberg_000826,5,cushion1,cushion1::a,a,0
kylberg_000827,5,cushion1,cushion1::a,a,0
kylberg_000828,5,cushion1,cushion1::a,a,0
kylberg_000829,5,cushion1,cushion1::a,a,0
kylberg_000830,5,cushion1,cushion1::a,a,0
kylberg_000831,5,cushion1,cushion1::a,a,0
kylberg_000832,5,cushion1,cushion1::a,a,0
kylberg_000833,5,cushion1,cushion1::a,a,0
kylberg_000834,5,cushion1,cushion1::a,a,0
kylberg_000835,5,cushion1,cushion1::a,a,0
kylberg_000836,5,cushion1,cushion1::a,a,0
kylberg_000837,5,cushion1,cushion1::a,a,0
kylberg_000838,5,cushion1,cushion1::a,a,0
kylberg_000839,5,cushion1,cushion1::a,a,0
kylberg_000840,5,cushion1,cushion1::b,b,1
kylberg_000841,5,cushion1,cushion1::b,b,1
kylberg_000842,5,cushion1,cushion1::b,b,1
kylberg_000843,5,cushion1,cushion1::b,b,1
kylberg_000844,5,cushion1,cushion1::b,b,1
kylberg_000845,5,cushion1,cushion1::b,b,1
kylberg_000846,5,cushion1,cushion1::b,b,1
kylberg_000847,5,cushion1,cushion1::b,b,1
kylberg_000848,5,cushion1,cushion1::b,b,1
kylberg_000849,5,cushion1,cushion1::b,b,1
kylberg_000850,5,cushion1,cushion1::b,b,1
kylberg_000851,5,cushion1,cushion1::b,b,1
kylberg_000852,5,cushion1,cushion1::b,b,1
kylberg_000853,5,cushion1,cushion1::b,b,1
kylberg_000854,5,cushion1,cushion1::b,b,1
kylberg_000855,5,cushion1,cushion1::b,b,1
kylberg_000856,5,cushion1,cushion1::b,b,1
kylberg_000857,5,cushion1,cushion1::b,b,1
kylberg_000858,5,cushion1,cushion1::b,b,1
kylberg_000859,5,cushion1,cushion1::b,b,1
kylberg_000860,5,cushion1,cushion1::b,b,1
kylberg_000861,5,cushion1,cushion1::b,b,1
kylberg_000862,5,cushion1,cushion1::b,b,1
kylberg_000863,5,cushion1,cushion1::b,b,1
kylberg_000864,5,cushion1,cushion1::b,b,1
kylberg_000865,5,cushion1,cushion1::b,b,1
kylberg_000866,5,cushion1,cushion1::b,b,1
kylberg_000867,5,cushion1,cushion1::b,b,1
kylberg_000868,5,cushion1,cushion1::b,b,1
kylberg_000869,5,cushion1,cushion1::b,b,1
kylberg_000870,5,cushion1,cushion1::b,b,1
kylberg_000871,5,cushion1,cushion1::b,b,1
kylberg_000872,5,cushion1,cushion1::b,b,1
kylberg_000873,5,cushion1,cushion1::b,b,1
kylberg_000874,5,cushion1,cushion1::b,b,1
kylberg_000875,5,cushion1,cushion1::b,b,1
kylberg_000876,5,cushion1,cushion1::b,b,1
kylberg_000877,5,cushion1,cushion1::b,b,1
kylberg_000878,5,cushion1,cushion1::b,b,1
kylberg_000879,5,cushion1,cushion1::b,b,1
kylberg_000880,5,cushion1,cushion1::c,c,2
kylberg_000881,5,cushion1,cushion1::c,c,2
kylberg_000882,5,cushion1,cushion1::c,c,2
kylberg_000883,5,cushion1,cushion1::c,c,2
kylberg_000884,5,cushion1,cushion1::c,c,2
kylberg_000885,5,cushion1,cushion1::c,c,2
kylberg_000886,5,cushion1,cushion1::c,c,2
kylberg_000887,5,cushion1,cushion1::c,c,2
kylberg_000888,5,cushion1,cushion1::c,c,2
kylberg_000889,5,cushion1,cushion1::c,c,2
kylberg_000890,5,cushion1,cushion1::c,c,2
kylberg_000891,5,cushion1,cushion1::c,c,2
kylberg_000892,5,cushion1,cushion1::c,c,2
kylberg_000893,5,cushion1,cushion1::c,c,2
kylberg_000894,5,cushion1,cushion1::c,c,2
kylberg_000895,5,cushion1,cushion1::c,c,2
kylberg_000896,5,cushion1,cushion1::c,c,2
kylberg_000897,5,cushion1,cushion1::c,c,2
kylberg_000898,5,cushion1,cushion1::c,c,2
kylberg_000899,5,cushion1,cushion1::c,c,2
kylberg_000900,5,cushion1,cushion1::c,c,2
kylberg_000901,5,cushion1,cushion1::c,c,2
kylberg_000902,5,cushion1,cushion1::c,c,2
kylberg_000903,5,cushion1,cushion1::c,c,2
kylberg_000904,5,cushion1,cushion1::c,c,2
kylberg_000905,5,cushion1,cushion1::c,c,2
kylberg_000906,5,cushion1,cushion1::c,c,2
kylberg_000907,5,cushion1,cushion1::c,c,2
kylberg_000908,5,cushion1,cushion1::c,c,2
kylberg_000909,5,cushion1,cushion1::c,c,2
kylberg_000910,5,cushion1,cushion1::c,c,2
kylberg_000911,5,cushion1,cushion1::c,c,2
kylberg_000912,5,cushion1,cushion1::c,c,2
kylberg_000913,5,cushion1,cushion1::c,c,2
kylberg_000914,5,cushion1,cushion1::c,c,2
kylberg_000915,5,cushion1,cushion1::c,c,2
kylberg_000916,5,cushion1,cushion1::c,c,2
kylberg_000917,5,cushion1,cushion1::c,c,2
kylberg_000918,5,cushion1,cushion1::c,c,2
kylberg_000919,5,cushion1,cushion1::c,c,2
kylberg_000920,5,cushion1,cushion1::d,d,3
kylberg_000921,5,cushion1,cushion1::d,d,3
kylberg_000922,5,cushion1,cushion1::d,d,3
kylberg_000923,5,cushion1,cushion1::d,d,3
kylberg_000924,5,cushion1,cushion1::d,d,3
kylberg_000925,5,cushion1,cushion1::d,d,3
kylberg_000926,5,cushion1,cushion1::d,d,3
kylberg_000927,5,cushion1,cushion1::d,d,3
kylberg_000928,5,cushion1,cushion1::d,d,3
kylberg_000929,5,cushion1,cushion1::d,d,3
kylberg_000930,5,cushion1,cushion1::d,d,3
kylberg_000931,5,cushion1,cushion1::d,d,3
kylberg_000932,5,cushion1,cushion1::d,d,3
kylberg_000933,5,cushion1,cushion1::d,d,3
kylberg_000934,5,cushion1,cushion1::d,d,3
kylberg_000935,5,cushion1,cushion1::d,d,3
kylberg_000936,5,cushion1,cushion1::d,d,3
kylberg_000937,5,cushion1,cushion1::d,d,3
kylberg_000938,5,cushion1,cushion1::d,d,3
kylberg_000939,5,cushion1,cushion1::d,d,3
kylberg_000940,5,cushion1,cushion1::d,d,3
kylberg_000941,5,cushion1,cushion1::d,d,3
kylberg_000942,5,cushion1,cushion1::d,d,3
kylberg_000943,5,cushion1,cushion1::d,d,3
kylberg_000944,5,cushion1,cushion1::d,d,3
kylberg_000945,5,cushion1,cushion1::d,d,3
kylberg_000946,5,cushion1,cushion1::d,d,3
kylberg_000947,5,cushion1,cushion1::d,d,3
kylberg_000948,5,cushion1,cushion1::d,d,3
kylberg_000949,5,cushion1,cushion1::d,d,3
kylberg_000950,5,cushion1,cushion1::d,d,3
kylberg_000951,5,cushion1,cushion1::d,d,3
kylberg_000952,5,cushion1,cushion1::d,d,3
kylberg_000953,5,cushion1,cushion1::d,d,3
kylberg_000954,5,cushion1,cushion1::d,d,3
kylberg_000955,5,cushion1,cushion1::d,d,3
kylberg_000956,5,cushion1,cushion1::d,d,3
kylberg_000957,5,cushion1,cushion1::d,d,3
kylberg_000958,5,cushion1,cushion1::d,d,3
kylberg_000959,5,cushion1,cushion1::d,d,3
kylberg_000960,6,floor1,floor1::a,a,0
kylberg_000961,6,floor1,floor1::a,a,0
kylberg_000962,6,floor1,floor1::a,a,0
kylberg_000963,6,floor1,floor1::a,a,0
kylberg_000964,6,floor1,floor1::a,a,0
kylberg_000965,6,floor1,floor1::a,a,0
kylberg_000966,6,floor1,floor1::a,a,0
kylberg_000967,6,floor1,floor1::a,a,0
kylberg_000968,6,floor1,floor1::a,a,0
kylberg_000969,6,floor1,floor1::a,a,0
kylberg_000970,6,floor1,floor1::a,a,0
kylberg_000971,6,floor1,floor1::a,a,0
kylberg_000972,6,floor1,floor1::a,a,0
kylberg_000973,6,floor1,floor1::a,a,0
kylberg_000974,6,floor1,floor1::a,a,0
kylberg_000975,6,floor1,floor1::a,a,0
kylberg_000976,6,floor1,floor1::a,a,0
kylberg_000977,6,floor1,floor1::a,a,0
kylberg_000978,6,floor1,floor1::a,a,0
kylberg_000979,6,floor1,floor1::a,a,0
kylberg_000980,6,floor1,floor1::a,a,0
kylberg_000981,6,floor1,floor1::a,a,0
kylberg_000982,6,floor1,floor1::a,a,0
kylberg_000983,6,floor1,floor1::a,a,0
kylberg_000984,6,floor1,floor1::a,a,0
kylberg_000985,6,floor1,floor1::a,a,0
kylberg_000986,6,floor1,floor1::a,a,0
kylberg_000987,6,floor1,floor1::a,a,0
kylberg_000988,6,floor1,floor1::a,a,0
kylberg_000989,6,floor1,floor1::a,a,0
kylberg_000990,6,floor1,floor1::a,a,0
kylberg_000991,6,floor1,floor1::a,a,0
kylberg_000992,6,floor1,floor1::a,a,0
kylberg_000993,6,floor1,floor1::a,a,0
kylberg_000994,6,floor1,floor1::a,a,0
kylberg_000995,6,floor1,floor1::a,a,0
kylberg_000996,6,floor1,floor1::a,a,0
kylberg_000997,6,floor1,floor1::a,a,0
kylberg_000998,6,floor1,floor1::a,a,0
kylberg_000999,6,floor1,floor1::a,a,0
kylberg_001000,6,floor1,floor1::b,b,1
kylberg_001001,6,floor1,floor1::b,b,1
kylberg_001002,6,floor1,floor1::b,b,1
kylberg_001003,6,floor1,floor1::b,b,1
kylberg_001004,6,floor1,floor1::b,b,1
kylberg_001005,6,floor1,floor1::b,b,1
kylberg_001006,6,floor1,floor1::b,b,1
kylberg_001007,6,floor1,floor1::b,b,1
kylberg_001008,6,floor1,floor1::b,b,1
kylberg_001009,6,floor1,floor1::b,b,1
kylberg_001010,6,floor1,floor1::b,b,1
kylberg_001011,6,floor1,floor1::b,b,1
kylberg_001012,6,floor1,floor1::b,b,1
kylberg_001013,6,floor1,floor1::b,b,1
kylberg_001014,6,floor1,floor1::b,b,1
kylberg_001015,6,floor1,floor1::b,b,1
kylberg_001016,6,floor1,floor1::b,b,1
kylberg_001017,6,floor1,floor1::b,b,1
kylberg_001018,6,floor1,floor1::b,b,1
kylberg_001019,6,floor1,floor1::b,b,1
kylberg_001020,6,floor1,floor1::b,b,1
kylberg_001021,6,floor1,floor1::b,b,1
kylberg_001022,6,floor1,floor1::b,b,1
kylberg_001023,6,floor1,floor1::b,b,1
kylberg_001024,6,floor1,floor1::b,b,1
kylberg_001025,6,floor1,floor1::b,b,1
kylberg_001026,6,floor1,floor1::b,b,1
kylberg_001027,6,floor1,floor1::b,b,1
kylberg_001028,6,floor1,floor1::b,b,1
kylberg_001029,6,floor1,floor1::b,b,1
kylberg_001030,6,floor1,floor1::b,b,1
kylberg_001031,6,floor1,floor1::b,b,1
kylberg_001032,6,floor1,floor1::b,b,1
kylberg_001033,6,floor1,floor1::b,b,1
kylberg_001034,6,floor1,floor1::b,b,1
kylberg_001035,6,floor1,floor1::b,b,1
kylberg_001036,6,floor1,floor1::b,b,1
kylberg_001037,6,floor1,floor1::b,b,1
kylberg_001038,6,floor1,floor1::b,b,1
kylberg_001039,6,floor1,floor1::b,b,1
kylberg_001040,6,floor1,floor1::c,c,2
kylberg_001041,6,floor1,floor1::c,c,2
kylberg_001042,6,floor1,floor1::c,c,2
kylberg_001043,6,floor1,floor1::c,c,2
kylberg_001044,6,floor1,floor1::c,c,2
kylberg_001045,6,floor1,floor1::c,c,2
kylberg_001046,6,floor1,floor1::c,c,2
kylberg_001047,6,floor1,floor1::c,c,2
kylberg_001048,6,floor1,floor1::c,c,2
kylberg_001049,6,floor1,floor1::c,c,2
kylberg_001050,6,floor1,floor1::c,c,2
kylberg_001051,6,floor1,floor1::c,c,2
kylberg_001052,6,floor1,floor1::c,c,2
kylberg_001053,6,floor1,floor1::c,c,2
kylberg_001054,6,floor1,floor1::c,c,2
kylberg_001055,6,floor1,floor1::c,c,2
kylberg_001056,6,floor1,floor1::c,c,2
kylberg_001057,6,floor1,floor1::c,c,2
kylberg_001058,6,floor1,floor1::c,c,2
kylberg_001059,6,floor1,floor1::c,c,2
kylberg_001060,6,floor1,floor1::c,c,2
kylberg_001061,6,floor1,floor1::c,c,2
kylberg_001062,6,floor1,floor1::c,c,2
kylberg_001063,6,floor1,floor1::c,c,2
kylberg_001064,6,floor1,floor1::c,c,2
kylberg_001065,6,floor1,floor1::c,c,2
kylberg_001066,6,floor1,floor1::c,c,2
kylberg_001067,6,floor1,floor1::c,c,2
kylberg_001068,6,floor1,floor1::c,c,2
kylberg_001069,6,floor1,floor1::c,c,2
kylberg_001070,6,floor1,floor1::c,c,2
kylberg_001071,6,floor1,floor1::c,c,2
kylberg_001072,6,floor1,floor1::c,c,2
kylberg_001073,6,floor1,floor1::c,c,2
kylberg_001074,6,floor1,floor1::c,c,2
kylberg_001075,6,floor1,floor1::c,c,2
kylberg_001076,6,floor1,floor1::c,c,2
kylberg_001077,6,floor1,floor1::c,c,2
kylberg_001078,6,floor1,floor1::c,c,2
kylberg_001079,6,floor1,floor1::c,c,2
kylberg_001080,6,floor1,floor1::d,d,3
kylberg_001081,6,floor1,floor1::d,d,3
kylberg_001082,6,floor1,floor1::d,d,3
kylberg_001083,6,floor1,floor1::d,d,3
kylberg_001084,6,floor1,floor1::d,d,3
kylberg_001085,6,floor1,floor1::d,d,3
kylberg_001086,6,floor1,floor1::d,d,3
kylberg_001087,6,floor1,floor1::d,d,3
kylberg_001088,6,floor1,floor1::d,d,3
kylberg_001089,6,floor1,floor1::d,d,3
kylberg_001090,6,floor1,floor1::d,d,3
kylberg_001091,6,floor1,floor1::d,d,3
kylberg_001092,6,floor1,floor1::d,d,3
kylberg_001093,6,floor1,floor1::d,d,3
kylberg_001094,6,floor1,floor1::d,d,3
kylberg_001095,6,floor1,floor1::d,d,3
kylberg_001096,6,floor1,floor1::d,d,3
kylberg_001097,6,floor1,floor1::d,d,3
kylberg_001098,6,floor1,floor1::d,d,3
kylberg_001099,6,floor1,floor1::d,d,3
kylberg_001100,6,floor1,floor1::d,d,3
kylberg_001101,6,floor1,floor1::d,d,3
kylberg_001102,6,floor1,floor1::d,d,3
kylberg_001103,6,floor1,floor1::d,d,3
kylberg_001104,6,floor1,floor1::d,d,3
kylberg_001105,6,floor1,floor1::d,d,3
kylberg_001106,6,floor1,floor1::d,d,3
kylberg_001107,6,floor1,floor1::d,d,3
kylberg_001108,6,floor1,floor1::d,d,3
kylberg_001109,6,floor1,floor1::d,d,3
kylberg_001110,6,floor1,floor1::d,d,3
kylberg_001111,6,floor1,floor1::d,d,3
kylberg_001112,6,floor1,floor1::d,d,3
kylberg_001113,6,floor1,floor1::d,d,3
kylberg_001114,6,floor1,floor1::d,d,3
kylberg_001115,6,floor1,floor1::d,d,3
kylberg_001116,6,floor1,floor1::d,d,3
kylberg_001117,6,floor1,floor1::d,d,3
kylberg_001118,6,floor1,floor1::d,d,3
kylberg_001119,6,floor1,floor1::d,d,3
kylberg_001120,7,floor2,floor2::a,a,0
kylberg_001121,7,floor2,floor2::a,a,0
kylberg_001122,7,floor2,floor2::a,a,0
kylberg_001123,7,floor2,floor2::a,a,0
kylberg_001124,7,floor2,floor2::a,a,0
kylberg_001125,7,floor2,floor2::a,a,0
kylberg_001126,7,floor2,floor2::a,a,0
kylberg_001127,7,floor2,floor2::a,a,0
kylberg_001128,7,floor2,floor2::a,a,0
kylberg_001129,7,floor2,floor2::a,a,0
kylberg_001130,7,floor2,floor2::a,a,0
kylberg_001131,7,floor2,floor2::a,a,0
kylberg_001132,7,floor2,floor2::a,a,0
kylberg_001133,7,floor2,floor2::a,a,0
kylberg_001134,7,floor2,floor2::a,a,0
kylberg_001135,7,floor2,floor2::a,a,0
kylberg_001136,7,floor2,floor2::a,a,0
kylberg_001137,7,floor2,floor2::a,a,0
kylberg_001138,7,floor2,floor2::a,a,0
kylberg_001139,7,floor2,floor2::a,a,0
kylberg_001140,7,floor2,floor2::a,a,0
kylberg_001141,7,floor2,floor2::a,a,0
kylberg_001142,7,floor2,floor2::a,a,0
kylberg_001143,7,floor2,floor2::a,a,0
kylberg_001144,7,floor2,floor2::a,a,0
kylberg_001145,7,floor2,floor2::a,a,0
kylberg_001146,7,floor2,floor2::a,a,0
kylberg_001147,7,floor2,floor2::a,a,0
kylberg_001148,7,floor2,floor2::a,a,0
kylberg_001149,7,floor2,floor2::a,a,0
kylberg_001150,7,floor2,floor2::a,a,0
kylberg_001151,7,floor2,floor2::a,a,0
kylberg_001152,7,floor2,floor2::a,a,0
kylberg_001153,7,floor2,floor2::a,a,0
kylberg_001154,7,floor2,floor2::a,a,0
kylberg_001155,7,floor2,floor2::a,a,0
kylberg_001156,7,floor2,floor2::a,a,0
kylberg_001157,7,floor2,floor2::a,a,0
kylberg_001158,7,floor2,floor2::a,a,0
kylberg_001159,7,floor2,floor2::a,a,0
kylberg_001160,7,floor2,floor2::b,b,1
kylberg_001161,7,floor2,floor2::b,b,1
kylberg_001162,7,floor2,floor2::b,b,1
kylberg_001163,7,floor2,floor2::b,b,1
kylberg_001164,7,floor2,floor2::b,b,1
kylberg_001165,7,floor2,floor2::b,b,1
kylberg_001166,7,floor2,floor2::b,b,1
kylberg_001167,7,floor2,floor2::b,b,1
kylberg_001168,7,floor2,floor2::b,b,1
kylberg_001169,7,floor2,floor2::b,b,1
kylberg_001170,7,floor2,floor2::b,b,1
kylberg_001171,7,floor2,floor2::b,b,1
kylberg_001172,7,floor2,floor2::b,b,1
kylberg_001173,7,floor2,floor2::b,b,1
kylberg_001174,7,floor2,floor2::b,b,1
kylberg_001175,7,floor2,floor2::b,b,1
kylberg_001176,7,floor2,floor2::b,b,1
kylberg_001177,7,floor2,floor2::b,b,1
kylberg_001178,7,floor2,floor2::b,b,1
kylberg_001179,7,floor2,floor2::b,b,1
kylberg_001180,7,floor2,floor2::b,b,1
kylberg_001181,7,floor2,floor2::b,b,1
kylberg_001182,7,floor2,floor2::b,b,1
kylberg_001183,7,floor2,floor2::b,b,1
kylberg_001184,7,floor2,floor2::b,b,1
kylberg_001185,7,floor2,floor2::b,b,1
kylberg_001186,7,floor2,floor2::b,b,1
kylberg_001187,7,floor2,floor2::b,b,1
kylberg_001188,7,floor2,floor2::b,b,1
kylberg_001189,7,floor2,floor2::b,b,1
kylberg_001190,7,floor2,floor2::b,b,1
kylberg_001191,7,floor2,floor2::b,b,1
kylberg_001192,7,floor2,floor2::b,b,1
kylberg_001193,7,floor2,floor2::b,b,1
kylberg_001194,7,floor2,floor2::b,b,1
kylberg_001195,7,floor2,floor2::b,b,1
kylberg_001196,7,floor2,floor2::b,b,1
kylberg_001197,7,floor2,floor2::b,b,1
kylberg_001198,7,floor2,floor2::b,b,1
kylberg_001199,7,floor2,floor2::b,b,1
kylberg_001200,7,floor2,floor2::c,c,2
kylberg_001201,7,floor2,floor2::c,c,2
kylberg_001202,7,floor2,floor2::c,c,2
kylberg_001203,7,floor2,floor2::c,c,2
kylberg_001204,7,floor2,floor2::c,c,2
kylberg_001205,7,floor2,floor2::c,c,2
kylberg_001206,7,floor2,floor2::c,c,2
kylberg_001207,7,floor2,floor2::c,c,2
kylberg_001208,7,floor2,floor2::c,c,2
kylberg_001209,7,floor2,floor2::c,c,2
kylberg_001210,7,floor2,floor2::c,c,2
kylberg_001211,7,floor2,floor2::c,c,2
kylberg_001212,7,floor2,floor2::c,c,2
kylberg_001213,7,floor2,floor2::c,c,2
kylberg_001214,7,floor2,floor2::c,c,2
kylberg_001215,7,floor2,floor2::c,c,2
kylberg_001216,7,floor2,floor2::c,c,2
kylberg_001217,7,floor2,floor2::c,c,2
kylberg_001218,7,floor2,floor2::c,c,2
kylberg_001219,7,floor2,floor2::c,c,2
kylberg_001220,7,floor2,floor2::c,c,2
kylberg_001221,7,floor2,floor2::c,c,2
kylberg_001222,7,floor2,floor2::c,c,2
kylberg_001223,7,floor2,floor2::c,c,2
kylberg_001224,7,floor2,floor2::c,c,2
kylberg_001225,7,floor2,floor2::c,c,2
kylberg_001226,7,floor2,floor2::c,c,2
kylberg_001227,7,floor2,floor2::c,c,2
kylberg_001228,7,floor2,floor2::c,c,2
kylberg_001229,7,floor2,floor2::c,c,2
kylberg_001230,7,floor2,floor2::c,c,2
kylberg_001231,7,floor2,floor2::c,c,2
kylberg_001232,7,floor2,floor2::c,c,2
kylberg_001233,7,floor2,floor2::c,c,2
kylberg_001234,7,floor2,floor2::c,c,2
kylberg_001235,7,floor2,floor2::c,c,2
kylberg_001236,7,floor2,floor2::c,c,2
kylberg_001237,7,floor2,floor2::c,c,2
kylberg_001238,7,floor2,floor2::c,c,2
kylberg_001239,7,floor2,floor2::c,c,2
kylberg_001240,7,floor2,floor2::d,d,3
kylberg_001241,7,floor2,floor2::d,d,3
kylberg_001242,7,floor2,floor2::d,d,3
kylberg_001243,7,floor2,floor2::d,d,3
kylberg_001244,7,floor2,floor2::d,d,3
kylberg_001245,7,floor2,floor2::d,d,3
kylberg_001246,7,floor2,floor2::d,d,3
kylberg_001247,7,floor2,floor2::d,d,3
kylberg_001248,7,floor2,floor2::d,d,3
kylberg_001249,7,floor2,floor2::d,d,3
kylberg_001250,7,floor2,floor2::d,d,3
kylberg_001251,7,floor2,floor2::d,d,3
kylberg_001252,7,floor2,floor2::d,d,3
kylberg_001253,7,floor2,floor2::d,d,3
kylberg_001254,7,floor2,floor2::d,d,3
kylberg_001255,7,floor2,floor2::d,d,3
kylberg_001256,7,floor2,floor2::d,d,3
kylberg_001257,7,floor2,floor2::d,d,3
kylberg_001258,7,floor2,floor2::d,d,3
kylberg_001259,7,floor2,floor2::d,d,3
kylberg_001260,7,floor2,floor2::d,d,3
kylberg_001261,7,floor2,floor2::d,d,3
kylberg_001262,7,floor2,floor2::d,d,3
kylberg_001263,7,floor2,floor2::d,d,3
kylberg_001264,7,floor2,floor2::d,d,3
kylberg_001265,7,floor2,floor2::d,d,3
kylberg_001266,7,floor2,floor2::d,d,3
kylberg_001267,7,floor2,floor2::d,d,3
kylberg_001268,7,floor2,floor2::d,d,3
kylberg_001269,7,floor2,floor2::d,d,3
kylberg_001270,7,floor2,floor2::d,d,3
kylberg_001271,7,floor2,floor2::d,d,3
kylberg_001272,7,floor2,floor2::d,d,3
kylberg_001273,7,floor2,floor2::d,d,3
kylberg_001274,7,floor2,floor2::d,d,3
kylberg_001275,7,floor2,floor2::d,d,3
kylberg_001276,7,floor2,floor2::d,d,3
kylberg_001277,7,floor2,floor2::d,d,3
kylberg_001278,7,floor2,floor2::d,d,3
kylberg_001279,7,floor2,floor2::d,d,3
kylberg_001280,8,grass1,grass1::a,a,0
kylberg_001281,8,grass1,grass1::a,a,0
kylberg_001282,8,grass1,grass1::a,a,0
kylberg_001283,8,grass1,grass1::a,a,0
kylberg_001284,8,grass1,grass1::a,a,0
kylberg_001285,8,grass1,grass1::a,a,0
kylberg_001286,8,grass1,grass1::a,a,0
kylberg_001287,8,grass1,grass1::a,a,0
kylberg_001288,8,grass1,grass1::a,a,0
kylberg_001289,8,grass1,grass1::a,a,0
kylberg_001290,8,grass1,grass1::a,a,0
kylberg_001291,8,grass1,grass1::a,a,0
kylberg_001292,8,grass1,grass1::a,a,0
kylberg_001293,8,grass1,grass1::a,a,0
kylberg_001294,8,grass1,grass1::a,a,0
kylberg_001295,8,grass1,grass1::a,a,0
kylberg_001296,8,grass1,grass1::a,a,0
kylberg_001297,8,grass1,grass1::a,a,0
kylberg_001298,8,grass1,grass1::a,a,0
kylberg_001299,8,grass1,grass1::a,a,0
kylberg_001300,8,grass1,grass1::a,a,0
kylberg_001301,8,grass1,grass1::a,a,0
kylberg_001302,8,grass1,grass1::a,a,0
kylberg_001303,8,grass1,grass1::a,a,0
kylberg_001304,8,grass1,grass1::a,a,0
kylberg_001305,8,grass1,grass1::a,a,0
kylberg_001306,8,grass1,grass1::a,a,0
kylberg_001307,8,grass1,grass1::a,a,0
kylberg_001308,8,grass1,grass1::a,a,0
kylberg_001309,8,grass1,grass1::a,a,0
kylberg_001310,8,grass1,grass1::a,a,0
kylberg_001311,8,grass1,grass1::a,a,0
kylberg_001312,8,grass1,grass1::a,a,0
kylberg_001313,8,grass1,grass1::a,a,0
kylberg_001314,8,grass1,grass1::a,a,0
kylberg_001315,8,grass1,grass1::a,a,0
kylberg_001316,8,grass1,grass1::a,a,0
kylberg_001317,8,grass1,grass1::a,a,0
kylberg_001318,8,grass1,grass1::a,a,0
kylberg_001319,8,grass1,grass1::a,a,0
kylberg_001320,8,grass1,grass1::b,b,1
kylberg_001321,8,grass1,grass1::b,b,1
kylberg_001322,8,grass1,grass1::b,b,1
kylberg_001323,8,grass1,grass1::b,b,1
kylberg_001324,8,grass1,grass1::b,b,1
kylberg_001325,8,grass1,grass1::b,b,1
kylberg_001326,8,grass1,grass1::b,b,1
kylberg_001327,8,grass1,grass1::b,b,1
kylberg_001328,8,grass1,grass1::b,b,1
kylberg_001329,8,grass1,grass1::b,b,1
kylberg_001330,8,grass1,grass1::b,b,1
kylberg_001331,8,grass1,grass1::b,b,1
kylberg_001332,8,grass1,grass1::b,b,1
kylberg_001333,8,grass1,grass1::b,b,1
kylberg_001334,8,grass1,grass1::b,b,1
kylberg_001335,8,grass1,grass1::b,b,1
kylberg_001336,8,grass1,grass1::b,b,1
kylberg_001337,8,grass1,grass1::b,b,1
kylberg_001338,8,grass1,grass1::b,b,1
kylberg_001339,8,grass1,grass1::b,b,1
kylberg_001340,8,grass1,grass1::b,b,1
kylberg_001341,8,grass1,grass1::b,b,1
kylberg_001342,8,grass1,grass1::b,b,1
kylberg_001343,8,grass1,grass1::b,b,1
kylberg_001344,8,grass1,grass1::b,b,1
kylberg_001345,8,grass1,grass1::b,b,1
kylberg_001346,8,grass1,grass1::b,b,1
kylberg_001347,8,grass1,grass1::b,b,1
kylberg_001348,8,grass1,grass1::b,b,1
kylberg_001349,8,grass1,grass1::b,b,1
kylberg_001350,8,grass1,grass1::b,b,1
kylberg_001351,8,grass1,grass1::b,b,1
kylberg_001352,8,grass1,grass1::b,b,1
kylberg_001353,8,grass1,grass1::b,b,1
kylberg_001354,8,grass1,grass1::b,b,1
kylberg_001355,8,grass1,grass1::b,b,1
kylberg_001356,8,grass1,grass1::b,b,1
kylberg_001357,8,grass1,grass1::b,b,1
kylberg_001358,8,grass1,grass1::b,b,1
kylberg_001359,8,grass1,grass1::b,b,1
kylberg_001360,8,grass1,grass1::c,c,2
kylberg_001361,8,grass1,grass1::c,c,2
kylberg_001362,8,grass1,grass1::c,c,2
kylberg_001363,8,grass1,grass1::c,c,2
kylberg_001364,8,grass1,grass1::c,c,2
kylberg_001365,8,grass1,grass1::c,c,2
kylberg_001366,8,grass1,grass1::c,c,2
kylberg_001367,8,grass1,grass1::c,c,2
kylberg_001368,8,grass1,grass1::c,c,2
kylberg_001369,8,grass1,grass1::c,c,2
kylberg_001370,8,grass1,grass1::c,c,2
kylberg_001371,8,grass1,grass1::c,c,2
kylberg_001372,8,grass1,grass1::c,c,2
kylberg_001373,8,grass1,grass1::c,c,2
kylberg_001374,8,grass1,grass1::c,c,2
kylberg_001375,8,grass1,grass1::c,c,2
kylberg_001376,8,grass1,grass1::c,c,2
kylberg_001377,8,grass1,grass1::c,c,2
kylberg_001378,8,grass1,grass1::c,c,2
kylberg_001379,8,grass1,grass1::c,c,2
kylberg_001380,8,grass1,grass1::c,c,2
kylberg_001381,8,grass1,grass1::c,c,2
kylberg_001382,8,grass1,grass1::c,c,2
kylberg_001383,8,grass1,grass1::c,c,2
kylberg_001384,8,grass1,grass1::c,c,2
kylberg_001385,8,grass1,grass1::c,c,2
kylberg_001386,8,grass1,grass1::c,c,2
kylberg_001387,8,grass1,grass1::c,c,2
kylberg_001388,8,grass1,grass1::c,c,2
kylberg_001389,8,grass1,grass1::c,c,2
kylberg_001390,8,grass1,grass1::c,c,2
kylberg_001391,8,grass1,grass1::c,c,2
kylberg_001392,8,grass1,grass1::c,c,2
kylberg_001393,8,grass1,grass1::c,c,2
kylberg_001394,8,grass1,grass1::c,c,2
kylberg_001395,8,grass1,grass1::c,c,2
kylberg_001396,8,grass1,grass1::c,c,2
kylberg_001397,8,grass1,grass1::c,c,2
kylberg_001398,8,grass1,grass1::c,c,2
kylberg_001399,8,grass1,grass1::c,c,2
kylberg_001400,8,grass1,grass1::d,d,3
kylberg_001401,8,grass1,grass1::d,d,3
kylberg_001402,8,grass1,grass1::d,d,3
kylberg_001403,8,grass1,grass1::d,d,3
kylberg_001404,8,grass1,grass1::d,d,3
kylberg_001405,8,grass1,grass1::d,d,3
kylberg_001406,8,grass1,grass1::d,d,3
kylberg_001407,8,grass1,grass1::d,d,3
kylberg_001408,8,grass1,grass1::d,d,3
kylberg_001409,8,grass1,grass1::d,d,3
kylberg_001410,8,grass1,grass1::d,d,3
kylberg_001411,8,grass1,grass1::d,d,3
kylberg_001412,8,grass1,grass1::d,d,3
kylberg_001413,8,grass1,grass1::d,d,3
kylberg_001414,8,grass1,grass1::d,d,3
kylberg_001415,8,grass1,grass1::d,d,3
kylberg_001416,8,grass1,grass1::d,d,3
kylberg_001417,8,grass1,grass1::d,d,3
kylberg_001418,8,grass1,grass1::d,d,3
kylberg_001419,8,grass1,grass1::d,d,3
kylberg_001420,8,grass1,grass1::d,d,3
kylberg_001421,8,grass1,grass1::d,d,3
kylberg_001422,8,grass1,grass1::d,d,3
kylberg_001423,8,grass1,grass1::d,d,3
kylberg_001424,8,grass1,grass1::d,d,3
kylberg_001425,8,grass1,grass1::d,d,3
kylberg_001426,8,grass1,grass1::d,d,3
kylberg_001427,8,grass1,grass1::d,d,3
kylberg_001428,8,grass1,grass1::d,d,3
kylberg_001429,8,grass1,grass1::d,d,3
kylberg_001430,8,grass1,grass1::d,d,3
kylberg_001431,8,grass1,grass1::d,d,3
kylberg_001432,8,grass1,grass1::d,d,3
kylberg_001433,8,grass1,grass1::d,d,3
kylberg_001434,8,grass1,grass1::d,d,3
kylberg_001435,8,grass1,grass1::d,d,3
kylberg_001436,8,grass1,grass1::d,d,3
kylberg_001437,8,grass1,grass1::d,d,3
kylberg_001438,8,grass1,grass1::d,d,3
kylberg_001439,8,grass1,grass1::d,d,3
kylberg_001440,9,lentils1,lentils1::a,a,0
kylberg_001441,9,lentils1,lentils1::a,a,0
kylberg_001442,9,lentils1,lentils1::a,a,0
kylberg_001443,9,lentils1,lentils1::a,a,0
kylberg_001444,9,lentils1,lentils1::a,a,0
kylberg_001445,9,lentils1,lentils1::a,a,0
kylberg_001446,9,lentils1,lentils1::a,a,0
kylberg_001447,9,lentils1,lentils1::a,a,0
kylberg_001448,9,lentils1,lentils1::a,a,0
kylberg_001449,9,lentils1,lentils1::a,a,0
kylberg_001450,9,lentils1,lentils1::a,a,0
kylberg_001451,9,lentils1,lentils1::a,a,0
kylberg_001452,9,lentils1,lentils1::a,a,0
kylberg_001453,9,lentils1,lentils1::a,a,0
kylberg_001454,9,lentils1,lentils1::a,a,0
kylberg_001455,9,lentils1,lentils1::a,a,0
kylberg_001456,9,lentils1,lentils1::a,a,0
kylberg_001457,9,lentils1,lentils1::a,a,0
kylberg_001458,9,lentils1,lentils1::a,a,0
kylberg_001459,9,lentils1,lentils1::a,a,0
kylberg_001460,9,lentils1,lentils1::a,a,0
kylberg_001461,9,lentils1,lentils1::a,a,0
kylberg_001462,9,lentils1,lentils1::a,a,0
kylberg_001463,9,lentils1,lentils1::a,a,0
kylberg_001464,9,lentils1,lentils1::a,a,0
kylberg_001465,9,lentils1,lentils1::a,a,0
kylberg_001466,9,lentils1,lentils1::a,a,0
kylberg_001467,9,lentils1,lentils1::a,a,0
kylberg_001468,9,lentils1,lentils1::a,a,0
kylberg_001469,9,lentils1,lentils1::a,a,0
kylberg_001470,9,lentils1,lentils1::a,a,0
kylberg_001471,9,lentils1,lentils1::a,a,0
kylberg_001472,9,lentils1,lentils1::a,a,0
kylberg_001473,9,lentils1,lentils1::a,a,0
kylberg_001474,9,lentils1,lentils1::a,a,0
kylberg_001475,9,lentils1,lentils1::a,a,0
kylberg_001476,9,lentils1,lentils1::a,a,0
kylberg_001477,9,lentils1,lentils1::a,a,0
kylberg_001478,9,lentils1,lentils1::a,a,0
kylberg_001479,9,lentils1,lentils1::a,a,0
kylberg_001480,9,lentils1,lentils1::b,b,1
kylberg_001481,9,lentils1,lentils1::b,b,1
kylberg_001482,9,lentils1,lentils1::b,b,1
kylberg_001483,9,lentils1,lentils1::b,b,1
kylberg_001484,9,lentils1,lentils1::b,b,1
kylberg_001485,9,lentils1,lentils1::b,b,1
kylberg_001486,9,lentils1,lentils1::b,b,1
kylberg_001487,9,lentils1,lentils1::b,b,1
kylberg_001488,9,lentils1,lentils1::b,b,1
kylberg_001489,9,lentils1,lentils1::b,b,1
kylberg_001490,9,lentils1,lentils1::b,b,1
kylberg_001491,9,lentils1,lentils1::b,b,1
kylberg_001492,9,lentils1,lentils1::b,b,1
kylberg_001493,9,lentils1,lentils1::b,b,1
kylberg_001494,9,lentils1,lentils1::b,b,1
kylberg_001495,9,lentils1,lentils1::b,b,1
kylberg_001496,9,lentils1,lentils1::b,b,1
kylberg_001497,9,lentils1,lentils1::b,b,1
kylberg_001498,9,lentils1,lentils1::b,b,1
kylberg_001499,9,lentils1,lentils1::b,b,1
kylberg_001500,9,lentils1,lentils1::b,b,1
kylberg_001501,9,lentils1,lentils1::b,b,1
kylberg_001502,9,lentils1,lentils1::b,b,1
kylberg_001503,9,lentils1,lentils1::b,b,1
kylberg_001504,9,lentils1,lentils1::b,b,1
kylberg_001505,9,lentils1,lentils1::b,b,1
kylberg_001506,9,lentils1,lentils1::b,b,1
kylberg_001507,9,lentils1,lentils1::b,b,1
kylberg_001508,9,lentils1,lentils1::b,b,1
kylberg_001509,9,lentils1,lentils1::b,b,1
kylberg_001510,9,lentils1,lentils1::b,b,1
kylberg_001511,9,lentils1,lentils1::b,b,1
kylberg_001512,9,lentils1,lentils1::b,b,1
kylberg_001513,9,lentils1,lentils1::b,b,1
kylberg_001514,9,lentils1,lentils1::b,b,1
kylberg_001515,9,lentils1,lentils1::b,b,1
kylberg_001516,9,lentils1,lentils1::b,b,1
kylberg_001517,9,lentils1,lentils1::b,b,1
kylberg_001518,9,lentils1,lentils1::b,b,1
kylberg_001519,9,lentils1,lentils1::b,b,1
kylberg_001520,9,lentils1,lentils1::c,c,2
kylberg_001521,9,lentils1,lentils1::c,c,2
kylberg_001522,9,lentils1,lentils1::c,c,2
kylberg_001523,9,lentils1,lentils1::c,c,2
kylberg_001524,9,lentils1,lentils1::c,c,2
kylberg_001525,9,lentils1,lentils1::c,c,2
kylberg_001526,9,lentils1,lentils1::c,c,2
kylberg_001527,9,lentils1,lentils1::c,c,2
kylberg_001528,9,lentils1,lentils1::c,c,2
kylberg_001529,9,lentils1,lentils1::c,c,2
kylberg_001530,9,lentils1,lentils1::c,c,2
kylberg_001531,9,lentils1,lentils1::c,c,2
kylberg_001532,9,lentils1,lentils1::c,c,2
kylberg_001533,9,lentils1,lentils1::c,c,2
kylberg_001534,9,lentils1,lentils1::c,c,2
kylberg_001535,9,lentils1,lentils1::c,c,2
kylberg_001536,9,lentils1,lentils1::c,c,2
kylberg_001537,9,lentils1,lentils1::c,c,2
kylberg_001538,9,lentils1,lentils1::c,c,2
kylberg_001539,9,lentils1,lentils1::c,c,2
kylberg_001540,9,lentils1,lentils1::c,c,2
kylberg_001541,9,lentils1,lentils1::c,c,2
kylberg_001542,9,lentils1,lentils1::c,c,2
kylberg_001543,9,lentils1,lentils1::c,c,2
kylberg_001544,9,lentils1,lentils1::c,c,2
kylberg_001545,9,lentils1,lentils1::c,c,2
kylberg_001546,9,lentils1,lentils1::c,c,2
kylberg_001547,9,lentils1,lentils1::c,c,2
kylberg_001548,9,lentils1,lentils1::c,c,2
kylberg_001549,9,lentils1,lentils1::c,c,2
kylberg_001550,9,lentils1,lentils1::c,c,2
kylberg_001551,9,lentils1,lentils1::c,c,2
kylberg_001552,9,lentils1,lentils1::c,c,2
kylberg_001553,9,lentils1,lentils1::c,c,2
kylberg_001554,9,lentils1,lentils1::c,c,2
kylberg_001555,9,lentils1,lentils1::c,c,2
kylberg_001556,9,lentils1,lentils1::c,c,2
kylberg_001557,9,lentils1,lentils1::c,c,2
kylberg_001558,9,lentils1,lentils1::c,c,2
kylberg_001559,9,lentils1,lentils1::c,c,2
kylberg_001560,9,lentils1,lentils1::d,d,3
kylberg_001561,9,lentils1,lentils1::d,d,3
kylberg_001562,9,lentils1,lentils1::d,d,3
kylberg_001563,9,lentils1,lentils1::d,d,3
kylberg_001564,9,lentils1,lentils1::d,d,3
kylberg_001565,9,lentils1,lentils1::d,d,3
kylberg_001566,9,lentils1,lentils1::d,d,3
kylberg_001567,9,lentils1,lentils1::d,d,3
kylberg_001568,9,lentils1,lentils1::d,d,3
kylberg_001569,9,lentils1,lentils1::d,d,3
kylberg_001570,9,lentils1,lentils1::d,d,3
kylberg_001571,9,lentils1,lentils1::d,d,3
kylberg_001572,9,lentils1,lentils1::d,d,3
kylberg_001573,9,lentils1,lentils1::d,d,3
kylberg_001574,9,lentils1,lentils1::d,d,3
kylberg_001575,9,lentils1,lentils1::d,d,3
kylberg_001576,9,lentils1,lentils1::d,d,3
kylberg_001577,9,lentils1,lentils1::d,d,3
kylberg_001578,9,lentils1,lentils1::d,d,3
kylberg_001579,9,lentils1,lentils1::d,d,3
kylberg_001580,9,lentils1,lentils1::d,d,3
kylberg_001581,9,lentils1,lentils1::d,d,3
kylberg_001582,9,lentils1,lentils1::d,d,3
kylberg_001583,9,lentils1,lentils1::d,d,3
kylberg_001584,9,lentils1,lentils1::d,d,3
kylberg_001585,9,lentils1,lentils1::d,d,3
kylberg_001586,9,lentils1,lentils1::d,d,3
kylberg_001587,9,lentils1,lentils1::d,d,3
kylberg_001588,9,lentils1,lentils1::d,d,3
kylberg_001589,9,lentils1,lentils1::d,d,3
kylberg_001590,9,lentils1,lentils1::d,d,3
kylberg_001591,9,lentils1,lentils1::d,d,3
kylberg_001592,9,lentils1,lentils1::d,d,3
kylberg_001593,9,lentils1,lentils1::d,d,3
kylberg_001594,9,lentils1,lentils1::d,d,3
kylberg_001595,9,lentils1,lentils1::d,d,3
kylberg_001596,9,lentils1,lentils1::d,d,3
kylberg_001597,9,lentils1,lentils1::d,d,3
kylberg_001598,9,lentils1,lentils1::d,d,3
kylberg_001599,9,lentils1,lentils1::d,d,3
kylberg_001600,10,linseeds1,linseeds1::a,a,0
kylberg_001601,10,linseeds1,linseeds1::a,a,0
kylberg_001602,10,linseeds1,linseeds1::a,a,0
kylberg_001603,10,linseeds1,linseeds1::a,a,0
kylberg_001604,10,linseeds1,linseeds1::a,a,0
kylberg_001605,10,linseeds1,linseeds1::a,a,0
kylberg_001606,10,linseeds1,linseeds1::a,a,0
kylberg_001607,10,linseeds1,linseeds1::a,a,0
kylberg_001608,10,linseeds1,linseeds1::a,a,0
kylberg_001609,10,linseeds1,linseeds1::a,a,0
kylberg_001610,10,linseeds1,linseeds1::a,a,0
kylberg_001611,10,linseeds1,linseeds1::a,a,0
kylberg_001612,10,linseeds1,linseeds1::a,a,0
kylberg_001613,10,linseeds1,linseeds1::a,a,0
kylberg_001614,10,linseeds1,linseeds1::a,a,0
kylberg_001615,10,linseeds1,linseeds1::a,a,0
kylberg_001616,10,linseeds1,linseeds1::a,a,0
kylberg_001617,10,linseeds1,linseeds1::a,a,0
kylberg_001618,10,linseeds1,linseeds1::a,a,0
kylberg_001619,10,linseeds1,linseeds1::a,a,0
kylberg_001620,10,linseeds1,linseeds1::a,a,0
kylberg_001621,10,linseeds1,linseeds1::a,a,0
kylberg_001622,10,linseeds1,linseeds1::a,a,0
kylberg_001623,10,linseeds1,linseeds1::a,a,0
kylberg_001624,10,linseeds1,linseeds1::a,a,0
kylberg_001625,10,linseeds1,linseeds1::a,a,0
kylberg_001626,10,linseeds1,linseeds1::a,a,0
kylberg_001627,10,linseeds1,linseeds1::a,a,0
kylberg_001628,10,linseeds1,linseeds1::a,a,0
kylberg_001629,10,linseeds1,linseeds1::a,a,0
kylberg_001630,10,linseeds1,linseeds1::a,a,0
kylberg_001631,10,linseeds1,linseeds1::a,a,0
kylberg_001632,10,linseeds1,linseeds1::a,a,0
kylberg_001633,10,linseeds1,linseeds1::a,a,0
kylberg_001634,10,linseeds1,linseeds1::a,a,0
kylberg_001635,10,linseeds1,linseeds1::a,a,0
kylberg_001636,10,linseeds1,linseeds1::a,a,0
kylberg_001637,10,linseeds1,linseeds1::a,a,0
kylberg_001638,10,linseeds1,linseeds1::a,a,0
kylberg_001639,10,linseeds1,linseeds1::a,a,0
kylberg_001640,10,linseeds1,linseeds1::b,b,1
kylberg_001641,10,linseeds1,linseeds1::b,b,1
kylberg_001642,10,linseeds1,linseeds1::b,b,1
kylberg_001643,10,linseeds1,linseeds1::b,b,1
kylberg_001644,10,linseeds1,linseeds1::b,b,1
kylberg_001645,10,linseeds1,linseeds1::b,b,1
kylberg_001646,10,linseeds1,linseeds1::b,b,1
kylberg_001647,10,linseeds1,linseeds1::b,b,1
kylberg_001648,10,linseeds1,linseeds1::b,b,1
kylberg_001649,10,linseeds1,linseeds1::b,b,1
kylberg_001650,10,linseeds1,linseeds1::b,b,1
kylberg_001651,10,linseeds1,linseeds1::b,b,1
kylberg_001652,10,linseeds1,linseeds1::b,b,1
kylberg_001653,10,linseeds1,linseeds1::b,b,1
kylberg_001654,10,linseeds1,linseeds1::b,b,1
kylberg_001655,10,linseeds1,linseeds1::b,b,1
kylberg_001656,10,linseeds1,linseeds1::b,b,1
kylberg_001657,10,linseeds1,linseeds1::b,b,1
kylberg_001658,10,linseeds1,linseeds1::b,b,1
kylberg_001659,10,linseeds1,linseeds1::b,b,1
kylberg_001660,10,linseeds1,linseeds1::b,b,1
kylberg_001661,10,linseeds1,linseeds1::b,b,1
kylberg_001662,10,linseeds1,linseeds1::b,b,1
kylberg_001663,10,linseeds1,linseeds1::b,b,1
kylberg_001664,10,linseeds1,linseeds1::b,b,1
kylberg_001665,10,linseeds1,linseeds1::b,b,1
kylberg_001666,10,linseeds1,linseeds1::b,b,1
kylberg_001667,10,linseeds1,linseeds1::b,b,1
kylberg_001668,10,linseeds1,linseeds1::b,b,1
kylberg_001669,10,linseeds1,linseeds1::b,b,1
kylberg_001670,10,linseeds1,linseeds1::b,b,1
kylberg_001671,10,linseeds1,linseeds1::b,b,1
kylberg_001672,10,linseeds1,linseeds1::b,b,1
kylberg_001673,10,linseeds1,linseeds1::b,b,1
kylberg_001674,10,linseeds1,linseeds1::b,b,1
kylberg_001675,10,linseeds1,linseeds1::b,b,1
kylberg_001676,10,linseeds1,linseeds1::b,b,1
kylberg_001677,10,linseeds1,linseeds1::b,b,1
kylberg_001678,10,linseeds1,linseeds1::b,b,1
kylberg_001679,10,linseeds1,linseeds1::b,b,1
kylberg_001680,10,linseeds1,linseeds1::c,c,2
kylberg_001681,10,linseeds1,linseeds1::c,c,2
kylberg_001682,10,linseeds1,linseeds1::c,c,2
kylberg_001683,10,linseeds1,linseeds1::c,c,2
kylberg_001684,10,linseeds1,linseeds1::c,c,2
kylberg_001685,10,linseeds1,linseeds1::c,c,2
kylberg_001686,10,linseeds1,linseeds1::c,c,2
kylberg_001687,10,linseeds1,linseeds1::c,c,2
kylberg_001688,10,linseeds1,linseeds1::c,c,2
kylberg_001689,10,linseeds1,linseeds1::c,c,2
kylberg_001690,10,linseeds1,linseeds1::c,c,2
kylberg_001691,10,linseeds1,linseeds1::c,c,2
kylberg_001692,10,linseeds1,linseeds1::c,c,2
kylberg_001693,10,linseeds1,linseeds1::c,c,2
kylberg_001694,10,linseeds1,linseeds1::c,c,2
kylberg_001695,10,linseeds1,linseeds1::c,c,2
kylberg_001696,10,linseeds1,linseeds1::c,c,2
kylberg_001697,10,linseeds1,linseeds1::c,c,2
kylberg_001698,10,linseeds1,linseeds1::c,c,2
kylberg_001699,10,linseeds1,linseeds1::c,c,2
kylberg_001700,10,linseeds1,linseeds1::c,c,2
kylberg_001701,10,linseeds1,linseeds1::c,c,2
kylberg_001702,10,linseeds1,linseeds1::c,c,2
kylberg_001703,10,linseeds1,linseeds1::c,c,2
kylberg_001704,10,linseeds1,linseeds1::c,c,2
kylberg_001705,10,linseeds1,linseeds1::c,c,2
kylberg_001706,10,linseeds1,linseeds1::c,c,2
kylberg_001707,10,linseeds1,linseeds1::c,c,2
kylberg_001708,10,linseeds1,linseeds1::c,c,2
kylberg_001709,10,linseeds1,linseeds1::c,c,2
kylberg_001710,10,linseeds1,linseeds1::c,c,2
kylberg_001711,10,linseeds1,linseeds1::c,c,2
kylberg_001712,10,linseeds1,linseeds1::c,c,2
kylberg_001713,10,linseeds1,linseeds1::c,c,2
kylberg_001714,10,linseeds1,linseeds1::c,c,2
kylberg_001715,10,linseeds1,linseeds1::c,c,2
kylberg_001716,10,linseeds1,linseeds1::c,c,2
kylberg_001717,10,linseeds1,linseeds1::c,c,2
kylberg_001718,10,linseeds1,linseeds1::c,c,2
kylberg_001719,10,linseeds1,linseeds1::c,c,2
kylberg_001720,10,linseeds1,linseeds1::d,d,3
kylberg_001721,10,linseeds1,linseeds1::d,d,3
kylberg_001722,10,linseeds1,linseeds1::d,d,3
kylberg_001723,10,linseeds1,linseeds1::d,d,3
kylberg_001724,10,linseeds1,linseeds1::d,d,3
kylberg_001725,10,linseeds1,linseeds1::d,d,3
kylberg_001726,10,linseeds1,linseeds1::d,d,3
kylberg_001727,10,linseeds1,linseeds1::d,d,3
kylberg_001728,10,linseeds1,linseeds1::d,d,3
kylberg_001729,10,linseeds1,linseeds1::d,d,3
kylberg_001730,10,linseeds1,linseeds1::d,d,3
kylberg_001731,10,linseeds1,linseeds1::d,d,3
kylberg_001732,10,linseeds1,linseeds1::d,d,3
kylberg_001733,10,linseeds1,linseeds1::d,d,3
kylberg_001734,10,linseeds1,linseeds1::d,d,3
kylberg_001735,10,linseeds1,linseeds1::d,d,3
kylberg_001736,10,linseeds1,linseeds1::d,d,3
kylberg_001737,10,linseeds1,linseeds1::d,d,3
kylberg_001738,10,linseeds1,linseeds1::d,d,3
kylberg_001739,10,linseeds1,linseeds1::d,d,3
kylberg_001740,10,linseeds1,linseeds1::d,d,3
kylberg_001741,10,linseeds1,linseeds1::d,d,3
kylberg_001742,10,linseeds1,linseeds1::d,d,3
kylberg_001743,10,linseeds1,linseeds1::d,d,3
kylberg_001744,10,linseeds1,linseeds1::d,d,3
kylberg_001745,10,linseeds1,linseeds1::d,d,3
kylberg_001746,10,linseeds1,linseeds1::d,d,3
kylberg_001747,10,linseeds1,linseeds1::d,d,3
kylberg_001748,10,linseeds1,linseeds1::d,d,3
kylberg_001749,10,linseeds1,linseeds1::d,d,3
kylberg_001750,10,linseeds1,linseeds1::d,d,3
kylberg_001751,10,linseeds1,linseeds1::d,d,3
kylberg_001752,10,linseeds1,linseeds1::d,d,3
kylberg_001753,10,linseeds1,linseeds1::d,d,3
kylberg_001754,10,linseeds1,linseeds1::d,d,3
kylberg_001755,10,linseeds1,linseeds1::d,d,3
kylberg_001756,10,linseeds1,linseeds1::d,d,3
kylberg_001757,10,linseeds1,linseeds1::d,d,3
kylberg_001758,10,linseeds1,linseeds1::d,d,3
kylberg_001759,10,linseeds1,linseeds1::d,d,3
kylberg_001760,11,oatmeal1,oatmeal1::a,a,0
kylberg_001761,11,oatmeal1,oatmeal1::a,a,0
kylberg_001762,11,oatmeal1,oatmeal1::a,a,0
kylberg_001763,11,oatmeal1,oatmeal1::a,a,0
kylberg_001764,11,oatmeal1,oatmeal1::a,a,0
kylberg_001765,11,oatmeal1,oatmeal1::a,a,0
kylberg_001766,11,oatmeal1,oatmeal1::a,a,0
kylberg_001767,11,oatmeal1,oatmeal1::a,a,0
kylberg_001768,11,oatmeal1,oatmeal1::a,a,0
kylberg_001769,11,oatmeal1,oatmeal1::a,a,0
kylberg_001770,11,oatmeal1,oatmeal1::a,a,0
kylberg_001771,11,oatmeal1,oatmeal1::a,a,0
kylberg_001772,11,oatmeal1,oatmeal1::a,a,0
kylberg_001773,11,oatmeal1,oatmeal1::a,a,0
kylberg_001774,11,oatmeal1,oatmeal1::a,a,0
kylberg_001775,11,oatmeal1,oatmeal1::a,a,0
kylberg_001776,11,oatmeal1,oatmeal1::a,a,0
kylberg_001777,11,oatmeal1,oatmeal1::a,a,0
kylberg_001778,11,oatmeal1,oatmeal1::a,a,0
kylberg_001779,11,oatmeal1,oatmeal1::a,a,0
kylberg_001780,11,oatmeal1,oatmeal1::a,a,0
kylberg_001781,11,oatmeal1,oatmeal1::a,a,0
kylberg_001782,11,oatmeal1,oatmeal1::a,a,0
kylberg_001783,11,oatmeal1,oatmeal1::a,a,0
kylberg_001784,11,oatmeal1,oatmeal1::a,a,0
kylberg_001785,11,oatmeal1,oatmeal1::a,a,0
kylberg_001786,11,oatmeal1,oatmeal1::a,a,0
kylberg_001787,11,oatmeal1,oatmeal1::a,a,0
kylberg_001788,11,oatmeal1,oatmeal1::a,a,0
kylberg_001789,11,oatmeal1,oatmeal1::a,a,0
kylberg_001790,11,oatmeal1,oatmeal1::a,a,0
kylberg_001791,11,oatmeal1,oatmeal1::a,a,0
kylberg_001792,11,oatmeal1,oatmeal1::a,a,0
kylberg_001793,11,oatmeal1,oatmeal1::a,a,0
kylberg_001794,11,oatmeal1,oatmeal1::a,a,0
kylberg_001795,11,oatmeal1,oatmeal1::a,a,0
kylberg_001796,11,oatmeal1,oatmeal1::a,a,0
kylberg_001797,11,oatmeal1,oatmeal1::a,a,0
kylberg_001798,11,oatmeal1,oatmeal1::a,a,0
kylberg_001799,11,oatmeal1,oatmeal1::a,a,0
kylberg_001800,11,oatmeal1,oatmeal1::b,b,1
kylberg_001801,11,oatmeal1,oatmeal1::b,b,1
kylberg_001802,11,oatmeal1,oatmeal1::b,b,1
kylberg_001803,11,oatmeal1,oatmeal1::b,b,1
kylberg_001804,11,oatmeal1,oatmeal1::b,b,1
kylberg_001805,11,oatmeal1,oatmeal1::b,b,1
kylberg_001806,11,oatmeal1,oatmeal1::b,b,1
kylberg_001807,11,oatmeal1,oatmeal1::b,b,1
kylberg_001808,11,oatmeal1,oatmeal1::b,b,1
kylberg_001809,11,oatmeal1,oatmeal1::b,b,1
kylberg_001810,11,oatmeal1,oatmeal1::b,b,1
kylberg_001811,11,oatmeal1,oatmeal1::b,b,1
kylberg_001812,11,oatmeal1,oatmeal1::b,b,1
kylberg_001813,11,oatmeal1,oatmeal1::b,b,1
kylberg_001814,11,oatmeal1,oatmeal1::b,b,1
kylberg_001815,11,oatmeal1,oatmeal1::b,b,1
kylberg_001816,11,oatmeal1,oatmeal1::b,b,1
kylberg_001817,11,oatmeal1,oatmeal1::b,b,1
kylberg_001818,11,oatmeal1,oatmeal1::b,b,1
kylberg_001819,11,oatmeal1,oatmeal1::b,b,1
kylberg_001820,11,oatmeal1,oatmeal1::b,b,1
kylberg_001821,11,oatmeal1,oatmeal1::b,b,1
kylberg_001822,11,oatmeal1,oatmeal1::b,b,1
kylberg_001823,11,oatmeal1,oatmeal1::b,b,1
kylberg_001824,11,oatmeal1,oatmeal1::b,b,1
kylberg_001825,11,oatmeal1,oatmeal1::b,b,1
kylberg_001826,11,oatmeal1,oatmeal1::b,b,1
kylberg_001827,11,oatmeal1,oatmeal1::b,b,1
kylberg_001828,11,oatmeal1,oatmeal1::b,b,1
kylberg_001829,11,oatmeal1,oatmeal1::b,b,1
kylberg_001830,11,oatmeal1,oatmeal1::b,b,1
kylberg_001831,11,oatmeal1,oatmeal1::b,b,1
kylberg_001832,11,oatmeal1,oatmeal1::b,b,1
kylberg_001833,11,oatmeal1,oatmeal1::b,b,1
kylberg_001834,11,oatmeal1,oatmeal1::b,b,1
kylberg_001835,11,oatmeal1,oatmeal1::b,b,1
kylberg_001836,11,oatmeal1,oatmeal1::b,b,1
kylberg_001837,11,oatmeal1,oatmeal1::b,b,1
kylberg_001838,11,oatmeal1,oatmeal1::b,b,1
kylberg_001839,11,oatmeal1,oatmeal1::b,b,1
kylberg_001840,11,oatmeal1,oatmeal1::c,c,2
kylberg_001841,11,oatmeal1,oatmeal1::c,c,2
kylberg_001842,11,oatmeal1,oatmeal1::c,c,2
kylberg_001843,11,oatmeal1,oatmeal1::c,c,2
kylberg_001844,11,oatmeal1,oatmeal1::c,c,2
kylberg_001845,11,oatmeal1,oatmeal1::c,c,2
kylberg_001846,11,oatmeal1,oatmeal1::c,c,2
kylberg_001847,11,oatmeal1,oatmeal1::c,c,2
kylberg_001848,11,oatmeal1,oatmeal1::c,c,2
kylberg_001849,11,oatmeal1,oatmeal1::c,c,2
kylberg_001850,11,oatmeal1,oatmeal1::c,c,2
kylberg_001851,11,oatmeal1,oatmeal1::c,c,2
kylberg_001852,11,oatmeal1,oatmeal1::c,c,2
kylberg_001853,11,oatmeal1,oatmeal1::c,c,2
kylberg_001854,11,oatmeal1,oatmeal1::c,c,2
kylberg_001855,11,oatmeal1,oatmeal1::c,c,2
kylberg_001856,11,oatmeal1,oatmeal1::c,c,2
kylberg_001857,11,oatmeal1,oatmeal1::c,c,2
kylberg_001858,11,oatmeal1,oatmeal1::c,c,2
kylberg_001859,11,oatmeal1,oatmeal1::c,c,2
kylberg_001860,11,oatmeal1,oatmeal1::c,c,2
kylberg_001861,11,oatmeal1,oatmeal1::c,c,2
kylberg_001862,11,oatmeal1,oatmeal1::c,c,2
kylberg_001863,11,oatmeal1,oatmeal1::c,c,2
kylberg_001864,11,oatmeal1,oatmeal1::c,c,2
kylberg_001865,11,oatmeal1,oatmeal1::c,c,2
kylberg_001866,11,oatmeal1,oatmeal1::c,c,2
kylberg_001867,11,oatmeal1,oatmeal1::c,c,2
kylberg_001868,11,oatmeal1,oatmeal1::c,c,2
kylberg_001869,11,oatmeal1,oatmeal1::c,c,2
kylberg_001870,11,oatmeal1,oatmeal1::c,c,2
kylberg_001871,11,oatmeal1,oatmeal1::c,c,2
kylberg_001872,11,oatmeal1,oatmeal1::c,c,2
kylberg_001873,11,oatmeal1,oatmeal1::c,c,2
kylberg_001874,11,oatmeal1,oatmeal1::c,c,2
kylberg_001875,11,oatmeal1,oatmeal1::c,c,2
kylberg_001876,11,oatmeal1,oatmeal1::c,c,2
kylberg_001877,11,oatmeal1,oatmeal1::c,c,2
kylberg_001878,11,oatmeal1,oatmeal1::c,c,2
kylberg_001879,11,oatmeal1,oatmeal1::c,c,2
kylberg_001880,11,oatmeal1,oatmeal1::d,d,3
kylberg_001881,11,oatmeal1,oatmeal1::d,d,3
kylberg_001882,11,oatmeal1,oatmeal1::d,d,3
kylberg_001883,11,oatmeal1,oatmeal1::d,d,3
kylberg_001884,11,oatmeal1,oatmeal1::d,d,3
kylberg_001885,11,oatmeal1,oatmeal1::d,d,3
kylberg_001886,11,oatmeal1,oatmeal1::d,d,3
kylberg_001887,11,oatmeal1,oatmeal1::d,d,3
kylberg_001888,11,oatmeal1,oatmeal1::d,d,3
kylberg_001889,11,oatmeal1,oatmeal1::d,d,3
kylberg_001890,11,oatmeal1,oatmeal1::d,d,3
kylberg_001891,11,oatmeal1,oatmeal1::d,d,3
kylberg_001892,11,oatmeal1,oatmeal1::d,d,3
kylberg_001893,11,oatmeal1,oatmeal1::d,d,3
kylberg_001894,11,oatmeal1,oatmeal1::d,d,3
kylberg_001895,11,oatmeal1,oatmeal1::d,d,3
kylberg_001896,11,oatmeal1,oatmeal1::d,d,3
kylberg_001897,11,oatmeal1,oatmeal1::d,d,3
kylberg_001898,11,oatmeal1,oatmeal1::d,d,3
kylberg_001899,11,oatmeal1,oatmeal1::d,d,3
kylberg_001900,11,oatmeal1,oatmeal1::d,d,3
kylberg_001901,11,oatmeal1,oatmeal1::d,d,3
kylberg_001902,11,oatmeal1,oatmeal1::d,d,3
kylberg_001903,11,oatmeal1,oatmeal1::d,d,3
kylberg_001904,11,oatmeal1,oatmeal1::d,d,3
kylberg_001905,11,oatmeal1,oatmeal1::d,d,3
kylberg_001906,11,oatmeal1,oatmeal1::d,d,3
kylberg_001907,11,oatmeal1,oatmeal1::d,d,3
kylberg_001908,11,oatmeal1,oatmeal1::d,d,3
kylberg_001909,11,oatmeal1,oatmeal1::d,d,3
kylberg_001910,11,oatmeal1,oatmeal1::d,d,3
kylberg_001911,11,oatmeal1,oatmeal1::d,d,3
kylberg_001912,11,oatmeal1,oatmeal1::d,d,3
kylberg_001913,11,oatmeal1,oatmeal1::d,d,3
kylberg_001914,11,oatmeal1,oatmeal1::d,d,3
kylberg_001915,11,oatmeal1,oatmeal1::d,d,3
kylberg_001916,11,oatmeal1,oatmeal1::d,d,3
kylberg_001917,11,oatmeal1,oatmeal1::d,d,3
kylberg_001918,11,oatmeal1,oatmeal1::d,d,3
kylberg_001919,11,oatmeal1,oatmeal1::d,d,3
kylberg_001920,12,pearlsugar1,pearlsugar1::a,a,0
kylberg_001921,12,pearlsugar1,pearlsugar1::a,a,0
kylberg_001922,12,pearlsugar1,pearlsugar1::a,a,0
kylberg_001923,12,pearlsugar1,pearlsugar1::a,a,0
kylberg_001924,12,pearlsugar1,pearlsugar1::a,a,0
kylberg_001925,12,pearlsugar1,pearlsugar1::a,a,0
kylberg_001926,12,pearlsugar1,pearlsugar1::a,a,0
kylberg_001927,12,pearlsugar1,pearlsugar1::a,a,0
kylberg_001928,12,pearlsugar1,pearlsugar1::a,a,0
kylberg_001929,12,pearlsugar1,pearlsugar1::a,a,0
kylberg_001930,12,pearlsugar1,pearlsugar1::a,a,0
kylberg_001931,12,pearlsugar1,pearlsugar1::a,a,0
kylberg_001932,12,pearlsugar1,pearlsugar1::a,a,0
kylberg_001933,12,pearlsugar1,pearlsugar1::a,a,0
kylberg_001934,12,pearlsugar1,pearlsugar1::a,a,0
kylberg_001935,12,pearlsugar1,pearlsugar1::a,a,0
kylberg_001936,12,pearlsugar1,pearlsugar1::a,a,0
kylberg_001937,12,pearlsugar1,pearlsugar1::a,a,0
kylberg_001938,12,pearlsugar1,pearlsugar1::a,a,0
kylberg_001939,12,pearlsugar1,pearlsugar1::a,a,0
kylberg_001940,12,pearlsugar1,pearlsugar1::a,a,0
kylberg_001941,12,pearlsugar1,pearlsugar1::a,a,0
kylberg_001942,12,pearlsugar1,pearlsugar1::a,a,0
kylberg_001943,12,pearlsugar1,pearlsugar1::a,a,0
kylberg_001944,12,pearlsugar1,pearlsugar1::a,a,0
kylberg_001945,12,pearlsugar1,pearlsugar1::a,a,0
kylberg_001946,12,pearlsugar1,pearlsugar1::a,a,0
kylberg_001947,12,pearlsugar1,pearlsugar1::a,a,0
kylberg_001948,12,pearlsugar1,pearlsugar1::a,a,0
kylberg_001949,12,pearlsugar1,pearlsugar1::a,a,0
kylberg_001950,12,pearlsugar1,pearlsugar1::a,a,0
kylberg_001951,12,pearlsugar1,pearlsugar1::a,a,0
kylberg_001952,12,pearlsugar1,pearlsugar1::a,a,0
kylberg_001953,12,pearlsugar1,pearlsugar1::a,a,0
kylberg_001954,12,pearlsugar1,pearlsugar1::a,a,0
kylberg_001955,12,pearlsugar1,pearlsugar1::a,a,0
kylberg_001956,12,pearlsugar1,pearlsugar1::a,a,0
kylberg_001957,12,pearlsugar1,pearlsugar1::a,a,0
kylberg_001958,12,pearlsugar1,pearlsugar1::a,a,0
kylberg_001959,12,pearlsugar1,pearlsugar1::a,a,0
kylberg_001960,12,pearlsugar1,pearlsugar1::b,b,1
kylberg_001961,12,pearlsugar1,pearlsugar1::b,b,1
kylberg_001962,12,pearlsugar1,pearlsugar1::b,b,1
kylberg_001963,12,pearlsugar1,pearlsugar1::b,b,1
kylberg_001964,12,pearlsugar1,pearlsugar1::b,b,1
kylberg_001965,12,pearlsugar1,pearlsugar1::b,b,1
kylberg_001966,12,pearlsugar1,pearlsugar1::b,b,1
kylberg_001967,12,pearlsugar1,pearlsugar1::b,b,1
kylberg_001968,12,pearlsugar1,pearlsugar1::b,b,1
kylberg_001969,12,pearlsugar1,pearlsugar1::b,b,1
kylberg_001970,12,pearlsugar1,pearlsugar1::b,b,1
kylberg_001971,12,pearlsugar1,pearlsugar1::b,b,1
kylberg_001972,12,pearlsugar1,pearlsugar1::b,b,1
kylberg_001973,12,pearlsugar1,pearlsugar1::b,b,1
kylberg_001974,12,pearlsugar1,pearlsugar1::b,b,1
kylberg_001975,12,pearlsugar1,pearlsugar1::b,b,1
kylberg_001976,12,pearlsugar1,pearlsugar1::b,b,1
kylberg_001977,12,pearlsugar1,pearlsugar1::b,b,1
kylberg_001978,12,pearlsugar1,pearlsugar1::b,b,1
kylberg_001979,12,pearlsugar1,pearlsugar1::b,b,1
kylberg_001980,12,pearlsugar1,pearlsugar1::b,b,1
kylberg_001981,12,pearlsugar1,pearlsugar1::b,b,1
kylberg_001982,12,pearlsugar1,pearlsugar1::b,b,1
kylberg_001983,12,pearlsugar1,pearlsugar1::b,b,1
kylberg_001984,12,pearlsugar1,pearlsugar1::b,b,1
kylberg_001985,12,pearlsugar1,pearlsugar1::b,b,1
kylberg_001986,12,pearlsugar1,pearlsugar1::b,b,1
kylberg_001987,12,pearlsugar1,pearlsugar1::b,b,1
kylberg_001988,12,pearlsugar1,pearlsugar1::b,b,1
kylberg_001989,12,pearlsugar1,pearlsugar1::b,b,1
kylberg_001990,12,pearlsugar1,pearlsugar1::b,b,1
kylberg_001991,12,pearlsugar1,pearlsugar1::b,b,1
kylberg_001992,12,pearlsugar1,pearlsugar1::b,b,1
kylberg_001993,12,pearlsugar1,pearlsugar1::b,b,1
kylberg_001994,12,pearlsugar1,pearlsugar1::b,b,1
kylberg_001995,12,pearlsugar1,pearlsugar1::b,b,1
kylberg_001996,12,pearlsugar1,pearlsugar1::b,b,1
kylberg_001997,12,pearlsugar1,pearlsugar1::b,b,1
kylberg_001998,12,pearlsugar1,pearlsugar1::b,b,1
kylberg_001999,12,pearlsugar1,pearlsugar1::b,b,1
kylberg_002000,12,pearlsugar1,pearlsugar1::c,c,2
kylberg_002001,12,pearlsugar1,pearlsugar1::c,c,2
kylberg_002002,12,pearlsugar1,pearlsugar1::c,c,2
kylberg_002003,12,pearlsugar1,pearlsugar1::c,c,2
kylberg_002004,12,pearlsugar1,pearlsugar1::c,c,2
kylberg_002005,12,pearlsugar1,pearlsugar1::c,c,2
kylberg_002006,12,pearlsugar1,pearlsugar1::c,c,2
kylberg_002007,12,pearlsugar1,pearlsugar1::c,c,2
kylberg_002008,12,pearlsugar1,pearlsugar1::c,c,2
kylberg_002009,12,pearlsugar1,pearlsugar1::c,c,2
kylberg_002010,12,pearlsugar1,pearlsugar1::c,c,2
kylberg_002011,12,pearlsugar1,pearlsugar1::c,c,2
kylberg_002012,12,pearlsugar1,pearlsugar1::c,c,2
kylberg_002013,12,pearlsugar1,pearlsugar1::c,c,2
kylberg_002014,12,pearlsugar1,pearlsugar1::c,c,2
kylberg_002015,12,pearlsugar1,pearlsugar1::c,c,2
kylberg_002016,12,pearlsugar1,pearlsugar1::c,c,2
kylberg_002017,12,pearlsugar1,pearlsugar1::c,c,2
kylberg_002018,12,pearlsugar1,pearlsugar1::c,c,2
kylberg_002019,12,pearlsugar1,pearlsugar1::c,c,2
kylberg_002020,12,pearlsugar1,pearlsugar1::c,c,2
kylberg_002021,12,pearlsugar1,pearlsugar1::c,c,2
kylberg_002022,12,pearlsugar1,pearlsugar1::c,c,2
kylberg_002023,12,pearlsugar1,pearlsugar1::c,c,2
kylberg_002024,12,pearlsugar1,pearlsugar1::c,c,2
kylberg_002025,12,pearlsugar1,pearlsugar1::c,c,2
kylberg_002026,12,pearlsugar1,pearlsugar1::c,c,2
kylberg_002027,12,pearlsugar1,pearlsugar1::c,c,2
kylberg_002028,12,pearlsugar1,pearlsugar1::c,c,2
kylberg_002029,12,pearlsugar1,pearlsugar1::c,c,2
kylberg_002030,12,pearlsugar1,pearlsugar1::c,c,2
kylberg_002031,12,pearlsugar1,pearlsugar1::c,c,2
kylberg_002032,12,pearlsugar1,pearlsugar1::c,c,2
kylberg_002033,12,pearlsugar1,pearlsugar1::c,c,2
kylberg_002034,12,pearlsugar1,pearlsugar1::c,c,2
kylberg_002035,12,pearlsugar1,pearlsugar1::c,c,2
kylberg_002036,12,pearlsugar1,pearlsugar1::c,c,2
kylberg_002037,12,pearlsugar1,pearlsugar1::c,c,2
kylberg_002038,12,pearlsugar1,pearlsugar1::c,c,2
kylberg_002039,12,pearlsugar1,pearlsugar1::c,c,2
kylberg_002040,12,pearlsugar1,pearlsugar1::d,d,3
kylberg_002041,12,pearlsugar1,pearlsugar1::d,d,3
kylberg_002042,12,pearlsugar1,pearlsugar1::d,d,3
kylberg_002043,12,pearlsugar1,pearlsugar1::d,d,3
kylberg_002044,12,pearlsugar1,pearlsugar1::d,d,3
kylberg_002045,12,pearlsugar1,pearlsugar1::d,d,3
kylberg_002046,12,pearlsugar1,pearlsugar1::d,d,3
kylberg_002047,12,pearlsugar1,pearlsugar1::d,d,3
kylberg_002048,12,pearlsugar1,pearlsugar1::d,d,3
kylberg_002049,12,pearlsugar1,pearlsugar1::d,d,3
kylberg_002050,12,pearlsugar1,pearlsugar1::d,d,3
kylberg_002051,12,pearlsugar1,pearlsugar1::d,d,3
kylberg_002052,12,pearlsugar1,pearlsugar1::d,d,3
kylberg_002053,12,pearlsugar1,pearlsugar1::d,d,3
kylberg_002054,12,pearlsugar1,pearlsugar1::d,d,3
kylberg_002055,12,pearlsugar1,pearlsugar1::d,d,3
kylberg_002056,12,pearlsugar1,pearlsugar1::d,d,3
kylberg_002057,12,pearlsugar1,pearlsugar1::d,d,3
kylberg_002058,12,pearlsugar1,pearlsugar1::d,d,3
kylberg_002059,12,pearlsugar1,pearlsugar1::d,d,3
kylberg_002060,12,pearlsugar1,pearlsugar1::d,d,3
kylberg_002061,12,pearlsugar1,pearlsugar1::d,d,3
kylberg_002062,12,pearlsugar1,pearlsugar1::d,d,3
kylberg_002063,12,pearlsugar1,pearlsugar1::d,d,3
kylberg_002064,12,pearlsugar1,pearlsugar1::d,d,3
kylberg_002065,12,pearlsugar1,pearlsugar1::d,d,3
kylberg_002066,12,pearlsugar1,pearlsugar1::d,d,3
kylberg_002067,12,pearlsugar1,pearlsugar1::d,d,3
kylberg_002068,12,pearlsugar1,pearlsugar1::d,d,3
kylberg_002069,12,pearlsugar1,pearlsugar1::d,d,3
kylberg_002070,12,pearlsugar1,pearlsugar1::d,d,3
kylberg_002071,12,pearlsugar1,pearlsugar1::d,d,3
kylberg_002072,12,pearlsugar1,pearlsugar1::d,d,3
kylberg_002073,12,pearlsugar1,pearlsugar1::d,d,3
kylberg_002074,12,pearlsugar1,pearlsugar1::d,d,3
kylberg_002075,12,pearlsugar1,pearlsugar1::d,d,3
kylberg_002076,12,pearlsugar1,pearlsugar1::d,d,3
kylberg_002077,12,pearlsugar1,pearlsugar1::d,d,3
kylberg_002078,12,pearlsugar1,pearlsugar1::d,d,3
kylberg_002079,12,pearlsugar1,pearlsugar1::d,d,3
kylberg_002080,13,rice1,rice1::a,a,0
kylberg_002081,13,rice1,rice1::a,a,0
kylberg_002082,13,rice1,rice1::a,a,0
kylberg_002083,13,rice1,rice1::a,a,0
kylberg_002084,13,rice1,rice1::a,a,0
kylberg_002085,13,rice1,rice1::a,a,0
kylberg_002086,13,rice1,rice1::a,a,0
kylberg_002087,13,rice1,rice1::a,a,0
kylberg_002088,13,rice1,rice1::a,a,0
kylberg_002089,13,rice1,rice1::a,a,0
kylberg_002090,13,rice1,rice1::a,a,0
kylberg_002091,13,rice1,rice1::a,a,0
kylberg_002092,13,rice1,rice1::a,a,0
kylberg_002093,13,rice1,rice1::a,a,0
kylberg_002094,13,rice1,rice1::a,a,0
kylberg_002095,13,rice1,rice1::a,a,0
kylberg_002096,13,rice1,rice1::a,a,0
kylberg_002097,13,rice1,rice1::a,a,0
kylberg_002098,13,rice1,rice1::a,a,0
kylberg_002099,13,rice1,rice1::a,a,0
kylberg_002100,13,rice1,rice1::a,a,0
kylberg_002101,13,rice1,rice1::a,a,0
kylberg_002102,13,rice1,rice1::a,a,0
kylberg_002103,13,rice1,rice1::a,a,0
kylberg_002104,13,rice1,rice1::a,a,0
kylberg_002105,13,rice1,rice1::a,a,0
kylberg_002106,13,rice1,rice1::a,a,0
kylberg_002107,13,rice1,rice1::a,a,0
kylberg_002108,13,rice1,rice1::a,a,0
kylberg_002109,13,rice1,rice1::a,a,0
kylberg_002110,13,rice1,rice1::a,a,0
kylberg_002111,13,rice1,rice1::a,a,0
kylberg_002112,13,rice1,rice1::a,a,0
kylberg_002113,13,rice1,rice1::a,a,0
kylberg_002114,13,rice1,rice1::a,a,0
kylberg_002115,13,rice1,rice1::a,a,0
kylberg_002116,13,rice1,rice1::a,a,0
kylberg_002117,13,rice1,rice1::a,a,0
kylberg_002118,13,rice1,rice1::a,a,0
kylberg_002119,13,rice1,rice1::a,a,0
kylberg_002120,13,rice1,rice1::c,c,2
kylberg_002121,13,rice1,rice1::c,c,2
kylberg_002122,13,rice1,rice1::c,c,2
kylberg_002123,13,rice1,rice1::c,c,2
kylberg_002124,13,rice1,rice1::c,c,2
kylberg_002125,13,rice1,rice1::c,c,2
kylberg_002126,13,rice1,rice1::c,c,2
kylberg_002127,13,rice1,rice1::c,c,2
kylberg_002128,13,rice1,rice1::c,c,2
kylberg_002129,13,rice1,rice1::c,c,2
kylberg_002130,13,rice1,rice1::c,c,2
kylberg_002131,13,rice1,rice1::c,c,2
kylberg_002132,13,rice1,rice1::c,c,2
kylberg_002133,13,rice1,rice1::c,c,2
kylberg_002134,13,rice1,rice1::c,c,2
kylberg_002135,13,rice1,rice1::c,c,2
kylberg_002136,13,rice1,rice1::c,c,2
kylberg_002137,13,rice1,rice1::c,c,2
kylberg_002138,13,rice1,rice1::c,c,2
kylberg_002139,13,rice1,rice1::c,c,2
kylberg_002140,13,rice1,rice1::c,c,2
kylberg_002141,13,rice1,rice1::c,c,2
kylberg_002142,13,rice1,rice1::c,c,2
kylberg_002143,13,rice1,rice1::c,c,2
kylberg_002144,13,rice1,rice1::c,c,2
kylberg_002145,13,rice1,rice1::c,c,2
kylberg_002146,13,rice1,rice1::c,c,2
kylberg_002147,13,rice1,rice1::c,c,2
kylberg_002148,13,rice1,rice1::c,c,2
kylberg_002149,13,rice1,rice1::c,c,2
kylberg_002150,13,rice1,rice1::c,c,2
kylberg_002151,13,rice1,rice1::c,c,2
kylberg_002152,13,rice1,rice1::c,c,2
kylberg_002153,13,rice1,rice1::c,c,2
kylberg_002154,13,rice1,rice1::c,c,2
kylberg_002155,13,rice1,rice1::c,c,2
kylberg_002156,13,rice1,rice1::c,c,2
kylberg_002157,13,rice1,rice1::c,c,2
kylberg_002158,13,rice1,rice1::c,c,2
kylberg_002159,13,rice1,rice1::c,c,2
kylberg_002160,13,rice1,rice1::d,d,3
kylberg_002161,13,rice1,rice1::d,d,3
kylberg_002162,13,rice1,rice1::d,d,3
kylberg_002163,13,rice1,rice1::d,d,3
kylberg_002164,13,rice1,rice1::d,d,3
kylberg_002165,13,rice1,rice1::d,d,3
kylberg_002166,13,rice1,rice1::d,d,3
kylberg_002167,13,rice1,rice1::d,d,3
kylberg_002168,13,rice1,rice1::d,d,3
kylberg_002169,13,rice1,rice1::d,d,3
kylberg_002170,13,rice1,rice1::d,d,3
kylberg_002171,13,rice1,rice1::d,d,3
kylberg_002172,13,rice1,rice1::d,d,3
kylberg_002173,13,rice1,rice1::d,d,3
kylberg_002174,13,rice1,rice1::d,d,3
kylberg_002175,13,rice1,rice1::d,d,3
kylberg_002176,13,rice1,rice1::d,d,3
kylberg_002177,13,rice1,rice1::d,d,3
kylberg_002178,13,rice1,rice1::d,d,3
kylberg_002179,13,rice1,rice1::d,d,3
kylberg_002180,13,rice1,rice1::d,d,3
kylberg_002181,13,rice1,rice1::d,d,3
kylberg_002182,13,rice1,rice1::d,d,3
kylberg_002183,13,rice1,rice1::d,d,3
kylberg_002184,13,rice1,rice1::d,d,3
kylberg_002185,13,rice1,rice1::d,d,3
kylberg_002186,13,rice1,rice1::d,d,3
kylberg_002187,13,rice1,rice1::d,d,3
kylberg_002188,13,rice1,rice1::d,d,3
kylberg_002189,13,rice1,rice1::d,d,3
kylberg_002190,13,rice1,rice1::d,d,3
kylberg_002191,13,rice1,rice1::d,d,3
kylberg_002192,13,rice1,rice1::d,d,3
kylberg_002193,13,rice1,rice1::d,d,3
kylberg_002194,13,rice1,rice1::d,d,3
kylberg_002195,13,rice1,rice1::d,d,3
kylberg_002196,13,rice1,rice1::d,d,3
kylberg_002197,13,rice1,rice1::d,d,3
kylberg_002198,13,rice1,rice1::d,d,3
kylberg_002199,13,rice1,rice1::d,d,3
kylberg_002200,13,rice1,rice1::b,b,1
kylberg_002201,13,rice1,rice1::b,b,1
kylberg_002202,13,rice1,rice1::b,b,1
kylberg_002203,13,rice1,rice1::b,b,1
kylberg_002204,13,rice1,rice1::b,b,1
kylberg_002205,13,rice1,rice1::b,b,1
kylberg_002206,13,rice1,rice1::b,b,1
kylberg_002207,13,rice1,rice1::b,b,1
kylberg_002208,13,rice1,rice1::b,b,1
kylberg_002209,13,rice1,rice1::b,b,1
kylberg_002210,13,rice1,rice1::b,b,1
kylberg_002211,13,rice1,rice1::b,b,1
kylberg_002212,13,rice1,rice1::b,b,1
kylberg_002213,13,rice1,rice1::b,b,1
kylberg_002214,13,rice1,rice1::b,b,1
kylberg_002215,13,rice1,rice1::b,b,1
kylberg_002216,13,rice1,rice1::b,b,1
kylberg_002217,13,rice1,rice1::b,b,1
kylberg_002218,13,rice1,rice1::b,b,1
kylberg_002219,13,rice1,rice1::b,b,1
kylberg_002220,13,rice1,rice1::b,b,1
kylberg_002221,13,rice1,rice1::b,b,1
kylberg_002222,13,rice1,rice1::b,b,1
kylberg_002223,13,rice1,rice1::b,b,1
kylberg_002224,13,rice1,rice1::b,b,1
kylberg_002225,13,rice1,rice1::b,b,1
kylberg_002226,13,rice1,rice1::b,b,1
kylberg_002227,13,rice1,rice1::b,b,1
kylberg_002228,13,rice1,rice1::b,b,1
kylberg_002229,13,rice1,rice1::b,b,1
kylberg_002230,13,rice1,rice1::b,b,1
kylberg_002231,13,rice1,rice1::b,b,1
kylberg_002232,13,rice1,rice1::b,b,1
kylberg_002233,13,rice1,rice1::b,b,1
kylberg_002234,13,rice1,rice1::b,b,1
kylberg_002235,13,rice1,rice1::b,b,1
kylberg_002236,13,rice1,rice1::b,b,1
kylberg_002237,13,rice1,rice1::b,b,1
kylberg_002238,13,rice1,rice1::b,b,1
kylberg_002239,13,rice1,rice1::b,b,1
kylberg_002240,14,rice2,rice2::a,a,0
kylberg_002241,14,rice2,rice2::a,a,0
kylberg_002242,14,rice2,rice2::a,a,0
kylberg_002243,14,rice2,rice2::a,a,0
kylberg_002244,14,rice2,rice2::a,a,0
kylberg_002245,14,rice2,rice2::a,a,0
kylberg_002246,14,rice2,rice2::a,a,0
kylberg_002247,14,rice2,rice2::a,a,0
kylberg_002248,14,rice2,rice2::a,a,0
kylberg_002249,14,rice2,rice2::a,a,0
kylberg_002250,14,rice2,rice2::a,a,0
kylberg_002251,14,rice2,rice2::a,a,0
kylberg_002252,14,rice2,rice2::a,a,0
kylberg_002253,14,rice2,rice2::a,a,0
kylberg_002254,14,rice2,rice2::a,a,0
kylberg_002255,14,rice2,rice2::a,a,0
kylberg_002256,14,rice2,rice2::a,a,0
kylberg_002257,14,rice2,rice2::a,a,0
kylberg_002258,14,rice2,rice2::a,a,0
kylberg_002259,14,rice2,rice2::a,a,0
kylberg_002260,14,rice2,rice2::a,a,0
kylberg_002261,14,rice2,rice2::a,a,0
kylberg_002262,14,rice2,rice2::a,a,0
kylberg_002263,14,rice2,rice2::a,a,0
kylberg_002264,14,rice2,rice2::a,a,0
kylberg_002265,14,rice2,rice2::a,a,0
kylberg_002266,14,rice2,rice2::a,a,0
kylberg_002267,14,rice2,rice2::a,a,0
kylberg_002268,14,rice2,rice2::a,a,0
kylberg_002269,14,rice2,rice2::a,a,0
kylberg_002270,14,rice2,rice2::a,a,0
kylberg_002271,14,rice2,rice2::a,a,0
kylberg_002272,14,rice2,rice2::a,a,0
kylberg_002273,14,rice2,rice2::a,a,0
kylberg_002274,14,rice2,rice2::a,a,0
kylberg_002275,14,rice2,rice2::a,a,0
kylberg_002276,14,rice2,rice2::a,a,0
kylberg_002277,14,rice2,rice2::a,a,0
kylberg_002278,14,rice2,rice2::a,a,0
kylberg_002279,14,rice2,rice2::a,a,0
kylberg_002280,14,rice2,rice2::b,b,1
kylberg_002281,14,rice2,rice2::b,b,1
kylberg_002282,14,rice2,rice2::b,b,1
kylberg_002283,14,rice2,rice2::b,b,1
kylberg_002284,14,rice2,rice2::b,b,1
kylberg_002285,14,rice2,rice2::b,b,1
kylberg_002286,14,rice2,rice2::b,b,1
kylberg_002287,14,rice2,rice2::b,b,1
kylberg_002288,14,rice2,rice2::b,b,1
kylberg_002289,14,rice2,rice2::b,b,1
kylberg_002290,14,rice2,rice2::b,b,1
kylberg_002291,14,rice2,rice2::b,b,1
kylberg_002292,14,rice2,rice2::b,b,1
kylberg_002293,14,rice2,rice2::b,b,1
kylberg_002294,14,rice2,rice2::b,b,1
kylberg_002295,14,rice2,rice2::b,b,1
kylberg_002296,14,rice2,rice2::b,b,1
kylberg_002297,14,rice2,rice2::b,b,1
kylberg_002298,14,rice2,rice2::b,b,1
kylberg_002299,14,rice2,rice2::b,b,1
kylberg_002300,14,rice2,rice2::b,b,1
kylberg_002301,14,rice2,rice2::b,b,1
kylberg_002302,14,rice2,rice2::b,b,1
kylberg_002303,14,rice2,rice2::b,b,1
kylberg_002304,14,rice2,rice2::b,b,1
kylberg_002305,14,rice2,rice2::b,b,1
kylberg_002306,14,rice2,rice2::b,b,1
kylberg_002307,14,rice2,rice2::b,b,1
kylberg_002308,14,rice2,rice2::b,b,1
kylberg_002309,14,rice2,rice2::b,b,1
kylberg_002310,14,rice2,rice2::b,b,1
kylberg_002311,14,rice2,rice2::b,b,1
kylberg_002312,14,rice2,rice2::b,b,1
kylberg_002313,14,rice2,rice2::b,b,1
kylberg_002314,14,rice2,rice2::b,b,1
kylberg_002315,14,rice2,rice2::b,b,1
kylberg_002316,14,rice2,rice2::b,b,1
kylberg_002317,14,rice2,rice2::b,b,1
kylberg_002318,14,rice2,rice2::b,b,1
kylberg_002319,14,rice2,rice2::b,b,1
kylberg_002320,14,rice2,rice2::c,c,2
kylberg_002321,14,rice2,rice2::c,c,2
kylberg_002322,14,rice2,rice2::c,c,2
kylberg_002323,14,rice2,rice2::c,c,2
kylberg_002324,14,rice2,rice2::c,c,2
kylberg_002325,14,rice2,rice2::c,c,2
kylberg_002326,14,rice2,rice2::c,c,2
kylberg_002327,14,rice2,rice2::c,c,2
kylberg_002328,14,rice2,rice2::c,c,2
kylberg_002329,14,rice2,rice2::c,c,2
kylberg_002330,14,rice2,rice2::c,c,2
kylberg_002331,14,rice2,rice2::c,c,2
kylberg_002332,14,rice2,rice2::c,c,2
kylberg_002333,14,rice2,rice2::c,c,2
kylberg_002334,14,rice2,rice2::c,c,2
kylberg_002335,14,rice2,rice2::c,c,2
kylberg_002336,14,rice2,rice2::c,c,2
kylberg_002337,14,rice2,rice2::c,c,2
kylberg_002338,14,rice2,rice2::c,c,2
kylberg_002339,14,rice2,rice2::c,c,2
kylberg_002340,14,rice2,rice2::c,c,2
kylberg_002341,14,rice2,rice2::c,c,2
kylberg_002342,14,rice2,rice2::c,c,2
kylberg_002343,14,rice2,rice2::c,c,2
kylberg_002344,14,rice2,rice2::c,c,2
kylberg_002345,14,rice2,rice2::c,c,2
kylberg_002346,14,rice2,rice2::c,c,2
kylberg_002347,14,rice2,rice2::c,c,2
kylberg_002348,14,rice2,rice2::c,c,2
kylberg_002349,14,rice2,rice2::c,c,2
kylberg_002350,14,rice2,rice2::c,c,2
kylberg_002351,14,rice2,rice2::c,c,2
kylberg_002352,14,rice2,rice2::c,c,2
kylberg_002353,14,rice2,rice2::c,c,2
kylberg_002354,14,rice2,rice2::c,c,2
kylberg_002355,14,rice2,rice2::c,c,2
kylberg_002356,14,rice2,rice2::c,c,2
kylberg_002357,14,rice2,rice2::c,c,2
kylberg_002358,14,rice2,rice2::c,c,2
kylberg_002359,14,rice2,rice2::c,c,2
kylberg_002360,14,rice2,rice2::d,d,3
kylberg_002361,14,rice2,rice2::d,d,3
kylberg_002362,14,rice2,rice2::d,d,3
kylberg_002363,14,rice2,rice2::d,d,3
kylberg_002364,14,rice2,rice2::d,d,3
kylberg_002365,14,rice2,rice2::d,d,3
kylberg_002366,14,rice2,rice2::d,d,3
kylberg_002367,14,rice2,rice2::d,d,3
kylberg_002368,14,rice2,rice2::d,d,3
kylberg_002369,14,rice2,rice2::d,d,3
kylberg_002370,14,rice2,rice2::d,d,3
kylberg_002371,14,rice2,rice2::d,d,3
kylberg_002372,14,rice2,rice2::d,d,3
kylberg_002373,14,rice2,rice2::d,d,3
kylberg_002374,14,rice2,rice2::d,d,3
kylberg_002375,14,rice2,rice2::d,d,3
kylberg_002376,14,rice2,rice2::d,d,3
kylberg_002377,14,rice2,rice2::d,d,3
kylberg_002378,14,rice2,rice2::d,d,3
kylberg_002379,14,rice2,rice2::d,d,3
kylberg_002380,14,rice2,rice2::d,d,3
kylberg_002381,14,rice2,rice2::d,d,3
kylberg_002382,14,rice2,rice2::d,d,3
kylberg_002383,14,rice2,rice2::d,d,3
kylberg_002384,14,rice2,rice2::d,d,3
kylberg_002385,14,rice2,rice2::d,d,3
kylberg_002386,14,rice2,rice2::d,d,3
kylberg_002387,14,rice2,rice2::d,d,3
kylberg_002388,14,rice2,rice2::d,d,3
kylberg_002389,14,rice2,rice2::d,d,3
kylberg_002390,14,rice2,rice2::d,d,3
kylberg_002391,14,rice2,rice2::d,d,3
kylberg_002392,14,rice2,rice2::d,d,3
kylberg_002393,14,rice2,rice2::d,d,3
kylberg_002394,14,rice2,rice2::d,d,3
kylberg_002395,14,rice2,rice2::d,d,3
kylberg_002396,14,rice2,rice2::d,d,3
kylberg_002397,14,rice2,rice2::d,d,3
kylberg_002398,14,rice2,rice2::d,d,3
kylberg_002399,14,rice2,rice2::d,d,3
kylberg_002400,15,rug1,rug1::a,a,0
kylberg_002401,15,rug1,rug1::a,a,0
kylberg_002402,15,rug1,rug1::a,a,0
kylberg_002403,15,rug1,rug1::a,a,0
kylberg_002404,15,rug1,rug1::a,a,0
kylberg_002405,15,rug1,rug1::a,a,0
kylberg_002406,15,rug1,rug1::a,a,0
kylberg_002407,15,rug1,rug1::a,a,0
kylberg_002408,15,rug1,rug1::a,a,0
kylberg_002409,15,rug1,rug1::a,a,0
kylberg_002410,15,rug1,rug1::a,a,0
kylberg_002411,15,rug1,rug1::a,a,0
kylberg_002412,15,rug1,rug1::a,a,0
kylberg_002413,15,rug1,rug1::a,a,0
kylberg_002414,15,rug1,rug1::a,a,0
kylberg_002415,15,rug1,rug1::a,a,0
kylberg_002416,15,rug1,rug1::a,a,0
kylberg_002417,15,rug1,rug1::a,a,0
kylberg_002418,15,rug1,rug1::a,a,0
kylberg_002419,15,rug1,rug1::a,a,0
kylberg_002420,15,rug1,rug1::a,a,0
kylberg_002421,15,rug1,rug1::a,a,0
kylberg_002422,15,rug1,rug1::a,a,0
kylberg_002423,15,rug1,rug1::a,a,0
kylberg_002424,15,rug1,rug1::a,a,0
kylberg_002425,15,rug1,rug1::a,a,0
kylberg_002426,15,rug1,rug1::a,a,0
kylberg_002427,15,rug1,rug1::a,a,0
kylberg_002428,15,rug1,rug1::a,a,0
kylberg_002429,15,rug1,rug1::a,a,0
kylberg_002430,15,rug1,rug1::a,a,0
kylberg_002431,15,rug1,rug1::a,a,0
kylberg_002432,15,rug1,rug1::a,a,0
kylberg_002433,15,rug1,rug1::a,a,0
kylberg_002434,15,rug1,rug1::a,a,0
kylberg_002435,15,rug1,rug1::a,a,0
kylberg_002436,15,rug1,rug1::a,a,0
kylberg_002437,15,rug1,rug1::a,a,0
kylberg_002438,15,rug1,rug1::a,a,0
kylberg_002439,15,rug1,rug1::a,a,0
kylberg_002440,15,rug1,rug1::b,b,1
kylberg_002441,15,rug1,rug1::b,b,1
kylberg_002442,15,rug1,rug1::b,b,1
kylberg_002443,15,rug1,rug1::b,b,1
kylberg_002444,15,rug1,rug1::b,b,1
kylberg_002445,15,rug1,rug1::b,b,1
kylberg_002446,15,rug1,rug1::b,b,1
kylberg_002447,15,rug1,rug1::b,b,1
kylberg_002448,15,rug1,rug1::b,b,1
kylberg_002449,15,rug1,rug1::b,b,1
kylberg_002450,15,rug1,rug1::b,b,1
kylberg_002451,15,rug1,rug1::b,b,1
kylberg_002452,15,rug1,rug1::b,b,1
kylberg_002453,15,rug1,rug1::b,b,1
kylberg_002454,15,rug1,rug1::b,b,1
kylberg_002455,15,rug1,rug1::b,b,1
kylberg_002456,15,rug1,rug1::b,b,1
kylberg_002457,15,rug1,rug1::b,b,1
kylberg_002458,15,rug1,rug1::b,b,1
kylberg_002459,15,rug1,rug1::b,b,1
kylberg_002460,15,rug1,rug1::b,b,1
kylberg_002461,15,rug1,rug1::b,b,1
kylberg_002462,15,rug1,rug1::b,b,1
kylberg_002463,15,rug1,rug1::b,b,1
kylberg_002464,15,rug1,rug1::b,b,1
kylberg_002465,15,rug1,rug1::b,b,1
kylberg_002466,15,rug1,rug1::b,b,1
kylberg_002467,15,rug1,rug1::b,b,1
kylberg_002468,15,rug1,rug1::b,b,1
kylberg_002469,15,rug1,rug1::b,b,1
kylberg_002470,15,rug1,rug1::b,b,1
kylberg_002471,15,rug1,rug1::b,b,1
kylberg_002472,15,rug1,rug1::b,b,1
kylberg_002473,15,rug1,rug1::b,b,1
kylberg_002474,15,rug1,rug1::b,b,1
kylberg_002475,15,rug1,rug1::b,b,1
kylberg_002476,15,rug1,rug1::b,b,1
kylberg_002477,15,rug1,rug1::b,b,1
kylberg_002478,15,rug1,rug1::b,b,1
kylberg_002479,15,rug1,rug1::b,b,1
kylberg_002480,15,rug1,rug1::c,c,2
kylberg_002481,15,rug1,rug1::c,c,2
kylberg_002482,15,rug1,rug1::c,c,2
kylberg_002483,15,rug1,rug1::c,c,2
kylberg_002484,15,rug1,rug1::c,c,2
kylberg_002485,15,rug1,rug1::c,c,2
kylberg_002486,15,rug1,rug1::c,c,2
kylberg_002487,15,rug1,rug1::c,c,2
kylberg_002488,15,rug1,rug1::c,c,2
kylberg_002489,15,rug1,rug1::c,c,2
kylberg_002490,15,rug1,rug1::c,c,2
kylberg_002491,15,rug1,rug1::c,c,2
kylberg_002492,15,rug1,rug1::c,c,2
kylberg_002493,15,rug1,rug1::c,c,2
kylberg_002494,15,rug1,rug1::c,c,2
kylberg_002495,15,rug1,rug1::c,c,2
kylberg_002496,15,rug1,rug1::c,c,2
kylberg_002497,15,rug1,rug1::c,c,2
kylberg_002498,15,rug1,rug1::c,c,2
kylberg_002499,15,rug1,rug1::c,c,2
kylberg_002500,15,rug1,rug1::c,c,2
kylberg_002501,15,rug1,rug1::c,c,2
kylberg_002502,15,rug1,rug1::c,c,2
kylberg_002503,15,rug1,rug1::c,c,2
kylberg_002504,15,rug1,rug1::c,c,2
kylberg_002505,15,rug1,rug1::c,c,2
kylberg_002506,15,rug1,rug1::c,c,2
kylberg_002507,15,rug1,rug1::c,c,2
kylberg_002508,15,rug1,rug1::c,c,2
kylberg_002509,15,rug1,rug1::c,c,2
kylberg_002510,15,rug1,rug1::c,c,2
kylberg_002511,15,rug1,rug1::c,c,2
kylberg_002512,15,rug1,rug1::c,c,2
kylberg_002513,15,rug1,rug1::c,c,2
kylberg_002514,15,rug1,rug1::c,c,2
kylberg_002515,15,rug1,rug1::c,c,2
kylberg_002516,15,rug1,rug1::c,c,2
kylberg_002517,15,rug1,rug1::c,c,2
kylberg_002518,15,rug1,rug1::c,c,2
kylberg_002519,15,rug1,rug1::c,c,2
kylberg_002520,15,rug1,rug1::d,d,3
kylberg_002521,15,rug1,rug1::d,d,3
kylberg_002522,15,rug1,rug1::d,d,3
kylberg_002523,15,rug1,rug1::d,d,3
kylberg_002524,15,rug1,rug1::d,d,3
kylberg_002525,15,rug1,rug1::d,d,3
kylberg_002526,15,rug1,rug1::d,d,3
kylberg_002527,15,rug1,rug1::d,d,3
kylberg_002528,15,rug1,rug1::d,d,3
kylberg_002529,15,rug1,rug1::d,d,3
kylberg_002530,15,rug1,rug1::d,d,3
kylberg_002531,15,rug1,rug1::d,d,3
kylberg_002532,15,rug1,rug1::d,d,3
kylberg_002533,15,rug1,rug1::d,d,3
kylberg_002534,15,rug1,rug1::d,d,3
kylberg_002535,15,rug1,rug1::d,d,3
kylberg_002536,15,rug1,rug1::d,d,3
kylberg_002537,15,rug1,rug1::d,d,3
kylberg_002538,15,rug1,rug1::d,d,3
kylberg_002539,15,rug1,rug1::d,d,3
kylberg_002540,15,rug1,rug1::d,d,3
kylberg_002541,15,rug1,rug1::d,d,3
kylberg_002542,15,rug1,rug1::d,d,3
kylberg_002543,15,rug1,rug1::d,d,3
kylberg_002544,15,rug1,rug1::d,d,3
kylberg_002545,15,rug1,rug1::d,d,3
kylberg_002546,15,rug1,rug1::d,d,3
kylberg_002547,15,rug1,rug1::d,d,3
kylberg_002548,15,rug1,rug1::d,d,3
kylberg_002549,15,rug1,rug1::d,d,3
kylberg_002550,15,rug1,rug1::d,d,3
kylberg_002551,15,rug1,rug1::d,d,3
kylberg_002552,15,rug1,rug1::d,d,3
kylberg_002553,15,rug1,rug1::d,d,3
kylberg_002554,15,rug1,rug1::d,d,3
kylberg_002555,15,rug1,rug1::d,d,3
kylberg_002556,15,rug1,rug1::d,d,3
kylberg_002557,15,rug1,rug1::d,d,3
kylberg_002558,15,rug1,rug1::d,d,3
kylberg_002559,15,rug1,rug1::d,d,3
kylberg_002560,16,sand1,sand1::a,a,0
kylberg_002561,16,sand1,sand1::a,a,0
kylberg_002562,16,sand1,sand1::a,a,0
kylberg_002563,16,sand1,sand1::a,a,0
kylberg_002564,16,sand1,sand1::a,a,0
kylberg_002565,16,sand1,sand1::a,a,0
kylberg_002566,16,sand1,sand1::a,a,0
kylberg_002567,16,sand1,sand1::a,a,0
kylberg_002568,16,sand1,sand1::a,a,0
kylberg_002569,16,sand1,sand1::a,a,0
kylberg_002570,16,sand1,sand1::a,a,0
kylberg_002571,16,sand1,sand1::a,a,0
kylberg_002572,16,sand1,sand1::a,a,0
kylberg_002573,16,sand1,sand1::a,a,0
kylberg_002574,16,sand1,sand1::a,a,0
kylberg_002575,16,sand1,sand1::a,a,0
kylberg_002576,16,sand1,sand1::a,a,0
kylberg_002577,16,sand1,sand1::a,a,0
kylberg_002578,16,sand1,sand1::a,a,0
kylberg_002579,16,sand1,sand1::a,a,0
kylberg_002580,16,sand1,sand1::a,a,0
kylberg_002581,16,sand1,sand1::a,a,0
kylberg_002582,16,sand1,sand1::a,a,0
kylberg_002583,16,sand1,sand1::a,a,0
kylberg_002584,16,sand1,sand1::a,a,0
kylberg_002585,16,sand1,sand1::a,a,0
kylberg_002586,16,sand1,sand1::a,a,0
kylberg_002587,16,sand1,sand1::a,a,0
kylberg_002588,16,sand1,sand1::a,a,0
kylberg_002589,16,sand1,sand1::a,a,0
kylberg_002590,16,sand1,sand1::a,a,0
kylberg_002591,16,sand1,sand1::a,a,0
kylberg_002592,16,sand1,sand1::a,a,0
kylberg_002593,16,sand1,sand1::a,a,0
kylberg_002594,16,sand1,sand1::a,a,0
kylberg_002595,16,sand1,sand1::a,a,0
kylberg_002596,16,sand1,sand1::a,a,0
kylberg_002597,16,sand1,sand1::a,a,0
kylberg_002598,16,sand1,sand1::a,a,0
kylberg_002599,16,sand1,sand1::a,a,0
kylberg_002600,16,sand1,sand1::b,b,1
kylberg_002601,16,sand1,sand1::b,b,1
kylberg_002602,16,sand1,sand1::b,b,1
kylberg_002603,16,sand1,sand1::b,b,1
kylberg_002604,16,sand1,sand1::b,b,1
kylberg_002605,16,sand1,sand1::b,b,1
kylberg_002606,16,sand1,sand1::b,b,1
kylberg_002607,16,sand1,sand1::b,b,1
kylberg_002608,16,sand1,sand1::b,b,1
kylberg_002609,16,sand1,sand1::b,b,1
kylberg_002610,16,sand1,sand1::b,b,1
kylberg_002611,16,sand1,sand1::b,b,1
kylberg_002612,16,sand1,sand1::b,b,1
kylberg_002613,16,sand1,sand1::b,b,1
kylberg_002614,16,sand1,sand1::b,b,1
kylberg_002615,16,sand1,sand1::b,b,1
kylberg_002616,16,sand1,sand1::b,b,1
kylberg_002617,16,sand1,sand1::b,b,1
kylberg_002618,16,sand1,sand1::b,b,1
kylberg_002619,16,sand1,sand1::b,b,1
kylberg_002620,16,sand1,sand1::b,b,1
kylberg_002621,16,sand1,sand1::b,b,1
kylberg_002622,16,sand1,sand1::b,b,1
kylberg_002623,16,sand1,sand1::b,b,1
kylberg_002624,16,sand1,sand1::b,b,1
kylberg_002625,16,sand1,sand1::b,b,1
kylberg_002626,16,sand1,sand1::b,b,1
kylberg_002627,16,sand1,sand1::b,b,1
kylberg_002628,16,sand1,sand1::b,b,1
kylberg_002629,16,sand1,sand1::b,b,1
kylberg_002630,16,sand1,sand1::b,b,1
kylberg_002631,16,sand1,sand1::b,b,1
kylberg_002632,16,sand1,sand1::b,b,1
kylberg_002633,16,sand1,sand1::b,b,1
kylberg_002634,16,sand1,sand1::b,b,1
kylberg_002635,16,sand1,sand1::b,b,1
kylberg_002636,16,sand1,sand1::b,b,1
kylberg_002637,16,sand1,sand1::b,b,1
kylberg_002638,16,sand1,sand1::b,b,1
kylberg_002639,16,sand1,sand1::b,b,1
kylberg_002640,16,sand1,sand1::c,c,2
kylberg_002641,16,sand1,sand1::c,c,2
kylberg_002642,16,sand1,sand1::c,c,2
kylberg_002643,16,sand1,sand1::c,c,2
kylberg_002644,16,sand1,sand1::c,c,2
kylberg_002645,16,sand1,sand1::c,c,2
kylberg_002646,16,sand1,sand1::c,c,2
kylberg_002647,16,sand1,sand1::c,c,2
kylberg_002648,16,sand1,sand1::c,c,2
kylberg_002649,16,sand1,sand1::c,c,2
kylberg_002650,16,sand1,sand1::c,c,2
kylberg_002651,16,sand1,sand1::c,c,2
kylberg_002652,16,sand1,sand1::c,c,2
kylberg_002653,16,sand1,sand1::c,c,2
kylberg_002654,16,sand1,sand1::c,c,2
kylberg_002655,16,sand1,sand1::c,c,2
kylberg_002656,16,sand1,sand1::c,c,2
kylberg_002657,16,sand1,sand1::c,c,2
kylberg_002658,16,sand1,sand1::c,c,2
kylberg_002659,16,sand1,sand1::c,c,2
kylberg_002660,16,sand1,sand1::c,c,2
kylberg_002661,16,sand1,sand1::c,c,2
kylberg_002662,16,sand1,sand1::c,c,2
kylberg_002663,16,sand1,sand1::c,c,2
kylberg_002664,16,sand1,sand1::c,c,2
kylberg_002665,16,sand1,sand1::c,c,2
kylberg_002666,16,sand1,sand1::c,c,2
kylberg_002667,16,sand1,sand1::c,c,2
kylberg_002668,16,sand1,sand1::c,c,2
kylberg_002669,16,sand1,sand1::c,c,2
kylberg_002670,16,sand1,sand1::c,c,2
kylberg_002671,16,sand1,sand1::c,c,2
kylberg_002672,16,sand1,sand1::c,c,2
kylberg_002673,16,sand1,sand1::c,c,2
kylberg_002674,16,sand1,sand1::c,c,2
kylberg_002675,16,sand1,sand1::c,c,2
kylberg_002676,16,sand1,sand1::c,c,2
kylberg_002677,16,sand1,sand1::c,c,2
kylberg_002678,16,sand1,sand1::c,c,2
kylberg_002679,16,sand1,sand1::c,c,2
kylberg_002680,16,sand1,sand1::d,d,3
kylberg_002681,16,sand1,sand1::d,d,3
kylberg_002682,16,sand1,sand1::d,d,3
kylberg_002683,16,sand1,sand1::d,d,3
kylberg_002684,16,sand1,sand1::d,d,3
kylberg_002685,16,sand1,sand1::d,d,3
kylberg_002686,16,sand1,sand1::d,d,3
kylberg_002687,16,sand1,sand1::d,d,3
kylberg_002688,16,sand1,sand1::d,d,3
kylberg_002689,16,sand1,sand1::d,d,3
kylberg_002690,16,sand1,sand1::d,d,3
kylberg_002691,16,sand1,sand1::d,d,3
kylberg_002692,16,sand1,sand1::d,d,3
kylberg_002693,16,sand1,sand1::d,d,3
kylberg_002694,16,sand1,sand1::d,d,3
kylberg_002695,16,sand1,sand1::d,d,3
kylberg_002696,16,sand1,sand1::d,d,3
kylberg_002697,16,sand1,sand1::d,d,3
kylberg_002698,16,sand1,sand1::d,d,3
kylberg_002699,16,sand1,sand1::d,d,3
kylberg_002700,16,sand1,sand1::d,d,3
kylberg_002701,16,sand1,sand1::d,d,3
kylberg_002702,16,sand1,sand1::d,d,3
kylberg_002703,16,sand1,sand1::d,d,3
kylberg_002704,16,sand1,sand1::d,d,3
kylberg_002705,16,sand1,sand1::d,d,3
kylberg_002706,16,sand1,sand1::d,d,3
kylberg_002707,16,sand1,sand1::d,d,3
kylberg_002708,16,sand1,sand1::d,d,3
kylberg_002709,16,sand1,sand1::d,d,3
kylberg_002710,16,sand1,sand1::d,d,3
kylberg_002711,16,sand1,sand1::d,d,3
kylberg_002712,16,sand1,sand1::d,d,3
kylberg_002713,16,sand1,sand1::d,d,3
kylberg_002714,16,sand1,sand1::d,d,3
kylberg_002715,16,sand1,sand1::d,d,3
kylberg_002716,16,sand1,sand1::d,d,3
kylberg_002717,16,sand1,sand1::d,d,3
kylberg_002718,16,sand1,sand1::d,d,3
kylberg_002719,16,sand1,sand1::d,d,3
kylberg_002720,17,scarf1,scarf1::a,a,0
kylberg_002721,17,scarf1,scarf1::a,a,0
kylberg_002722,17,scarf1,scarf1::a,a,0
kylberg_002723,17,scarf1,scarf1::a,a,0
kylberg_002724,17,scarf1,scarf1::a,a,0
kylberg_002725,17,scarf1,scarf1::a,a,0
kylberg_002726,17,scarf1,scarf1::a,a,0
kylberg_002727,17,scarf1,scarf1::a,a,0
kylberg_002728,17,scarf1,scarf1::a,a,0
kylberg_002729,17,scarf1,scarf1::a,a,0
kylberg_002730,17,scarf1,scarf1::a,a,0
kylberg_002731,17,scarf1,scarf1::a,a,0
kylberg_002732,17,scarf1,scarf1::a,a,0
kylberg_002733,17,scarf1,scarf1::a,a,0
kylberg_002734,17,scarf1,scarf1::a,a,0
kylberg_002735,17,scarf1,scarf1::a,a,0
kylberg_002736,17,scarf1,scarf1::a,a,0
kylberg_002737,17,scarf1,scarf1::a,a,0
kylberg_002738,17,scarf1,scarf1::a,a,0
kylberg_002739,17,scarf1,scarf1::a,a,0
kylberg_002740,17,scarf1,scarf1::a,a,0
kylberg_002741,17,scarf1,scarf1::a,a,0
kylberg_002742,17,scarf1,scarf1::a,a,0
kylberg_002743,17,scarf1,scarf1::a,a,0
kylberg_002744,17,scarf1,scarf1::a,a,0
kylberg_002745,17,scarf1,scarf1::a,a,0
kylberg_002746,17,scarf1,scarf1::a,a,0
kylberg_002747,17,scarf1,scarf1::a,a,0
kylberg_002748,17,scarf1,scarf1::a,a,0
kylberg_002749,17,scarf1,scarf1::a,a,0
kylberg_002750,17,scarf1,scarf1::a,a,0
kylberg_002751,17,scarf1,scarf1::a,a,0
kylberg_002752,17,scarf1,scarf1::a,a,0
kylberg_002753,17,scarf1,scarf1::a,a,0
kylberg_002754,17,scarf1,scarf1::a,a,0
kylberg_002755,17,scarf1,scarf1::a,a,0
kylberg_002756,17,scarf1,scarf1::a,a,0
kylberg_002757,17,scarf1,scarf1::a,a,0
kylberg_002758,17,scarf1,scarf1::a,a,0
kylberg_002759,17,scarf1,scarf1::a,a,0
kylberg_002760,17,scarf1,scarf1::b,b,1
kylberg_002761,17,scarf1,scarf1::b,b,1
kylberg_002762,17,scarf1,scarf1::b,b,1
kylberg_002763,17,scarf1,scarf1::b,b,1
kylberg_002764,17,scarf1,scarf1::b,b,1
kylberg_002765,17,scarf1,scarf1::b,b,1
kylberg_002766,17,scarf1,scarf1::b,b,1
kylberg_002767,17,scarf1,scarf1::b,b,1
kylberg_002768,17,scarf1,scarf1::b,b,1
kylberg_002769,17,scarf1,scarf1::b,b,1
kylberg_002770,17,scarf1,scarf1::b,b,1
kylberg_002771,17,scarf1,scarf1::b,b,1
kylberg_002772,17,scarf1,scarf1::b,b,1
kylberg_002773,17,scarf1,scarf1::b,b,1
kylberg_002774,17,scarf1,scarf1::b,b,1
kylberg_002775,17,scarf1,scarf1::b,b,1
kylberg_002776,17,scarf1,scarf1::b,b,1
kylberg_002777,17,scarf1,scarf1::b,b,1
kylberg_002778,17,scarf1,scarf1::b,b,1
kylberg_002779,17,scarf1,scarf1::b,b,1
kylberg_002780,17,scarf1,scarf1::b,b,1
kylberg_002781,17,scarf1,scarf1::b,b,1
kylberg_002782,17,scarf1,scarf1::b,b,1
kylberg_002783,17,scarf1,scarf1::b,b,1
kylberg_002784,17,scarf1,scarf1::b,b,1
kylberg_002785,17,scarf1,scarf1::b,b,1
kylberg_002786,17,scarf1,scarf1::b,b,1
kylberg_002787,17,scarf1,scarf1::b,b,1
kylberg_002788,17,scarf1,scarf1::b,b,1
kylberg_002789,17,scarf1,scarf1::b,b,1
kylberg_002790,17,scarf1,scarf1::b,b,1
kylberg_002791,17,scarf1,scarf1::b,b,1
kylberg_002792,17,scarf1,scarf1::b,b,1
kylberg_002793,17,scarf1,scarf1::b,b,1
kylberg_002794,17,scarf1,scarf1::b,b,1
kylberg_002795,17,scarf1,scarf1::b,b,1
kylberg_002796,17,scarf1,scarf1::b,b,1
kylberg_002797,17,scarf1,scarf1::b,b,1
kylberg_002798,17,scarf1,scarf1::b,b,1
kylberg_002799,17,scarf1,scarf1::b,b,1
kylberg_002800,17,scarf1,scarf1::c,c,2
kylberg_002801,17,scarf1,scarf1::c,c,2
kylberg_002802,17,scarf1,scarf1::c,c,2
kylberg_002803,17,scarf1,scarf1::c,c,2
kylberg_002804,17,scarf1,scarf1::c,c,2
kylberg_002805,17,scarf1,scarf1::c,c,2
kylberg_002806,17,scarf1,scarf1::c,c,2
kylberg_002807,17,scarf1,scarf1::c,c,2
kylberg_002808,17,scarf1,scarf1::c,c,2
kylberg_002809,17,scarf1,scarf1::c,c,2
kylberg_002810,17,scarf1,scarf1::c,c,2
kylberg_002811,17,scarf1,scarf1::c,c,2
kylberg_002812,17,scarf1,scarf1::c,c,2
kylberg_002813,17,scarf1,scarf1::c,c,2
kylberg_002814,17,scarf1,scarf1::c,c,2
kylberg_002815,17,scarf1,scarf1::c,c,2
kylberg_002816,17,scarf1,scarf1::c,c,2
kylberg_002817,17,scarf1,scarf1::c,c,2
kylberg_002818,17,scarf1,scarf1::c,c,2
kylberg_002819,17,scarf1,scarf1::c,c,2
kylberg_002820,17,scarf1,scarf1::c,c,2
kylberg_002821,17,scarf1,scarf1::c,c,2
kylberg_002822,17,scarf1,scarf1::c,c,2
kylberg_002823,17,scarf1,scarf1::c,c,2
kylberg_002824,17,scarf1,scarf1::c,c,2
kylberg_002825,17,scarf1,scarf1::c,c,2
kylberg_002826,17,scarf1,scarf1::c,c,2
kylberg_002827,17,scarf1,scarf1::c,c,2
kylberg_002828,17,scarf1,scarf1::c,c,2
kylberg_002829,17,scarf1,scarf1::c,c,2
kylberg_002830,17,scarf1,scarf1::c,c,2
kylberg_002831,17,scarf1,scarf1::c,c,2
kylberg_002832,17,scarf1,scarf1::c,c,2
kylberg_002833,17,scarf1,scarf1::c,c,2
kylberg_002834,17,scarf1,scarf1::c,c,2
kylberg_002835,17,scarf1,scarf1::c,c,2
kylberg_002836,17,scarf1,scarf1::c,c,2
kylberg_002837,17,scarf1,scarf1::c,c,2
kylberg_002838,17,scarf1,scarf1::c,c,2
kylberg_002839,17,scarf1,scarf1::c,c,2
kylberg_002840,17,scarf1,scarf1::d,d,3
kylberg_002841,17,scarf1,scarf1::d,d,3
kylberg_002842,17,scarf1,scarf1::d,d,3
kylberg_002843,17,scarf1,scarf1::d,d,3
kylberg_002844,17,scarf1,scarf1::d,d,3
kylberg_002845,17,scarf1,scarf1::d,d,3
kylberg_002846,17,scarf1,scarf1::d,d,3
kylberg_002847,17,scarf1,scarf1::d,d,3
kylberg_002848,17,scarf1,scarf1::d,d,3
kylberg_002849,17,scarf1,scarf1::d,d,3
kylberg_002850,17,scarf1,scarf1::d,d,3
kylberg_002851,17,scarf1,scarf1::d,d,3
kylberg_002852,17,scarf1,scarf1::d,d,3
kylberg_002853,17,scarf1,scarf1::d,d,3
kylberg_002854,17,scarf1,scarf1::d,d,3
kylberg_002855,17,scarf1,scarf1::d,d,3
kylberg_002856,17,scarf1,scarf1::d,d,3
kylberg_002857,17,scarf1,scarf1::d,d,3
kylberg_002858,17,scarf1,scarf1::d,d,3
kylberg_002859,17,scarf1,scarf1::d,d,3
kylberg_002860,17,scarf1,scarf1::d,d,3
kylberg_002861,17,scarf1,scarf1::d,d,3
kylberg_002862,17,scarf1,scarf1::d,d,3
kylberg_002863,17,scarf1,scarf1::d,d,3
kylberg_002864,17,scarf1,scarf1::d,d,3
kylberg_002865,17,scarf1,scarf1::d,d,3
kylberg_002866,17,scarf1,scarf1::d,d,3
kylberg_002867,17,scarf1,scarf1::d,d,3
kylberg_002868,17,scarf1,scarf1::d,d,3
kylberg_002869,17,scarf1,scarf1::d,d,3
kylberg_002870,17,scarf1,scarf1::d,d,3
kylberg_002871,17,scarf1,scarf1::d,d,3
kylberg_002872,17,scarf1,scarf1::d,d,3
kylberg_002873,17,scarf1,scarf1::d,d,3
kylberg_002874,17,scarf1,scarf1::d,d,3
kylberg_002875,17,scarf1,scarf1::d,d,3
kylberg_002876,17,scarf1,scarf1::d,d,3
kylberg_002877,17,scarf1,scarf1::d,d,3
kylberg_002878,17,scarf1,scarf1::d,d,3
kylberg_002879,17,scarf1,scarf1::d,d,3
kylberg_002880,18,scarf2,scarf2::a,a,0
kylberg_002881,18,scarf2,scarf2::a,a,0
kylberg_002882,18,scarf2,scarf2::a,a,0
kylberg_002883,18,scarf2,scarf2::a,a,0
kylberg_002884,18,scarf2,scarf2::a,a,0
kylberg_002885,18,scarf2,scarf2::a,a,0
kylberg_002886,18,scarf2,scarf2::a,a,0
kylberg_002887,18,scarf2,scarf2::a,a,0
kylberg_002888,18,scarf2,scarf2::a,a,0
kylberg_002889,18,scarf2,scarf2::a,a,0
kylberg_002890,18,scarf2,scarf2::a,a,0
kylberg_002891,18,scarf2,scarf2::a,a,0
kylberg_002892,18,scarf2,scarf2::a,a,0
kylberg_002893,18,scarf2,scarf2::a,a,0
kylberg_002894,18,scarf2,scarf2::a,a,0
kylberg_002895,18,scarf2,scarf2::a,a,0
kylberg_002896,18,scarf2,scarf2::a,a,0
kylberg_002897,18,scarf2,scarf2::a,a,0
kylberg_002898,18,scarf2,scarf2::a,a,0
kylberg_002899,18,scarf2,scarf2::a,a,0
kylberg_002900,18,scarf2,scarf2::a,a,0
kylberg_002901,18,scarf2,scarf2::a,a,0
kylberg_002902,18,scarf2,scarf2::a,a,0
kylberg_002903,18,scarf2,scarf2::a,a,0
kylberg_002904,18,scarf2,scarf2::a,a,0
kylberg_002905,18,scarf2,scarf2::a,a,0
kylberg_002906,18,scarf2,scarf2::a,a,0
kylberg_002907,18,scarf2,scarf2::a,a,0
kylberg_002908,18,scarf2,scarf2::a,a,0
kylberg_002909,18,scarf2,scarf2::a,a,0
kylberg_002910,18,scarf2,scarf2::a,a,0
kylberg_002911,18,scarf2,scarf2::a,a,0
kylberg_002912,18,scarf2,scarf2::a,a,0
kylberg_002913,18,scarf2,scarf2::a,a,0
kylberg_002914,18,scarf2,scarf2::a,a,0
kylberg_002915,18,scarf2,scarf2::a,a,0
kylberg_002916,18,scarf2,scarf2::a,a,0
kylberg_002917,18,scarf2,scarf2::a,a,0
kylberg_002918,18,scarf2,scarf2::a,a,0
kylberg_002919,18,scarf2,scarf2::a,a,0
kylberg_002920,18,scarf2,scarf2::b,b,1
kylberg_002921,18,scarf2,scarf2::b,b,1
kylberg_002922,18,scarf2,scarf2::b,b,1
kylberg_002923,18,scarf2,scarf2::b,b,1
kylberg_002924,18,scarf2,scarf2::b,b,1
kylberg_002925,18,scarf2,scarf2::b,b,1
kylberg_002926,18,scarf2,scarf2::b,b,1
kylberg_002927,18,scarf2,scarf2::b,b,1
kylberg_002928,18,scarf2,scarf2::b,b,1
kylberg_002929,18,scarf2,scarf2::b,b,1
kylberg_002930,18,scarf2,scarf2::b,b,1
kylberg_002931,18,scarf2,scarf2::b,b,1
kylberg_002932,18,scarf2,scarf2::b,b,1
kylberg_002933,18,scarf2,scarf2::b,b,1
kylberg_002934,18,scarf2,scarf2::b,b,1
kylberg_002935,18,scarf2,scarf2::b,b,1
kylberg_002936,18,scarf2,scarf2::b,b,1
kylberg_002937,18,scarf2,scarf2::b,b,1
kylberg_002938,18,scarf2,scarf2::b,b,1
kylberg_002939,18,scarf2,scarf2::b,b,1
kylberg_002940,18,scarf2,scarf2::b,b,1
kylberg_002941,18,scarf2,scarf2::b,b,1
kylberg_002942,18,scarf2,scarf2::b,b,1
kylberg_002943,18,scarf2,scarf2::b,b,1
kylberg_002944,18,scarf2,scarf2::b,b,1
kylberg_002945,18,scarf2,scarf2::b,b,1
kylberg_002946,18,scarf2,scarf2::b,b,1
kylberg_002947,18,scarf2,scarf2::b,b,1
kylberg_002948,18,scarf2,scarf2::b,b,1
kylberg_002949,18,scarf2,scarf2::b,b,1
kylberg_002950,18,scarf2,scarf2::b,b,1
kylberg_002951,18,scarf2,scarf2::b,b,1
kylberg_002952,18,scarf2,scarf2::b,b,1
kylberg_002953,18,scarf2,scarf2::b,b,1
kylberg_002954,18,scarf2,scarf2::b,b,1
kylberg_002955,18,scarf2,scarf2::b,b,1
kylberg_002956,18,scarf2,scarf2::b,b,1
kylberg_002957,18,scarf2,scarf2::b,b,1
kylberg_002958,18,scarf2,scarf2::b,b,1
kylberg_002959,18,scarf2,scarf2::b,b,1
kylberg_002960,18,scarf2,scarf2::c,c,2
kylberg_002961,18,scarf2,scarf2::c,c,2
kylberg_002962,18,scarf2,scarf2::c,c,2
kylberg_002963,18,scarf2,scarf2::c,c,2
kylberg_002964,18,scarf2,scarf2::c,c,2
kylberg_002965,18,scarf2,scarf2::c,c,2
kylberg_002966,18,scarf2,scarf2::c,c,2
kylberg_002967,18,scarf2,scarf2::c,c,2
kylberg_002968,18,scarf2,scarf2::c,c,2
kylberg_002969,18,scarf2,scarf2::c,c,2
kylberg_002970,18,scarf2,scarf2::c,c,2
kylberg_002971,18,scarf2,scarf2::c,c,2
kylberg_002972,18,scarf2,scarf2::c,c,2
kylberg_002973,18,scarf2,scarf2::c,c,2
kylberg_002974,18,scarf2,scarf2::c,c,2
kylberg_002975,18,scarf2,scarf2::c,c,2
kylberg_002976,18,scarf2,scarf2::c,c,2
kylberg_002977,18,scarf2,scarf2::c,c,2
kylberg_002978,18,scarf2,scarf2::c,c,2
kylberg_002979,18,scarf2,scarf2::c,c,2
kylberg_002980,18,scarf2,scarf2::c,c,2
kylberg_002981,18,scarf2,scarf2::c,c,2
kylberg_002982,18,scarf2,scarf2::c,c,2
kylberg_002983,18,scarf2,scarf2::c,c,2
kylberg_002984,18,scarf2,scarf2::c,c,2
kylberg_002985,18,scarf2,scarf2::c,c,2
kylberg_002986,18,scarf2,scarf2::c,c,2
kylberg_002987,18,scarf2,scarf2::c,c,2
kylberg_002988,18,scarf2,scarf2::c,c,2
kylberg_002989,18,scarf2,scarf2::c,c,2
kylberg_002990,18,scarf2,scarf2::c,c,2
kylberg_002991,18,scarf2,scarf2::c,c,2
kylberg_002992,18,scarf2,scarf2::c,c,2
kylberg_002993,18,scarf2,scarf2::c,c,2
kylberg_002994,18,scarf2,scarf2::c,c,2
kylberg_002995,18,scarf2,scarf2::c,c,2
kylberg_002996,18,scarf2,scarf2::c,c,2
kylberg_002997,18,scarf2,scarf2::c,c,2
kylberg_002998,18,scarf2,scarf2::c,c,2
kylberg_002999,18,scarf2,scarf2::c,c,2
kylberg_003000,18,scarf2,scarf2::d,d,3
kylberg_003001,18,scarf2,scarf2::d,d,3
kylberg_003002,18,scarf2,scarf2::d,d,3
kylberg_003003,18,scarf2,scarf2::d,d,3
kylberg_003004,18,scarf2,scarf2::d,d,3
kylberg_003005,18,scarf2,scarf2::d,d,3
kylberg_003006,18,scarf2,scarf2::d,d,3
kylberg_003007,18,scarf2,scarf2::d,d,3
kylberg_003008,18,scarf2,scarf2::d,d,3
kylberg_003009,18,scarf2,scarf2::d,d,3
kylberg_003010,18,scarf2,scarf2::d,d,3
kylberg_003011,18,scarf2,scarf2::d,d,3
kylberg_003012,18,scarf2,scarf2::d,d,3
kylberg_003013,18,scarf2,scarf2::d,d,3
kylberg_003014,18,scarf2,scarf2::d,d,3
kylberg_003015,18,scarf2,scarf2::d,d,3
kylberg_003016,18,scarf2,scarf2::d,d,3
kylberg_003017,18,scarf2,scarf2::d,d,3
kylberg_003018,18,scarf2,scarf2::d,d,3
kylberg_003019,18,scarf2,scarf2::d,d,3
kylberg_003020,18,scarf2,scarf2::d,d,3
kylberg_003021,18,scarf2,scarf2::d,d,3
kylberg_003022,18,scarf2,scarf2::d,d,3
kylberg_003023,18,scarf2,scarf2::d,d,3
kylberg_003024,18,scarf2,scarf2::d,d,3
kylberg_003025,18,scarf2,scarf2::d,d,3
kylberg_003026,18,scarf2,scarf2::d,d,3
kylberg_003027,18,scarf2,scarf2::d,d,3
kylberg_003028,18,scarf2,scarf2::d,d,3
kylberg_003029,18,scarf2,scarf2::d,d,3
kylberg_003030,18,scarf2,scarf2::d,d,3
kylberg_003031,18,scarf2,scarf2::d,d,3
kylberg_003032,18,scarf2,scarf2::d,d,3
kylberg_003033,18,scarf2,scarf2::d,d,3
kylberg_003034,18,scarf2,scarf2::d,d,3
kylberg_003035,18,scarf2,scarf2::d,d,3
kylberg_003036,18,scarf2,scarf2::d,d,3
kylberg_003037,18,scarf2,scarf2::d,d,3
kylberg_003038,18,scarf2,scarf2::d,d,3
kylberg_003039,18,scarf2,scarf2::d,d,3
kylberg_003040,19,screen1,screen1::a,a,0
kylberg_003041,19,screen1,screen1::a,a,0
kylberg_003042,19,screen1,screen1::a,a,0
kylberg_003043,19,screen1,screen1::a,a,0
kylberg_003044,19,screen1,screen1::a,a,0
kylberg_003045,19,screen1,screen1::a,a,0
kylberg_003046,19,screen1,screen1::a,a,0
kylberg_003047,19,screen1,screen1::a,a,0
kylberg_003048,19,screen1,screen1::a,a,0
kylberg_003049,19,screen1,screen1::a,a,0
kylberg_003050,19,screen1,screen1::a,a,0
kylberg_003051,19,screen1,screen1::a,a,0
kylberg_003052,19,screen1,screen1::a,a,0
kylberg_003053,19,screen1,screen1::a,a,0
kylberg_003054,19,screen1,screen1::a,a,0
kylberg_003055,19,screen1,screen1::a,a,0
kylberg_003056,19,screen1,screen1::a,a,0
kylberg_003057,19,screen1,screen1::a,a,0
kylberg_003058,19,screen1,screen1::a,a,0
kylberg_003059,19,screen1,screen1::a,a,0
kylberg_003060,19,screen1,screen1::a,a,0
kylberg_003061,19,screen1,screen1::a,a,0
kylberg_003062,19,screen1,screen1::a,a,0
kylberg_003063,19,screen1,screen1::a,a,0
kylberg_003064,19,screen1,screen1::a,a,0
kylberg_003065,19,screen1,screen1::a,a,0
kylberg_003066,19,screen1,screen1::a,a,0
kylberg_003067,19,screen1,screen1::a,a,0
kylberg_003068,19,screen1,screen1::a,a,0
kylberg_003069,19,screen1,screen1::a,a,0
kylberg_003070,19,screen1,screen1::a,a,0
kylberg_003071,19,screen1,screen1::a,a,0
kylberg_003072,19,screen1,screen1::a,a,0
kylberg_003073,19,screen1,screen1::a,a,0
kylberg_003074,19,screen1,screen1::a,a,0
kylberg_003075,19,screen1,screen1::a,a,0
kylberg_003076,19,screen1,screen1::a,a,0
kylberg_003077,19,screen1,screen1::a,a,0
kylberg_003078,19,screen1,screen1::a,a,0
kylberg_003079,19,screen1,screen1::a,a,0
kylberg_003080,19,screen1,screen1::b,b,1
kylberg_003081,19,screen1,screen1::b,b,1
kylberg_003082,19,screen1,screen1::b,b,1
kylberg_003083,19,screen1,screen1::b,b,1
kylberg_003084,19,screen1,screen1::b,b,1
kylberg_003085,19,screen1,screen1::b,b,1
kylberg_003086,19,screen1,screen1::b,b,1
kylberg_003087,19,screen1,screen1::b,b,1
kylberg_003088,19,screen1,screen1::b,b,1
kylberg_003089,19,screen1,screen1::b,b,1
kylberg_003090,19,screen1,screen1::b,b,1
kylberg_003091,19,screen1,screen1::b,b,1
kylberg_003092,19,screen1,screen1::b,b,1
kylberg_003093,19,screen1,screen1::b,b,1
kylberg_003094,19,screen1,screen1::b,b,1
kylberg_003095,19,screen1,screen1::b,b,1
kylberg_003096,19,screen1,screen1::b,b,1
kylberg_003097,19,screen1,screen1::b,b,1
kylberg_003098,19,screen1,screen1::b,b,1
kylberg_003099,19,screen1,screen1::b,b,1
kylberg_003100,19,screen1,screen1::b,b,1
kylberg_003101,19,screen1,screen1::b,b,1
kylberg_003102,19,screen1,screen1::b,b,1
kylberg_003103,19,screen1,screen1::b,b,1
kylberg_003104,19,screen1,screen1::b,b,1
kylberg_003105,19,screen1,screen1::b,b,1
kylberg_003106,19,screen1,screen1::b,b,1
kylberg_003107,19,screen1,screen1::b,b,1
kylberg_003108,19,screen1,screen1::b,b,1
kylberg_003109,19,screen1,screen1::b,b,1
kylberg_003110,19,screen1,screen1::b,b,1
kylberg_003111,19,screen1,screen1::b,b,1
kylberg_003112,19,screen1,screen1::b,b,1
kylberg_003113,19,screen1,screen1::b,b,1
kylberg_003114,19,screen1,screen1::b,b,1
kylberg_003115,19,screen1,screen1::b,b,1
kylberg_003116,19,screen1,screen1::b,b,1
kylberg_003117,19,screen1,screen1::b,b,1
kylberg_003118,19,screen1,screen1::b,b,1
kylberg_003119,19,screen1,screen1::b,b,1
kylberg_003120,19,screen1,screen1::c,c,2
kylberg_003121,19,screen1,screen1::c,c,2
kylberg_003122,19,screen1,screen1::c,c,2
kylberg_003123,19,screen1,screen1::c,c,2
kylberg_003124,19,screen1,screen1::c,c,2
kylberg_003125,19,screen1,screen1::c,c,2
kylberg_003126,19,screen1,screen1::c,c,2
kylberg_003127,19,screen1,screen1::c,c,2
kylberg_003128,19,screen1,screen1::c,c,2
kylberg_003129,19,screen1,screen1::c,c,2
kylberg_003130,19,screen1,screen1::c,c,2
kylberg_003131,19,screen1,screen1::c,c,2
kylberg_003132,19,screen1,screen1::c,c,2
kylberg_003133,19,screen1,screen1::c,c,2
kylberg_003134,19,screen1,screen1::c,c,2
kylberg_003135,19,screen1,screen1::c,c,2
kylberg_003136,19,screen1,screen1::c,c,2
kylberg_003137,19,screen1,screen1::c,c,2
kylberg_003138,19,screen1,screen1::c,c,2
kylberg_003139,19,screen1,screen1::c,c,2
kylberg_003140,19,screen1,screen1::c,c,2
kylberg_003141,19,screen1,screen1::c,c,2
kylberg_003142,19,screen1,screen1::c,c,2
kylberg_003143,19,screen1,screen1::c,c,2
kylberg_003144,19,screen1,screen1::c,c,2
kylberg_003145,19,screen1,screen1::c,c,2
kylberg_003146,19,screen1,screen1::c,c,2
kylberg_003147,19,screen1,screen1::c,c,2
kylberg_003148,19,screen1,screen1::c,c,2
kylberg_003149,19,screen1,screen1::c,c,2
kylberg_003150,19,screen1,screen1::c,c,2
kylberg_003151,19,screen1,screen1::c,c,2
kylberg_003152,19,screen1,screen1::c,c,2
kylberg_003153,19,screen1,screen1::c,c,2
kylberg_003154,19,screen1,screen1::c,c,2
kylberg_003155,19,screen1,screen1::c,c,2
kylberg_003156,19,screen1,screen1::c,c,2
kylberg_003157,19,screen1,screen1::c,c,2
kylberg_003158,19,screen1,screen1::c,c,2
kylberg_003159,19,screen1,screen1::c,c,2
kylberg_003160,19,screen1,screen1::d,d,3
kylberg_003161,19,screen1,screen1::d,d,3
kylberg_003162,19,screen1,screen1::d,d,3
kylberg_003163,19,screen1,screen1::d,d,3
kylberg_003164,19,screen1,screen1::d,d,3
kylberg_003165,19,screen1,screen1::d,d,3
kylberg_003166,19,screen1,screen1::d,d,3
kylberg_003167,19,screen1,screen1::d,d,3
kylberg_003168,19,screen1,screen1::d,d,3
kylberg_003169,19,screen1,screen1::d,d,3
kylberg_003170,19,screen1,screen1::d,d,3
kylberg_003171,19,screen1,screen1::d,d,3
kylberg_003172,19,screen1,screen1::d,d,3
kylberg_003173,19,screen1,screen1::d,d,3
kylberg_003174,19,screen1,screen1::d,d,3
kylberg_003175,19,screen1,screen1::d,d,3
kylberg_003176,19,screen1,screen1::d,d,3
kylberg_003177,19,screen1,screen1::d,d,3
kylberg_003178,19,screen1,screen1::d,d,3
kylberg_003179,19,screen1,screen1::d,d,3
kylberg_003180,19,screen1,screen1::d,d,3
kylberg_003181,19,screen1,screen1::d,d,3
kylberg_003182,19,screen1,screen1::d,d,3
kylberg_003183,19,screen1,screen1::d,d,3
kylberg_003184,19,screen1,screen1::d,d,3
kylberg_003185,19,screen1,screen1::d,d,3
kylberg_003186,19,screen1,screen1::d,d,3
kylberg_003187,19,screen1,screen1::d,d,3
kylberg_003188,19,screen1,screen1::d,d,3
kylberg_003189,19,screen1,screen1::d,d,3
kylberg_003190,19,screen1,screen1::d,d,3
kylberg_003191,19,screen1,screen1::d,d,3
kylberg_003192,19,screen1,screen1::d,d,3
kylberg_003193,19,screen1,screen1::d,d,3
kylberg_003194,19,screen1,screen1::d,d,3
kylberg_003195,19,screen1,screen1::d,d,3
kylberg_003196,19,screen1,screen1::d,d,3
kylberg_003197,19,screen1,screen1::d,d,3
kylberg_003198,19,screen1,screen1::d,d,3
kylberg_003199,19,screen1,screen1::d,d,3
kylberg_003200,20,seat1,seat1::a,a,0
kylberg_003201,20,seat1,seat1::a,a,0
kylberg_003202,20,seat1,seat1::a,a,0
kylberg_003203,20,seat1,seat1::a,a,0
kylberg_003204,20,seat1,seat1::a,a,0
kylberg_003205,20,seat1,seat1::a,a,0
kylberg_003206,20,seat1,seat1::a,a,0
kylberg_003207,20,seat1,seat1::a,a,0
kylberg_003208,20,seat1,seat1::a,a,0
kylberg_003209,20,seat1,seat1::a,a,0
kylberg_003210,20,seat1,seat1::a,a,0
kylberg_003211,20,seat1,seat1::a,a,0
kylberg_003212,20,seat1,seat1::a,a,0
kylberg_003213,20,seat1,seat1::a,a,0
kylberg_003214,20,seat1,seat1::a,a,0
kylberg_003215,20,seat1,seat1::a,a,0
kylberg_003216,20,seat1,seat1::a,a,0
kylberg_003217,20,seat1,seat1::a,a,0
kylberg_003218,20,seat1,seat1::a,a,0
kylberg_003219,20,seat1,seat1::a,a,0
kylberg_003220,20,seat1,seat1::a,a,0
kylberg_003221,20,seat1,seat1::a,a,0
kylberg_003222,20,seat1,seat1::a,a,0
kylberg_003223,20,seat1,seat1::a,a,0
kylberg_003224,20,seat1,seat1::a,a,0
kylberg_003225,20,seat1,seat1::a,a,0
kylberg_003226,20,seat1,seat1::a,a,0
kylberg_003227,20,seat1,seat1::a,a,0
kylberg_003228,20,seat1,seat1::a,a,0
kylberg_003229,20,seat1,seat1::a,a,0
kylberg_003230,20,seat1,seat1::a,a,0
kylberg_003231,20,seat1,seat1::a,a,0
kylberg_003232,20,seat1,seat1::a,a,0
kylberg_003233,20,seat1,seat1::a,a,0
kylberg_003234,20,seat1,seat1::a,a,0
kylberg_003235,20,seat1,seat1::a,a,0
kylberg_003236,20,seat1,seat1::a,a,0
kylberg_003237,20,seat1,seat1::a,a,0
kylberg_003238,20,seat1,seat1::a,a,0
kylberg_003239,20,seat1,seat1::a,a,0
kylberg_003240,20,seat1,seat1::b,b,1
kylberg_003241,20,seat1,seat1::b,b,1
kylberg_003242,20,seat1,seat1::b,b,1
kylberg_003243,20,seat1,seat1::b,b,1
kylberg_003244,20,seat1,seat1::b,b,1
kylberg_003245,20,seat1,seat1::b,b,1
kylberg_003246,20,seat1,seat1::b,b,1
kylberg_003247,20,seat1,seat1::b,b,1
kylberg_003248,20,seat1,seat1::b,b,1
kylberg_003249,20,seat1,seat1::b,b,1
kylberg_003250,20,seat1,seat1::b,b,1
kylberg_003251,20,seat1,seat1::b,b,1
kylberg_003252,20,seat1,seat1::b,b,1
kylberg_003253,20,seat1,seat1::b,b,1
kylberg_003254,20,seat1,seat1::b,b,1
kylberg_003255,20,seat1,seat1::b,b,1
kylberg_003256,20,seat1,seat1::b,b,1
kylberg_003257,20,seat1,seat1::b,b,1
kylberg_003258,20,seat1,seat1::b,b,1
kylberg_003259,20,seat1,seat1::b,b,1
kylberg_003260,20,seat1,seat1::b,b,1
kylberg_003261,20,seat1,seat1::b,b,1
kylberg_003262,20,seat1,seat1::b,b,1
kylberg_003263,20,seat1,seat1::b,b,1
kylberg_003264,20,seat1,seat1::b,b,1
kylberg_003265,20,seat1,seat1::b,b,1
kylberg_003266,20,seat1,seat1::b,b,1
kylberg_003267,20,seat1,seat1::b,b,1
kylberg_003268,20,seat1,seat1::b,b,1
kylberg_003269,20,seat1,seat1::b,b,1
kylberg_003270,20,seat1,seat1::b,b,1
kylberg_003271,20,seat1,seat1::b,b,1
kylberg_003272,20,seat1,seat1::b,b,1
kylberg_003273,20,seat1,seat1::b,b,1
kylberg_003274,20,seat1,seat1::b,b,1
kylberg_003275,20,seat1,seat1::b,b,1
kylberg_003276,20,seat1,seat1::b,b,1
kylberg_003277,20,seat1,seat1::b,b,1
kylberg_003278,20,seat1,seat1::b,b,1
kylberg_003279,20,seat1,seat1::b,b,1
kylberg_003280,20,seat1,seat1::c,c,2
kylberg_003281,20,seat1,seat1::c,c,2
kylberg_003282,20,seat1,seat1::c,c,2
kylberg_003283,20,seat1,seat1::c,c,2
kylberg_003284,20,seat1,seat1::c,c,2
kylberg_003285,20,seat1,seat1::c,c,2
kylberg_003286,20,seat1,seat1::c,c,2
kylberg_003287,20,seat1,seat1::c,c,2
kylberg_003288,20,seat1,seat1::c,c,2
kylberg_003289,20,seat1,seat1::c,c,2
kylberg_003290,20,seat1,seat1::c,c,2
kylberg_003291,20,seat1,seat1::c,c,2
kylberg_003292,20,seat1,seat1::c,c,2
kylberg_003293,20,seat1,seat1::c,c,2
kylberg_003294,20,seat1,seat1::c,c,2
kylberg_003295,20,seat1,seat1::c,c,2
kylberg_003296,20,seat1,seat1::c,c,2
kylberg_003297,20,seat1,seat1::c,c,2
kylberg_003298,20,seat1,seat1::c,c,2
kylberg_003299,20,seat1,seat1::c,c,2
kylberg_003300,20,seat1,seat1::c,c,2
kylberg_003301,20,seat1,seat1::c,c,2
kylberg_003302,20,seat1,seat1::c,c,2
kylberg_003303,20,seat1,seat1::c,c,2
kylberg_003304,20,seat1,seat1::c,c,2
kylberg_003305,20,seat1,seat1::c,c,2
kylberg_003306,20,seat1,seat1::c,c,2
kylberg_003307,20,seat1,seat1::c,c,2
kylberg_003308,20,seat1,seat1::c,c,2
kylberg_003309,20,seat1,seat1::c,c,2
kylberg_003310,20,seat1,seat1::c,c,2
kylberg_003311,20,seat1,seat1::c,c,2
kylberg_003312,20,seat1,seat1::c,c,2
kylberg_003313,20,seat1,seat1::c,c,2
kylberg_003314,20,seat1,seat1::c,c,2
kylberg_003315,20,seat1,seat1::c,c,2
kylberg_003316,20,seat1,seat1::c,c,2
kylberg_003317,20,seat1,seat1::c,c,2
kylberg_003318,20,seat1,seat1::c,c,2
kylberg_003319,20,seat1,seat1::c,c,2
kylberg_003320,20,seat1,seat1::d,d,3
kylberg_003321,20,seat1,seat1::d,d,3
kylberg_003322,20,seat1,seat1::d,d,3
kylberg_003323,20,seat1,seat1::d,d,3
kylberg_003324,20,seat1,seat1::d,d,3
kylberg_003325,20,seat1,seat1::d,d,3
kylberg_003326,20,seat1,seat1::d,d,3
kylberg_003327,20,seat1,seat1::d,d,3
kylberg_003328,20,seat1,seat1::d,d,3
kylberg_003329,20,seat1,seat1::d,d,3
kylberg_003330,20,seat1,seat1::d,d,3
kylberg_003331,20,seat1,seat1::d,d,3
kylberg_003332,20,seat1,seat1::d,d,3
kylberg_003333,20,seat1,seat1::d,d,3
kylberg_003334,20,seat1,seat1::d,d,3
kylberg_003335,20,seat1,seat1::d,d,3
kylberg_003336,20,seat1,seat1::d,d,3
kylberg_003337,20,seat1,seat1::d,d,3
kylberg_003338,20,seat1,seat1::d,d,3
kylberg_003339,20,seat1,seat1::d,d,3
kylberg_003340,20,seat1,seat1::d,d,3
kylberg_003341,20,seat1,seat1::d,d,3
kylberg_003342,20,seat1,seat1::d,d,3
kylberg_003343,20,seat1,seat1::d,d,3
kylberg_003344,20,seat1,seat1::d,d,3
kylberg_003345,20,seat1,seat1::d,d,3
kylberg_003346,20,seat1,seat1::d,d,3
kylberg_003347,20,seat1,seat1::d,d,3
kylberg_003348,20,seat1,seat1::d,d,3
kylberg_003349,20,seat1,seat1::d,d,3
kylberg_003350,20,seat1,seat1::d,d,3
kylberg_003351,20,seat1,seat1::d,d,3
kylberg_003352,20,seat1,seat1::d,d,3
kylberg_003353,20,seat1,seat1::d,d,3
kylberg_003354,20,seat1,seat1::d,d,3
kylberg_003355,20,seat1,seat1::d,d,3
kylberg_003356,20,seat1,seat1::d,d,3
kylberg_003357,20,seat1,seat1::d,d,3
kylberg_003358,20,seat1,seat1::d,d,3
kylberg_003359,20,seat1,seat1::d,d,3
kylberg_003360,21,seat2,seat2::a,a,0
kylberg_003361,21,seat2,seat2::a,a,0
kylberg_003362,21,seat2,seat2::a,a,0
kylberg_003363,21,seat2,seat2::a,a,0
kylberg_003364,21,seat2,seat2::a,a,0
kylberg_003365,21,seat2,seat2::a,a,0
kylberg_003366,21,seat2,seat2::a,a,0
kylberg_003367,21,seat2,seat2::a,a,0
kylberg_003368,21,seat2,seat2::a,a,0
kylberg_003369,21,seat2,seat2::a,a,0
kylberg_003370,21,seat2,seat2::a,a,0
kylberg_003371,21,seat2,seat2::a,a,0
kylberg_003372,21,seat2,seat2::a,a,0
kylberg_003373,21,seat2,seat2::a,a,0
kylberg_003374,21,seat2,seat2::a,a,0
kylberg_003375,21,seat2,seat2::a,a,0
kylberg_003376,21,seat2,seat2::a,a,0
kylberg_003377,21,seat2,seat2::a,a,0
kylberg_003378,21,seat2,seat2::a,a,0
kylberg_003379,21,seat2,seat2::a,a,0
kylberg_003380,21,seat2,seat2::a,a,0
kylberg_003381,21,seat2,seat2::a,a,0
kylberg_003382,21,seat2,seat2::a,a,0
kylberg_003383,21,seat2,seat2::a,a,0
kylberg_003384,21,seat2,seat2::a,a,0
kylberg_003385,21,seat2,seat2::a,a,0
kylberg_003386,21,seat2,seat2::a,a,0
kylberg_003387,21,seat2,seat2::a,a,0
kylberg_003388,21,seat2,seat2::a,a,0
kylberg_003389,21,seat2,seat2::a,a,0
kylberg_003390,21,seat2,seat2::a,a,0
kylberg_003391,21,seat2,seat2::a,a,0
kylberg_003392,21,seat2,seat2::a,a,0
kylberg_003393,21,seat2,seat2::a,a,0
kylberg_003394,21,seat2,seat2::a,a,0
kylberg_003395,21,seat2,seat2::a,a,0
kylberg_003396,21,seat2,seat2::a,a,0
kylberg_003397,21,seat2,seat2::a,a,0
kylberg_003398,21,seat2,seat2::a,a,0
kylberg_003399,21,seat2,seat2::a,a,0
kylberg_003400,21,seat2,seat2::b,b,1
kylberg_003401,21,seat2,seat2::b,b,1
kylberg_003402,21,seat2,seat2::b,b,1
kylberg_003403,21,seat2,seat2::b,b,1
kylberg_003404,21,seat2,seat2::b,b,1
kylberg_003405,21,seat2,seat2::b,b,1
kylberg_003406,21,seat2,seat2::b,b,1
kylberg_003407,21,seat2,seat2::b,b,1
kylberg_003408,21,seat2,seat2::b,b,1
kylberg_003409,21,seat2,seat2::b,b,1
kylberg_003410,21,seat2,seat2::b,b,1
kylberg_003411,21,seat2,seat2::b,b,1
kylberg_003412,21,seat2,seat2::b,b,1
kylberg_003413,21,seat2,seat2::b,b,1
kylberg_003414,21,seat2,seat2::b,b,1
kylberg_003415,21,seat2,seat2::b,b,1
kylberg_003416,21,seat2,seat2::b,b,1
kylberg_003417,21,seat2,seat2::b,b,1
kylberg_003418,21,seat2,seat2::b,b,1
kylberg_003419,21,seat2,seat2::b,b,1
kylberg_003420,21,seat2,seat2::b,b,1
kylberg_003421,21,seat2,seat2::b,b,1
kylberg_003422,21,seat2,seat2::b,b,1
kylberg_003423,21,seat2,seat2::b,b,1
kylberg_003424,21,seat2,seat2::b,b,1
kylberg_003425,21,seat2,seat2::b,b,1
kylberg_003426,21,seat2,seat2::b,b,1
kylberg_003427,21,seat2,seat2::b,b,1
kylberg_003428,21,seat2,seat2::b,b,1
kylberg_003429,21,seat2,seat2::b,b,1
kylberg_003430,21,seat2,seat2::b,b,1
kylberg_003431,21,seat2,seat2::b,b,1
kylberg_003432,21,seat2,seat2::b,b,1
kylberg_003433,21,seat2,seat2::b,b,1
kylberg_003434,21,seat2,seat2::b,b,1
kylberg_003435,21,seat2,seat2::b,b,1
kylberg_003436,21,seat2,seat2::b,b,1
kylberg_003437,21,seat2,seat2::b,b,1
kylberg_003438,21,seat2,seat2::b,b,1
kylberg_003439,21,seat2,seat2::b,b,1
kylberg_003440,21,seat2,seat2::c,c,2
kylberg_003441,21,seat2,seat2::c,c,2
kylberg_003442,21,seat2,seat2::c,c,2
kylberg_003443,21,seat2,seat2::c,c,2
kylberg_003444,21,seat2,seat2::c,c,2
kylberg_003445,21,seat2,seat2::c,c,2
kylberg_003446,21,seat2,seat2::c,c,2
kylberg_003447,21,seat2,seat2::c,c,2
kylberg_003448,21,seat2,seat2::c,c,2
kylberg_003449,21,seat2,seat2::c,c,2
kylberg_003450,21,seat2,seat2::c,c,2
kylberg_003451,21,seat2,seat2::c,c,2
kylberg_003452,21,seat2,seat2::c,c,2
kylberg_003453,21,seat2,seat2::c,c,2
kylberg_003454,21,seat2,seat2::c,c,2
kylberg_003455,21,seat2,seat2::c,c,2
kylberg_003456,21,seat2,seat2::c,c,2
kylberg_003457,21,seat2,seat2::c,c,2
kylberg_003458,21,seat2,seat2::c,c,2
kylberg_003459,21,seat2,seat2::c,c,2
kylberg_003460,21,seat2,seat2::c,c,2
kylberg_003461,21,seat2,seat2::c,c,2
kylberg_003462,21,seat2,seat2::c,c,2
kylberg_003463,21,seat2,seat2::c,c,2
kylberg_003464,21,seat2,seat2::c,c,2
kylberg_003465,21,seat2,seat2::c,c,2
kylberg_003466,21,seat2,seat2::c,c,2
kylberg_003467,21,seat2,seat2::c,c,2
kylberg_003468,21,seat2,seat2::c,c,2
kylberg_003469,21,seat2,seat2::c,c,2
kylberg_003470,21,seat2,seat2::c,c,2
kylberg_003471,21,seat2,seat2::c,c,2
kylberg_003472,21,seat2,seat2::c,c,2
kylberg_003473,21,seat2,seat2::c,c,2
kylberg_003474,21,seat2,seat2::c,c,2
kylberg_003475,21,seat2,seat2::c,c,2
kylberg_003476,21,seat2,seat2::c,c,2
kylberg_003477,21,seat2,seat2::c,c,2
kylberg_003478,21,seat2,seat2::c,c,2
kylberg_003479,21,seat2,seat2::c,c,2
kylberg_003480,21,seat2,seat2::d,d,3
kylberg_003481,21,seat2,seat2::d,d,3
kylberg_003482,21,seat2,seat2::d,d,3
kylberg_003483,21,seat2,seat2::d,d,3
kylberg_003484,21,seat2,seat2::d,d,3
kylberg_003485,21,seat2,seat2::d,d,3
kylberg_003486,21,seat2,seat2::d,d,3
kylberg_003487,21,seat2,seat2::d,d,3
kylberg_003488,21,seat2,seat2::d,d,3
kylberg_003489,21,seat2,seat2::d,d,3
kylberg_003490,21,seat2,seat2::d,d,3
kylberg_003491,21,seat2,seat2::d,d,3
kylberg_003492,21,seat2,seat2::d,d,3
kylberg_003493,21,seat2,seat2::d,d,3
kylberg_003494,21,seat2,seat2::d,d,3
kylberg_003495,21,seat2,seat2::d,d,3
kylberg_003496,21,seat2,seat2::d,d,3
kylberg_003497,21,seat2,seat2::d,d,3
kylberg_003498,21,seat2,seat2::d,d,3
kylberg_003499,21,seat2,seat2::d,d,3
kylberg_003500,21,seat2,seat2::d,d,3
kylberg_003501,21,seat2,seat2::d,d,3
kylberg_003502,21,seat2,seat2::d,d,3
kylberg_003503,21,seat2,seat2::d,d,3
kylberg_003504,21,seat2,seat2::d,d,3
kylberg_003505,21,seat2,seat2::d,d,3
kylberg_003506,21,seat2,seat2::d,d,3
kylberg_003507,21,seat2,seat2::d,d,3
kylberg_003508,21,seat2,seat2::d,d,3
kylberg_003509,21,seat2,seat2::d,d,3
kylberg_003510,21,seat2,seat2::d,d,3
kylberg_003511,21,seat2,seat2::d,d,3
kylberg_003512,21,seat2,seat2::d,d,3
kylberg_003513,21,seat2,seat2::d,d,3
kylberg_003514,21,seat2,seat2::d,d,3
kylberg_003515,21,seat2,seat2::d,d,3
kylberg_003516,21,seat2,seat2::d,d,3
kylberg_003517,21,seat2,seat2::d,d,3
kylberg_003518,21,seat2,seat2::d,d,3
kylberg_003519,21,seat2,seat2::d,d,3
kylberg_003520,22,sesameseeds1,sesameseeds1::a,a,0
kylberg_003521,22,sesameseeds1,sesameseeds1::a,a,0
kylberg_003522,22,sesameseeds1,sesameseeds1::a,a,0
kylberg_003523,22,sesameseeds1,sesameseeds1::a,a,0
kylberg_003524,22,sesameseeds1,sesameseeds1::a,a,0
kylberg_003525,22,sesameseeds1,sesameseeds1::a,a,0
kylberg_003526,22,sesameseeds1,sesameseeds1::a,a,0
kylberg_003527,22,sesameseeds1,sesameseeds1::a,a,0
kylberg_003528,22,sesameseeds1,sesameseeds1::a,a,0
kylberg_003529,22,sesameseeds1,sesameseeds1::a,a,0
kylberg_003530,22,sesameseeds1,sesameseeds1::a,a,0
kylberg_003531,22,sesameseeds1,sesameseeds1::a,a,0
kylberg_003532,22,sesameseeds1,sesameseeds1::a,a,0
kylberg_003533,22,sesameseeds1,sesameseeds1::a,a,0
kylberg_003534,22,sesameseeds1,sesameseeds1::a,a,0
kylberg_003535,22,sesameseeds1,sesameseeds1::a,a,0
kylberg_003536,22,sesameseeds1,sesameseeds1::a,a,0
kylberg_003537,22,sesameseeds1,sesameseeds1::a,a,0
kylberg_003538,22,sesameseeds1,sesameseeds1::a,a,0
kylberg_003539,22,sesameseeds1,sesameseeds1::a,a,0
kylberg_003540,22,sesameseeds1,sesameseeds1::a,a,0
kylberg_003541,22,sesameseeds1,sesameseeds1::a,a,0
kylberg_003542,22,sesameseeds1,sesameseeds1::a,a,0
kylberg_003543,22,sesameseeds1,sesameseeds1::a,a,0
kylberg_003544,22,sesameseeds1,sesameseeds1::a,a,0
kylberg_003545,22,sesameseeds1,sesameseeds1::a,a,0
kylberg_003546,22,sesameseeds1,sesameseeds1::a,a,0
kylberg_003547,22,sesameseeds1,sesameseeds1::a,a,0
kylberg_003548,22,sesameseeds1,sesameseeds1::a,a,0
kylberg_003549,22,sesameseeds1,sesameseeds1::a,a,0
kylberg_003550,22,sesameseeds1,sesameseeds1::a,a,0
kylberg_003551,22,sesameseeds1,sesameseeds1::a,a,0
kylberg_003552,22,sesameseeds1,sesameseeds1::a,a,0
kylberg_003553,22,sesameseeds1,sesameseeds1::a,a,0
kylberg_003554,22,sesameseeds1,sesameseeds1::a,a,0
kylberg_003555,22,sesameseeds1,sesameseeds1::a,a,0
kylberg_003556,22,sesameseeds1,sesameseeds1::a,a,0
kylberg_003557,22,sesameseeds1,sesameseeds1::a,a,0
kylberg_003558,22,sesameseeds1,sesameseeds1::a,a,0
kylberg_003559,22,sesameseeds1,sesameseeds1::a,a,0
kylberg_003560,22,sesameseeds1,sesameseeds1::b,b,1
kylberg_003561,22,sesameseeds1,sesameseeds1::b,b,1
kylberg_003562,22,sesameseeds1,sesameseeds1::b,b,1
kylberg_003563,22,sesameseeds1,sesameseeds1::b,b,1
kylberg_003564,22,sesameseeds1,sesameseeds1::b,b,1
kylberg_003565,22,sesameseeds1,sesameseeds1::b,b,1
kylberg_003566,22,sesameseeds1,sesameseeds1::b,b,1
kylberg_003567,22,sesameseeds1,sesameseeds1::b,b,1
kylberg_003568,22,sesameseeds1,sesameseeds1::b,b,1
kylberg_003569,22,sesameseeds1,sesameseeds1::b,b,1
kylberg_003570,22,sesameseeds1,sesameseeds1::b,b,1
kylberg_003571,22,sesameseeds1,sesameseeds1::b,b,1
kylberg_003572,22,sesameseeds1,sesameseeds1::b,b,1
kylberg_003573,22,sesameseeds1,sesameseeds1::b,b,1
kylberg_003574,22,sesameseeds1,sesameseeds1::b,b,1
kylberg_003575,22,sesameseeds1,sesameseeds1::b,b,1
kylberg_003576,22,sesameseeds1,sesameseeds1::b,b,1
kylberg_003577,22,sesameseeds1,sesameseeds1::b,b,1
kylberg_003578,22,sesameseeds1,sesameseeds1::b,b,1
kylberg_003579,22,sesameseeds1,sesameseeds1::b,b,1
kylberg_003580,22,sesameseeds1,sesameseeds1::b,b,1
kylberg_003581,22,sesameseeds1,sesameseeds1::b,b,1
kylberg_003582,22,sesameseeds1,sesameseeds1::b,b,1
kylberg_003583,22,sesameseeds1,sesameseeds1::b,b,1
kylberg_003584,22,sesameseeds1,sesameseeds1::b,b,1
kylberg_003585,22,sesameseeds1,sesameseeds1::b,b,1
kylberg_003586,22,sesameseeds1,sesameseeds1::b,b,1
kylberg_003587,22,sesameseeds1,sesameseeds1::b,b,1
kylberg_003588,22,sesameseeds1,sesameseeds1::b,b,1
kylberg_003589,22,sesameseeds1,sesameseeds1::b,b,1
kylberg_003590,22,sesameseeds1,sesameseeds1::b,b,1
kylberg_003591,22,sesameseeds1,sesameseeds1::b,b,1
kylberg_003592,22,sesameseeds1,sesameseeds1::b,b,1
kylberg_003593,22,sesameseeds1,sesameseeds1::b,b,1
kylberg_003594,22,sesameseeds1,sesameseeds1::b,b,1
kylberg_003595,22,sesameseeds1,sesameseeds1::b,b,1
kylberg_003596,22,sesameseeds1,sesameseeds1::b,b,1
kylberg_003597,22,sesameseeds1,sesameseeds1::b,b,1
kylberg_003598,22,sesameseeds1,sesameseeds1::b,b,1
kylberg_003599,22,sesameseeds1,sesameseeds1::b,b,1
kylberg_003600,22,sesameseeds1,sesameseeds1::c,c,2
kylberg_003601,22,sesameseeds1,sesameseeds1::c,c,2
kylberg_003602,22,sesameseeds1,sesameseeds1::c,c,2
kylberg_003603,22,sesameseeds1,sesameseeds1::c,c,2
kylberg_003604,22,sesameseeds1,sesameseeds1::c,c,2
kylberg_003605,22,sesameseeds1,sesameseeds1::c,c,2
kylberg_003606,22,sesameseeds1,sesameseeds1::c,c,2
kylberg_003607,22,sesameseeds1,sesameseeds1::c,c,2
kylberg_003608,22,sesameseeds1,sesameseeds1::c,c,2
kylberg_003609,22,sesameseeds1,sesameseeds1::c,c,2
kylberg_003610,22,sesameseeds1,sesameseeds1::c,c,2
kylberg_003611,22,sesameseeds1,sesameseeds1::c,c,2
kylberg_003612,22,sesameseeds1,sesameseeds1::c,c,2
kylberg_003613,22,sesameseeds1,sesameseeds1::c,c,2
kylberg_003614,22,sesameseeds1,sesameseeds1::c,c,2
kylberg_003615,22,sesameseeds1,sesameseeds1::c,c,2
kylberg_003616,22,sesameseeds1,sesameseeds1::c,c,2
kylberg_003617,22,sesameseeds1,sesameseeds1::c,c,2
kylberg_003618,22,sesameseeds1,sesameseeds1::c,c,2
kylberg_003619,22,sesameseeds1,sesameseeds1::c,c,2
kylberg_003620,22,sesameseeds1,sesameseeds1::c,c,2
kylberg_003621,22,sesameseeds1,sesameseeds1::c,c,2
kylberg_003622,22,sesameseeds1,sesameseeds1::c,c,2
kylberg_003623,22,sesameseeds1,sesameseeds1::c,c,2
kylberg_003624,22,sesameseeds1,sesameseeds1::c,c,2
kylberg_003625,22,sesameseeds1,sesameseeds1::c,c,2
kylberg_003626,22,sesameseeds1,sesameseeds1::c,c,2
kylberg_003627,22,sesameseeds1,sesameseeds1::c,c,2
kylberg_003628,22,sesameseeds1,sesameseeds1::c,c,2
kylberg_003629,22,sesameseeds1,sesameseeds1::c,c,2
kylberg_003630,22,sesameseeds1,sesameseeds1::c,c,2
kylberg_003631,22,sesameseeds1,sesameseeds1::c,c,2
kylberg_003632,22,sesameseeds1,sesameseeds1::c,c,2
kylberg_003633,22,sesameseeds1,sesameseeds1::c,c,2
kylberg_003634,22,sesameseeds1,sesameseeds1::c,c,2
kylberg_003635,22,sesameseeds1,sesameseeds1::c,c,2
kylberg_003636,22,sesameseeds1,sesameseeds1::c,c,2
kylberg_003637,22,sesameseeds1,sesameseeds1::c,c,2
kylberg_003638,22,sesameseeds1,sesameseeds1::c,c,2
kylberg_003639,22,sesameseeds1,sesameseeds1::c,c,2
kylberg_003640,22,sesameseeds1,sesameseeds1::d,d,3
kylberg_003641,22,sesameseeds1,sesameseeds1::d,d,3
kylberg_003642,22,sesameseeds1,sesameseeds1::d,d,3
kylberg_003643,22,sesameseeds1,sesameseeds1::d,d,3
kylberg_003644,22,sesameseeds1,sesameseeds1::d,d,3
kylberg_003645,22,sesameseeds1,sesameseeds1::d,d,3
kylberg_003646,22,sesameseeds1,sesameseeds1::d,d,3
kylberg_003647,22,sesameseeds1,sesameseeds1::d,d,3
kylberg_003648,22,sesameseeds1,sesameseeds1::d,d,3
kylberg_003649,22,sesameseeds1,sesameseeds1::d,d,3
kylberg_003650,22,sesameseeds1,sesameseeds1::d,d,3
kylberg_003651,22,sesameseeds1,sesameseeds1::d,d,3
kylberg_003652,22,sesameseeds1,sesameseeds1::d,d,3
kylberg_003653,22,sesameseeds1,sesameseeds1::d,d,3
kylberg_003654,22,sesameseeds1,sesameseeds1::d,d,3
kylberg_003655,22,sesameseeds1,sesameseeds1::d,d,3
kylberg_003656,22,sesameseeds1,sesameseeds1::d,d,3
kylberg_003657,22,sesameseeds1,sesameseeds1::d,d,3
kylberg_003658,22,sesameseeds1,sesameseeds1::d,d,3
kylberg_003659,22,sesameseeds1,sesameseeds1::d,d,3
kylberg_003660,22,sesameseeds1,sesameseeds1::d,d,3
kylberg_003661,22,sesameseeds1,sesameseeds1::d,d,3
kylberg_003662,22,sesameseeds1,sesameseeds1::d,d,3
kylberg_003663,22,sesameseeds1,sesameseeds1::d,d,3
kylberg_003664,22,sesameseeds1,sesameseeds1::d,d,3
kylberg_003665,22,sesameseeds1,sesameseeds1::d,d,3
kylberg_003666,22,sesameseeds1,sesameseeds1::d,d,3
kylberg_003667,22,sesameseeds1,sesameseeds1::d,d,3
kylberg_003668,22,sesameseeds1,sesameseeds1::d,d,3
kylberg_003669,22,sesameseeds1,sesameseeds1::d,d,3
kylberg_003670,22,sesameseeds1,sesameseeds1::d,d,3
kylberg_003671,22,sesameseeds1,sesameseeds1::d,d,3
kylberg_003672,22,sesameseeds1,sesameseeds1::d,d,3
kylberg_003673,22,sesameseeds1,sesameseeds1::d,d,3
kylberg_003674,22,sesameseeds1,sesameseeds1::d,d,3
kylberg_003675,22,sesameseeds1,sesameseeds1::d,d,3
kylberg_003676,22,sesameseeds1,sesameseeds1::d,d,3
kylberg_003677,22,sesameseeds1,sesameseeds1::d,d,3
kylberg_003678,22,sesameseeds1,sesameseeds1::d,d,3
kylberg_003679,22,sesameseeds1,sesameseeds1::d,d,3
kylberg_003680,23,stone1,stone1::a,a,0
kylberg_003681,23,stone1,stone1::a,a,0
kylberg_003682,23,stone1,stone1::a,a,0
kylberg_003683,23,stone1,stone1::a,a,0
kylberg_003684,23,stone1,stone1::a,a,0
kylberg_003685,23,stone1,stone1::a,a,0
kylberg_003686,23,stone1,stone1::a,a,0
kylberg_003687,23,stone1,stone1::a,a,0
kylberg_003688,23,stone1,stone1::a,a,0
kylberg_003689,23,stone1,stone1::a,a,0
kylberg_003690,23,stone1,stone1::a,a,0
kylberg_003691,23,stone1,stone1::a,a,0
kylberg_003692,23,stone1,stone1::a,a,0
kylberg_003693,23,stone1,stone1::a,a,0
kylberg_003694,23,stone1,stone1::a,a,0
kylberg_003695,23,stone1,stone1::a,a,0
kylberg_003696,23,stone1,stone1::a,a,0
kylberg_003697,23,stone1,stone1::a,a,0
kylberg_003698,23,stone1,stone1::a,a,0
kylberg_003699,23,stone1,stone1::a,a,0
kylberg_003700,23,stone1,stone1::a,a,0
kylberg_003701,23,stone1,stone1::a,a,0
kylberg_003702,23,stone1,stone1::a,a,0
kylberg_003703,23,stone1,stone1::a,a,0
kylberg_003704,23,stone1,stone1::a,a,0
kylberg_003705,23,stone1,stone1::a,a,0
kylberg_003706,23,stone1,stone1::a,a,0
kylberg_003707,23,stone1,stone1::a,a,0
kylberg_003708,23,stone1,stone1::a,a,0
kylberg_003709,23,stone1,stone1::a,a,0
kylberg_003710,23,stone1,stone1::a,a,0
kylberg_003711,23,stone1,stone1::a,a,0
kylberg_003712,23,stone1,stone1::a,a,0
kylberg_003713,23,stone1,stone1::a,a,0
kylberg_003714,23,stone1,stone1::a,a,0
kylberg_003715,23,stone1,stone1::a,a,0
kylberg_003716,23,stone1,stone1::a,a,0
kylberg_003717,23,stone1,stone1::a,a,0
kylberg_003718,23,stone1,stone1::a,a,0
kylberg_003719,23,stone1,stone1::a,a,0
kylberg_003720,23,stone1,stone1::b,b,1
kylberg_003721,23,stone1,stone1::b,b,1
kylberg_003722,23,stone1,stone1::b,b,1
kylberg_003723,23,stone1,stone1::b,b,1
kylberg_003724,23,stone1,stone1::b,b,1
kylberg_003725,23,stone1,stone1::b,b,1
kylberg_003726,23,stone1,stone1::b,b,1
kylberg_003727,23,stone1,stone1::b,b,1
kylberg_003728,23,stone1,stone1::b,b,1
kylberg_003729,23,stone1,stone1::b,b,1
kylberg_003730,23,stone1,stone1::b,b,1
kylberg_003731,23,stone1,stone1::b,b,1
kylberg_003732,23,stone1,stone1::b,b,1
kylberg_003733,23,stone1,stone1::b,b,1
kylberg_003734,23,stone1,stone1::b,b,1
kylberg_003735,23,stone1,stone1::b,b,1
kylberg_003736,23,stone1,stone1::b,b,1
kylberg_003737,23,stone1,stone1::b,b,1
kylberg_003738,23,stone1,stone1::b,b,1
kylberg_003739,23,stone1,stone1::b,b,1
kylberg_003740,23,stone1,stone1::b,b,1
kylberg_003741,23,stone1,stone1::b,b,1
kylberg_003742,23,stone1,stone1::b,b,1
kylberg_003743,23,stone1,stone1::b,b,1
kylberg_003744,23,stone1,stone1::b,b,1
kylberg_003745,23,stone1,stone1::b,b,1
kylberg_003746,23,stone1,stone1::b,b,1
kylberg_003747,23,stone1,stone1::b,b,1
kylberg_003748,23,stone1,stone1::b,b,1
kylberg_003749,23,stone1,stone1::b,b,1
kylberg_003750,23,stone1,stone1::b,b,1
kylberg_003751,23,stone1,stone1::b,b,1
kylberg_003752,23,stone1,stone1::b,b,1
kylberg_003753,23,stone1,stone1::b,b,1
kylberg_003754,23,stone1,stone1::b,b,1
kylberg_003755,23,stone1,stone1::b,b,1
kylberg_003756,23,stone1,stone1::b,b,1
kylberg_003757,23,stone1,stone1::b,b,1
kylberg_003758,23,stone1,stone1::b,b,1
kylberg_003759,23,stone1,stone1::b,b,1
kylberg_003760,23,stone1,stone1::c,c,2
kylberg_003761,23,stone1,stone1::c,c,2
kylberg_003762,23,stone1,stone1::c,c,2
kylberg_003763,23,stone1,stone1::c,c,2
kylberg_003764,23,stone1,stone1::c,c,2
kylberg_003765,23,stone1,stone1::c,c,2
kylberg_003766,23,stone1,stone1::c,c,2
kylberg_003767,23,stone1,stone1::c,c,2
kylberg_003768,23,stone1,stone1::c,c,2
kylberg_003769,23,stone1,stone1::c,c,2
kylberg_003770,23,stone1,stone1::c,c,2
kylberg_003771,23,stone1,stone1::c,c,2
kylberg_003772,23,stone1,stone1::c,c,2
kylberg_003773,23,stone1,stone1::c,c,2
kylberg_003774,23,stone1,stone1::c,c,2
kylberg_003775,23,stone1,stone1::c,c,2
kylberg_003776,23,stone1,stone1::c,c,2
kylberg_003777,23,stone1,stone1::c,c,2
kylberg_003778,23,stone1,stone1::c,c,2
kylberg_003779,23,stone1,stone1::c,c,2
kylberg_003780,23,stone1,stone1::c,c,2
kylberg_003781,23,stone1,stone1::c,c,2
kylberg_003782,23,stone1,stone1::c,c,2
kylberg_003783,23,stone1,stone1::c,c,2
kylberg_003784,23,stone1,stone1::c,c,2
kylberg_003785,23,stone1,stone1::c,c,2
kylberg_003786,23,stone1,stone1::c,c,2
kylberg_003787,23,stone1,stone1::c,c,2
kylberg_003788,23,stone1,stone1::c,c,2
kylberg_003789,23,stone1,stone1::c,c,2
kylberg_003790,23,stone1,stone1::c,c,2
kylberg_003791,23,stone1,stone1::c,c,2
kylberg_003792,23,stone1,stone1::c,c,2
kylberg_003793,23,stone1,stone1::c,c,2
kylberg_003794,23,stone1,stone1::c,c,2
kylberg_003795,23,stone1,stone1::c,c,2
kylberg_003796,23,stone1,stone1::c,c,2
kylberg_003797,23,stone1,stone1::c,c,2
kylberg_003798,23,stone1,stone1::c,c,2
kylberg_003799,23,stone1,stone1::c,c,2
kylberg_003800,23,stone1,stone1::d,d,3
kylberg_003801,23,stone1,stone1::d,d,3
kylberg_003802,23,stone1,stone1::d,d,3
kylberg_003803,23,stone1,stone1::d,d,3
kylberg_003804,23,stone1,stone1::d,d,3
kylberg_003805,23,stone1,stone1::d,d,3
kylberg_003806,23,stone1,stone1::d,d,3
kylberg_003807,23,stone1,stone1::d,d,3
kylberg_003808,23,stone1,stone1::d,d,3
kylberg_003809,23,stone1,stone1::d,d,3
kylberg_003810,23,stone1,stone1::d,d,3
kylberg_003811,23,stone1,stone1::d,d,3
kylberg_003812,23,stone1,stone1::d,d,3
kylberg_003813,23,stone1,stone1::d,d,3
kylberg_003814,23,stone1,stone1::d,d,3
kylberg_003815,23,stone1,stone1::d,d,3
kylberg_003816,23,stone1,stone1::d,d,3
kylberg_003817,23,stone1,stone1::d,d,3
kylberg_003818,23,stone1,stone1::d,d,3
kylberg_003819,23,stone1,stone1::d,d,3
kylberg_003820,23,stone1,stone1::d,d,3
kylberg_003821,23,stone1,stone1::d,d,3
kylberg_003822,23,stone1,stone1::d,d,3
kylberg_003823,23,stone1,stone1::d,d,3
kylberg_003824,23,stone1,stone1::d,d,3
kylberg_003825,23,stone1,stone1::d,d,3
kylberg_003826,23,stone1,stone1::d,d,3
kylberg_003827,23,stone1,stone1::d,d,3
kylberg_003828,23,stone1,stone1::d,d,3
kylberg_003829,23,stone1,stone1::d,d,3
kylberg_003830,23,stone1,stone1::d,d,3
kylberg_003831,23,stone1,stone1::d,d,3
kylberg_003832,23,stone1,stone1::d,d,3
kylberg_003833,23,stone1,stone1::d,d,3
kylberg_003834,23,stone1,stone1::d,d,3
kylberg_003835,23,stone1,stone1::d,d,3
kylberg_003836,23,stone1,stone1::d,d,3
kylberg_003837,23,stone1,stone1::d,d,3
kylberg_003838,23,stone1,stone1::d,d,3
kylberg_003839,23,stone1,stone1::d,d,3
kylberg_003840,24,stone2,stone2::a,a,0
kylberg_003841,24,stone2,stone2::a,a,0
kylberg_003842,24,stone2,stone2::a,a,0
kylberg_003843,24,stone2,stone2::a,a,0
kylberg_003844,24,stone2,stone2::a,a,0
kylberg_003845,24,stone2,stone2::a,a,0
kylberg_003846,24,stone2,stone2::a,a,0
kylberg_003847,24,stone2,stone2::a,a,0
kylberg_003848,24,stone2,stone2::a,a,0
kylberg_003849,24,stone2,stone2::a,a,0
kylberg_003850,24,stone2,stone2::a,a,0
kylberg_003851,24,stone2,stone2::a,a,0
kylberg_003852,24,stone2,stone2::a,a,0
kylberg_003853,24,stone2,stone2::a,a,0
kylberg_003854,24,stone2,stone2::a,a,0
kylberg_003855,24,stone2,stone2::a,a,0
kylberg_003856,24,stone2,stone2::a,a,0
kylberg_003857,24,stone2,stone2::a,a,0
kylberg_003858,24,stone2,stone2::a,a,0
kylberg_003859,24,stone2,stone2::a,a,0
kylberg_003860,24,stone2,stone2::a,a,0
kylberg_003861,24,stone2,stone2::a,a,0
kylberg_003862,24,stone2,stone2::a,a,0
kylberg_003863,24,stone2,stone2::a,a,0
kylberg_003864,24,stone2,stone2::a,a,0
kylberg_003865,24,stone2,stone2::a,a,0
kylberg_003866,24,stone2,stone2::a,a,0
kylberg_003867,24,stone2,stone2::a,a,0
kylberg_003868,24,stone2,stone2::a,a,0
kylberg_003869,24,stone2,stone2::a,a,0
kylberg_003870,24,stone2,stone2::a,a,0
kylberg_003871,24,stone2,stone2::a,a,0
kylberg_003872,24,stone2,stone2::a,a,0
kylberg_003873,24,stone2,stone2::a,a,0
kylberg_003874,24,stone2,stone2::a,a,0
kylberg_003875,24,stone2,stone2::a,a,0
kylberg_003876,24,stone2,stone2::a,a,0
kylberg_003877,24,stone2,stone2::a,a,0
kylberg_003878,24,stone2,stone2::a,a,0
kylberg_003879,24,stone2,stone2::a,a,0
kylberg_003880,24,stone2,stone2::b,b,1
kylberg_003881,24,stone2,stone2::b,b,1
kylberg_003882,24,stone2,stone2::b,b,1
kylberg_003883,24,stone2,stone2::b,b,1
kylberg_003884,24,stone2,stone2::b,b,1
kylberg_003885,24,stone2,stone2::b,b,1
kylberg_003886,24,stone2,stone2::b,b,1
kylberg_003887,24,stone2,stone2::b,b,1
kylberg_003888,24,stone2,stone2::b,b,1
kylberg_003889,24,stone2,stone2::b,b,1
kylberg_003890,24,stone2,stone2::b,b,1
kylberg_003891,24,stone2,stone2::b,b,1
kylberg_003892,24,stone2,stone2::b,b,1
kylberg_003893,24,stone2,stone2::b,b,1
kylberg_003894,24,stone2,stone2::b,b,1
kylberg_003895,24,stone2,stone2::b,b,1
kylberg_003896,24,stone2,stone2::b,b,1
kylberg_003897,24,stone2,stone2::b,b,1
kylberg_003898,24,stone2,stone2::b,b,1
kylberg_003899,24,stone2,stone2::b,b,1
kylberg_003900,24,stone2,stone2::b,b,1
kylberg_003901,24,stone2,stone2::b,b,1
kylberg_003902,24,stone2,stone2::b,b,1
kylberg_003903,24,stone2,stone2::b,b,1
kylberg_003904,24,stone2,stone2::b,b,1
kylberg_003905,24,stone2,stone2::b,b,1
kylberg_003906,24,stone2,stone2::b,b,1
kylberg_003907,24,stone2,stone2::b,b,1
kylberg_003908,24,stone2,stone2::b,b,1
kylberg_003909,24,stone2,stone2::b,b,1
kylberg_003910,24,stone2,stone2::b,b,1
kylberg_003911,24,stone2,stone2::b,b,1
kylberg_003912,24,stone2,stone2::b,b,1
kylberg_003913,24,stone2,stone2::b,b,1
kylberg_003914,24,stone2,stone2::b,b,1
kylberg_003915,24,stone2,stone2::b,b,1
kylberg_003916,24,stone2,stone2::b,b,1
kylberg_003917,24,stone2,stone2::b,b,1
kylberg_003918,24,stone2,stone2::b,b,1
kylberg_003919,24,stone2,stone2::b,b,1
kylberg_003920,24,stone2,stone2::c,c,2
kylberg_003921,24,stone2,stone2::c,c,2
kylberg_003922,24,stone2,stone2::c,c,2
kylberg_003923,24,stone2,stone2::c,c,2
kylberg_003924,24,stone2,stone2::c,c,2
kylberg_003925,24,stone2,stone2::c,c,2
kylberg_003926,24,stone2,stone2::c,c,2
kylberg_003927,24,stone2,stone2::c,c,2
kylberg_003928,24,stone2,stone2::c,c,2
kylberg_003929,24,stone2,stone2::c,c,2
kylberg_003930,24,stone2,stone2::c,c,2
kylberg_003931,24,stone2,stone2::c,c,2
kylberg_003932,24,stone2,stone2::c,c,2
kylberg_003933,24,stone2,stone2::c,c,2
kylberg_003934,24,stone2,stone2::c,c,2
kylberg_003935,24,stone2,stone2::c,c,2
kylberg_003936,24,stone2,stone2::c,c,2
kylberg_003937,24,stone2,stone2::c,c,2
kylberg_003938,24,stone2,stone2::c,c,2
kylberg_003939,24,stone2,stone2::c,c,2
kylberg_003940,24,stone2,stone2::c,c,2
kylberg_003941,24,stone2,stone2::c,c,2
kylberg_003942,24,stone2,stone2::c,c,2
kylberg_003943,24,stone2,stone2::c,c,2
kylberg_003944,24,stone2,stone2::c,c,2
kylberg_003945,24,stone2,stone2::c,c,2
kylberg_003946,24,stone2,stone2::c,c,2
kylberg_003947,24,stone2,stone2::c,c,2
kylberg_003948,24,stone2,stone2::c,c,2
kylberg_003949,24,stone2,stone2::c,c,2
kylberg_003950,24,stone2,stone2::c,c,2
kylberg_003951,24,stone2,stone2::c,c,2
kylberg_003952,24,stone2,stone2::c,c,2
kylberg_003953,24,stone2,stone2::c,c,2
kylberg_003954,24,stone2,stone2::c,c,2
kylberg_003955,24,stone2,stone2::c,c,2
kylberg_003956,24,stone2,stone2::c,c,2
kylberg_003957,24,stone2,stone2::c,c,2
kylberg_003958,24,stone2,stone2::c,c,2
kylberg_003959,24,stone2,stone2::c,c,2
kylberg_003960,24,stone2,stone2::d,d,3
kylberg_003961,24,stone2,stone2::d,d,3
kylberg_003962,24,stone2,stone2::d,d,3
kylberg_003963,24,stone2,stone2::d,d,3
kylberg_003964,24,stone2,stone2::d,d,3
kylberg_003965,24,stone2,stone2::d,d,3
kylberg_003966,24,stone2,stone2::d,d,3
kylberg_003967,24,stone2,stone2::d,d,3
kylberg_003968,24,stone2,stone2::d,d,3
kylberg_003969,24,stone2,stone2::d,d,3
kylberg_003970,24,stone2,stone2::d,d,3
kylberg_003971,24,stone2,stone2::d,d,3
kylberg_003972,24,stone2,stone2::d,d,3
kylberg_003973,24,stone2,stone2::d,d,3
kylberg_003974,24,stone2,stone2::d,d,3
kylberg_003975,24,stone2,stone2::d,d,3
kylberg_003976,24,stone2,stone2::d,d,3
kylberg_003977,24,stone2,stone2::d,d,3
kylberg_003978,24,stone2,stone2::d,d,3
kylberg_003979,24,stone2,stone2::d,d,3
kylberg_003980,24,stone2,stone2::d,d,3
kylberg_003981,24,stone2,stone2::d,d,3
kylberg_003982,24,stone2,stone2::d,d,3
kylberg_003983,24,stone2,stone2::d,d,3
kylberg_003984,24,stone2,stone2::d,d,3
kylberg_003985,24,stone2,stone2::d,d,3
kylberg_003986,24,stone2,stone2::d,d,3
kylberg_003987,24,stone2,stone2::d,d,3
kylberg_003988,24,stone2,stone2::d,d,3
kylberg_003989,24,stone2,stone2::d,d,3
kylberg_003990,24,stone2,stone2::d,d,3
kylberg_003991,24,stone2,stone2::d,d,3
kylberg_003992,24,stone2,stone2::d,d,3
kylberg_003993,24,stone2,stone2::d,d,3
kylberg_003994,24,stone2,stone2::d,d,3
kylberg_003995,24,stone2,stone2::d,d,3
kylberg_003996,24,stone2,stone2::d,d,3
kylberg_003997,24,stone2,stone2::d,d,3
kylberg_003998,24,stone2,stone2::d,d,3
kylberg_003999,24,stone2,stone2::d,d,3
kylberg_004000,25,stone3,stone3::a,a,0
kylberg_004001,25,stone3,stone3::a,a,0
kylberg_004002,25,stone3,stone3::a,a,0
kylberg_004003,25,stone3,stone3::a,a,0
kylberg_004004,25,stone3,stone3::a,a,0
kylberg_004005,25,stone3,stone3::a,a,0
kylberg_004006,25,stone3,stone3::a,a,0
kylberg_004007,25,stone3,stone3::a,a,0
kylberg_004008,25,stone3,stone3::a,a,0
kylberg_004009,25,stone3,stone3::a,a,0
kylberg_004010,25,stone3,stone3::a,a,0
kylberg_004011,25,stone3,stone3::a,a,0
kylberg_004012,25,stone3,stone3::a,a,0
kylberg_004013,25,stone3,stone3::a,a,0
kylberg_004014,25,stone3,stone3::a,a,0
kylberg_004015,25,stone3,stone3::a,a,0
kylberg_004016,25,stone3,stone3::a,a,0
kylberg_004017,25,stone3,stone3::a,a,0
kylberg_004018,25,stone3,stone3::a,a,0
kylberg_004019,25,stone3,stone3::a,a,0
kylberg_004020,25,stone3,stone3::a,a,0
kylberg_004021,25,stone3,stone3::a,a,0
kylberg_004022,25,stone3,stone3::a,a,0
kylberg_004023,25,stone3,stone3::a,a,0
kylberg_004024,25,stone3,stone3::a,a,0
kylberg_004025,25,stone3,stone3::a,a,0
kylberg_004026,25,stone3,stone3::a,a,0
kylberg_004027,25,stone3,stone3::a,a,0
kylberg_004028,25,stone3,stone3::a,a,0
kylberg_004029,25,stone3,stone3::a,a,0
kylberg_004030,25,stone3,stone3::a,a,0
kylberg_004031,25,stone3,stone3::a,a,0
kylberg_004032,25,stone3,stone3::a,a,0
kylberg_004033,25,stone3,stone3::a,a,0
kylberg_004034,25,stone3,stone3::a,a,0
kylberg_004035,25,stone3,stone3::a,a,0
kylberg_004036,25,stone3,stone3::a,a,0
kylberg_004037,25,stone3,stone3::a,a,0
kylberg_004038,25,stone3,stone3::a,a,0
kylberg_004039,25,stone3,stone3::a,a,0
kylberg_004040,25,stone3,stone3::b,b,1
kylberg_004041,25,stone3,stone3::b,b,1
kylberg_004042,25,stone3,stone3::b,b,1
kylberg_004043,25,stone3,stone3::b,b,1
kylberg_004044,25,stone3,stone3::b,b,1
kylberg_004045,25,stone3,stone3::b,b,1
kylberg_004046,25,stone3,stone3::b,b,1
kylberg_004047,25,stone3,stone3::b,b,1
kylberg_004048,25,stone3,stone3::b,b,1
kylberg_004049,25,stone3,stone3::b,b,1
kylberg_004050,25,stone3,stone3::b,b,1
kylberg_004051,25,stone3,stone3::b,b,1
kylberg_004052,25,stone3,stone3::b,b,1
kylberg_004053,25,stone3,stone3::b,b,1
kylberg_004054,25,stone3,stone3::b,b,1
kylberg_004055,25,stone3,stone3::b,b,1
kylberg_004056,25,stone3,stone3::b,b,1
kylberg_004057,25,stone3,stone3::b,b,1
kylberg_004058,25,stone3,stone3::b,b,1
kylberg_004059,25,stone3,stone3::b,b,1
kylberg_004060,25,stone3,stone3::b,b,1
kylberg_004061,25,stone3,stone3::b,b,1
kylberg_004062,25,stone3,stone3::b,b,1
kylberg_004063,25,stone3,stone3::b,b,1
kylberg_004064,25,stone3,stone3::b,b,1
kylberg_004065,25,stone3,stone3::b,b,1
kylberg_004066,25,stone3,stone3::b,b,1
kylberg_004067,25,stone3,stone3::b,b,1
kylberg_004068,25,stone3,stone3::b,b,1
kylberg_004069,25,stone3,stone3::b,b,1
kylberg_004070,25,stone3,stone3::b,b,1
kylberg_004071,25,stone3,stone3::b,b,1
kylberg_004072,25,stone3,stone3::b,b,1
kylberg_004073,25,stone3,stone3::b,b,1
kylberg_004074,25,stone3,stone3::b,b,1
kylberg_004075,25,stone3,stone3::b,b,1
kylberg_004076,25,stone3,stone3::b,b,1
kylberg_004077,25,stone3,stone3::b,b,1
kylberg_004078,25,stone3,stone3::b,b,1
kylberg_004079,25,stone3,stone3::b,b,1
kylberg_004080,25,stone3,stone3::c,c,2
kylberg_004081,25,stone3,stone3::c,c,2
kylberg_004082,25,stone3,stone3::c,c,2
kylberg_004083,25,stone3,stone3::c,c,2
kylberg_004084,25,stone3,stone3::c,c,2
kylberg_004085,25,stone3,stone3::c,c,2
kylberg_004086,25,stone3,stone3::c,c,2
kylberg_004087,25,stone3,stone3::c,c,2
kylberg_004088,25,stone3,stone3::c,c,2
kylberg_004089,25,stone3,stone3::c,c,2
kylberg_004090,25,stone3,stone3::c,c,2
kylberg_004091,25,stone3,stone3::c,c,2
kylberg_004092,25,stone3,stone3::c,c,2
kylberg_004093,25,stone3,stone3::c,c,2
kylberg_004094,25,stone3,stone3::c,c,2
kylberg_004095,25,stone3,stone3::c,c,2
kylberg_004096,25,stone3,stone3::c,c,2
kylberg_004097,25,stone3,stone3::c,c,2
kylberg_004098,25,stone3,stone3::c,c,2
kylberg_004099,25,stone3,stone3::c,c,2
kylberg_004100,25,stone3,stone3::c,c,2
kylberg_004101,25,stone3,stone3::c,c,2
kylberg_004102,25,stone3,stone3::c,c,2
kylberg_004103,25,stone3,stone3::c,c,2
kylberg_004104,25,stone3,stone3::c,c,2
kylberg_004105,25,stone3,stone3::c,c,2
kylberg_004106,25,stone3,stone3::c,c,2
kylberg_004107,25,stone3,stone3::c,c,2
kylberg_004108,25,stone3,stone3::c,c,2
kylberg_004109,25,stone3,stone3::c,c,2
kylberg_004110,25,stone3,stone3::c,c,2
kylberg_004111,25,stone3,stone3::c,c,2
kylberg_004112,25,stone3,stone3::c,c,2
kylberg_004113,25,stone3,stone3::c,c,2
kylberg_004114,25,stone3,stone3::c,c,2
kylberg_004115,25,stone3,stone3::c,c,2
kylberg_004116,25,stone3,stone3::c,c,2
kylberg_004117,25,stone3,stone3::c,c,2
kylberg_004118,25,stone3,stone3::c,c,2
kylberg_004119,25,stone3,stone3::c,c,2
kylberg_004120,25,stone3,stone3::d,d,3
kylberg_004121,25,stone3,stone3::d,d,3
kylberg_004122,25,stone3,stone3::d,d,3
kylberg_004123,25,stone3,stone3::d,d,3
kylberg_004124,25,stone3,stone3::d,d,3
kylberg_004125,25,stone3,stone3::d,d,3
kylberg_004126,25,stone3,stone3::d,d,3
kylberg_004127,25,stone3,stone3::d,d,3
kylberg_004128,25,stone3,stone3::d,d,3
kylberg_004129,25,stone3,stone3::d,d,3
kylberg_004130,25,stone3,stone3::d,d,3
kylberg_004131,25,stone3,stone3::d,d,3
kylberg_004132,25,stone3,stone3::d,d,3
kylberg_004133,25,stone3,stone3::d,d,3
kylberg_004134,25,stone3,stone3::d,d,3
kylberg_004135,25,stone3,stone3::d,d,3
kylberg_004136,25,stone3,stone3::d,d,3
kylberg_004137,25,stone3,stone3::d,d,3
kylberg_004138,25,stone3,stone3::d,d,3
kylberg_004139,25,stone3,stone3::d,d,3
kylberg_004140,25,stone3,stone3::d,d,3
kylberg_004141,25,stone3,stone3::d,d,3
kylberg_004142,25,stone3,stone3::d,d,3
kylberg_004143,25,stone3,stone3::d,d,3
kylberg_004144,25,stone3,stone3::d,d,3
kylberg_004145,25,stone3,stone3::d,d,3
kylberg_004146,25,stone3,stone3::d,d,3
kylberg_004147,25,stone3,stone3::d,d,3
kylberg_004148,25,stone3,stone3::d,d,3
kylberg_004149,25,stone3,stone3::d,d,3
kylberg_004150,25,stone3,stone3::d,d,3
kylberg_004151,25,stone3,stone3::d,d,3
kylberg_004152,25,stone3,stone3::d,d,3
kylberg_004153,25,stone3,stone3::d,d,3
kylberg_004154,25,stone3,stone3::d,d,3
kylberg_004155,25,stone3,stone3::d,d,3
kylberg_004156,25,stone3,stone3::d,d,3
kylberg_004157,25,stone3,stone3::d,d,3
kylberg_004158,25,stone3,stone3::d,d,3
kylberg_004159,25,stone3,stone3::d,d,3
kylberg_004160,26,stoneslab1,stoneslab1::a,a,0
kylberg_004161,26,stoneslab1,stoneslab1::a,a,0
kylberg_004162,26,stoneslab1,stoneslab1::a,a,0
kylberg_004163,26,stoneslab1,stoneslab1::a,a,0
kylberg_004164,26,stoneslab1,stoneslab1::a,a,0
kylberg_004165,26,stoneslab1,stoneslab1::a,a,0
kylberg_004166,26,stoneslab1,stoneslab1::a,a,0
kylberg_004167,26,stoneslab1,stoneslab1::a,a,0
kylberg_004168,26,stoneslab1,stoneslab1::a,a,0
kylberg_004169,26,stoneslab1,stoneslab1::a,a,0
kylberg_004170,26,stoneslab1,stoneslab1::a,a,0
kylberg_004171,26,stoneslab1,stoneslab1::a,a,0
kylberg_004172,26,stoneslab1,stoneslab1::a,a,0
kylberg_004173,26,stoneslab1,stoneslab1::a,a,0
kylberg_004174,26,stoneslab1,stoneslab1::a,a,0
kylberg_004175,26,stoneslab1,stoneslab1::a,a,0
kylberg_004176,26,stoneslab1,stoneslab1::a,a,0
kylberg_004177,26,stoneslab1,stoneslab1::a,a,0
kylberg_004178,26,stoneslab1,stoneslab1::a,a,0
kylberg_004179,26,stoneslab1,stoneslab1::a,a,0
kylberg_004180,26,stoneslab1,stoneslab1::a,a,0
kylberg_004181,26,stoneslab1,stoneslab1::a,a,0
kylberg_004182,26,stoneslab1,stoneslab1::a,a,0
kylberg_004183,26,stoneslab1,stoneslab1::a,a,0
kylberg_004184,26,stoneslab1,stoneslab1::a,a,0
kylberg_004185,26,stoneslab1,stoneslab1::a,a,0
kylberg_004186,26,stoneslab1,stoneslab1::a,a,0
kylberg_004187,26,stoneslab1,stoneslab1::a,a,0
kylberg_004188,26,stoneslab1,stoneslab1::a,a,0
kylberg_004189,26,stoneslab1,stoneslab1::a,a,0
kylberg_004190,26,stoneslab1,stoneslab1::a,a,0
kylberg_004191,26,stoneslab1,stoneslab1::a,a,0
kylberg_004192,26,stoneslab1,stoneslab1::a,a,0
kylberg_004193,26,stoneslab1,stoneslab1::a,a,0
kylberg_004194,26,stoneslab1,stoneslab1::a,a,0
kylberg_004195,26,stoneslab1,stoneslab1::a,a,0
kylberg_004196,26,stoneslab1,stoneslab1::a,a,0
kylberg_004197,26,stoneslab1,stoneslab1::a,a,0
kylberg_004198,26,stoneslab1,stoneslab1::a,a,0
kylberg_004199,26,stoneslab1,stoneslab1::a,a,0
kylberg_004200,26,stoneslab1,stoneslab1::b,b,1
kylberg_004201,26,stoneslab1,stoneslab1::b,b,1
kylberg_004202,26,stoneslab1,stoneslab1::b,b,1
kylberg_004203,26,stoneslab1,stoneslab1::b,b,1
kylberg_004204,26,stoneslab1,stoneslab1::b,b,1
kylberg_004205,26,stoneslab1,stoneslab1::b,b,1
kylberg_004206,26,stoneslab1,stoneslab1::b,b,1
kylberg_004207,26,stoneslab1,stoneslab1::b,b,1
kylberg_004208,26,stoneslab1,stoneslab1::b,b,1
kylberg_004209,26,stoneslab1,stoneslab1::b,b,1
kylberg_004210,26,stoneslab1,stoneslab1::b,b,1
kylberg_004211,26,stoneslab1,stoneslab1::b,b,1
kylberg_004212,26,stoneslab1,stoneslab1::b,b,1
kylberg_004213,26,stoneslab1,stoneslab1::b,b,1
kylberg_004214,26,stoneslab1,stoneslab1::b,b,1
kylberg_004215,26,stoneslab1,stoneslab1::b,b,1
kylberg_004216,26,stoneslab1,stoneslab1::b,b,1
kylberg_004217,26,stoneslab1,stoneslab1::b,b,1
kylberg_004218,26,stoneslab1,stoneslab1::b,b,1
kylberg_004219,26,stoneslab1,stoneslab1::b,b,1
kylberg_004220,26,stoneslab1,stoneslab1::b,b,1
kylberg_004221,26,stoneslab1,stoneslab1::b,b,1
kylberg_004222,26,stoneslab1,stoneslab1::b,b,1
kylberg_004223,26,stoneslab1,stoneslab1::b,b,1
kylberg_004224,26,stoneslab1,stoneslab1::b,b,1
kylberg_004225,26,stoneslab1,stoneslab1::b,b,1
kylberg_004226,26,stoneslab1,stoneslab1::b,b,1
kylberg_004227,26,stoneslab1,stoneslab1::b,b,1
kylberg_004228,26,stoneslab1,stoneslab1::b,b,1
kylberg_004229,26,stoneslab1,stoneslab1::b,b,1
kylberg_004230,26,stoneslab1,stoneslab1::b,b,1
kylberg_004231,26,stoneslab1,stoneslab1::b,b,1
kylberg_004232,26,stoneslab1,stoneslab1::b,b,1
kylberg_004233,26,stoneslab1,stoneslab1::b,b,1
kylberg_004234,26,stoneslab1,stoneslab1::b,b,1
kylberg_004235,26,stoneslab1,stoneslab1::b,b,1
kylberg_004236,26,stoneslab1,stoneslab1::b,b,1
kylberg_004237,26,stoneslab1,stoneslab1::b,b,1
kylberg_004238,26,stoneslab1,stoneslab1::b,b,1
kylberg_004239,26,stoneslab1,stoneslab1::b,b,1
kylberg_004240,26,stoneslab1,stoneslab1::c,c,2
kylberg_004241,26,stoneslab1,stoneslab1::c,c,2
kylberg_004242,26,stoneslab1,stoneslab1::c,c,2
kylberg_004243,26,stoneslab1,stoneslab1::c,c,2
kylberg_004244,26,stoneslab1,stoneslab1::c,c,2
kylberg_004245,26,stoneslab1,stoneslab1::c,c,2
kylberg_004246,26,stoneslab1,stoneslab1::c,c,2
kylberg_004247,26,stoneslab1,stoneslab1::c,c,2
kylberg_004248,26,stoneslab1,stoneslab1::c,c,2
kylberg_004249,26,stoneslab1,stoneslab1::c,c,2
kylberg_004250,26,stoneslab1,stoneslab1::c,c,2
kylberg_004251,26,stoneslab1,stoneslab1::c,c,2
kylberg_004252,26,stoneslab1,stoneslab1::c,c,2
kylberg_004253,26,stoneslab1,stoneslab1::c,c,2
kylberg_004254,26,stoneslab1,stoneslab1::c,c,2
kylberg_004255,26,stoneslab1,stoneslab1::c,c,2
kylberg_004256,26,stoneslab1,stoneslab1::c,c,2
kylberg_004257,26,stoneslab1,stoneslab1::c,c,2
kylberg_004258,26,stoneslab1,stoneslab1::c,c,2
kylberg_004259,26,stoneslab1,stoneslab1::c,c,2
kylberg_004260,26,stoneslab1,stoneslab1::c,c,2
kylberg_004261,26,stoneslab1,stoneslab1::c,c,2
kylberg_004262,26,stoneslab1,stoneslab1::c,c,2
kylberg_004263,26,stoneslab1,stoneslab1::c,c,2
kylberg_004264,26,stoneslab1,stoneslab1::c,c,2
kylberg_004265,26,stoneslab1,stoneslab1::c,c,2
kylberg_004266,26,stoneslab1,stoneslab1::c,c,2
kylberg_004267,26,stoneslab1,stoneslab1::c,c,2
kylberg_004268,26,stoneslab1,stoneslab1::c,c,2
kylberg_004269,26,stoneslab1,stoneslab1::c,c,2
kylberg_004270,26,stoneslab1,stoneslab1::c,c,2
kylberg_004271,26,stoneslab1,stoneslab1::c,c,2
kylberg_004272,26,stoneslab1,stoneslab1::c,c,2
kylberg_004273,26,stoneslab1,stoneslab1::c,c,2
kylberg_004274,26,stoneslab1,stoneslab1::c,c,2
kylberg_004275,26,stoneslab1,stoneslab1::c,c,2
kylberg_004276,26,stoneslab1,stoneslab1::c,c,2
kylberg_004277,26,stoneslab1,stoneslab1::c,c,2
kylberg_004278,26,stoneslab1,stoneslab1::c,c,2
kylberg_004279,26,stoneslab1,stoneslab1::c,c,2
kylberg_004280,26,stoneslab1,stoneslab1::d,d,3
kylberg_004281,26,stoneslab1,stoneslab1::d,d,3
kylberg_004282,26,stoneslab1,stoneslab1::d,d,3
kylberg_004283,26,stoneslab1,stoneslab1::d,d,3
kylberg_004284,26,stoneslab1,stoneslab1::d,d,3
kylberg_004285,26,stoneslab1,stoneslab1::d,d,3
kylberg_004286,26,stoneslab1,stoneslab1::d,d,3
kylberg_004287,26,stoneslab1,stoneslab1::d,d,3
kylberg_004288,26,stoneslab1,stoneslab1::d,d,3
kylberg_004289,26,stoneslab1,stoneslab1::d,d,3
kylberg_004290,26,stoneslab1,stoneslab1::d,d,3
kylberg_004291,26,stoneslab1,stoneslab1::d,d,3
kylberg_004292,26,stoneslab1,stoneslab1::d,d,3
kylberg_004293,26,stoneslab1,stoneslab1::d,d,3
kylberg_004294,26,stoneslab1,stoneslab1::d,d,3
kylberg_004295,26,stoneslab1,stoneslab1::d,d,3
kylberg_004296,26,stoneslab1,stoneslab1::d,d,3
kylberg_004297,26,stoneslab1,stoneslab1::d,d,3
kylberg_004298,26,stoneslab1,stoneslab1::d,d,3
kylberg_004299,26,stoneslab1,stoneslab1::d,d,3
kylberg_004300,26,stoneslab1,stoneslab1::d,d,3
kylberg_004301,26,stoneslab1,stoneslab1::d,d,3
kylberg_004302,26,stoneslab1,stoneslab1::d,d,3
kylberg_004303,26,stoneslab1,stoneslab1::d,d,3
kylberg_004304,26,stoneslab1,stoneslab1::d,d,3
kylberg_004305,26,stoneslab1,stoneslab1::d,d,3
kylberg_004306,26,stoneslab1,stoneslab1::d,d,3
kylberg_004307,26,stoneslab1,stoneslab1::d,d,3
kylberg_004308,26,stoneslab1,stoneslab1::d,d,3
kylberg_004309,26,stoneslab1,stoneslab1::d,d,3
kylberg_004310,26,stoneslab1,stoneslab1::d,d,3
kylberg_004311,26,stoneslab1,stoneslab1::d,d,3
kylberg_004312,26,stoneslab1,stoneslab1::d,d,3
kylberg_004313,26,stoneslab1,stoneslab1::d,d,3
kylberg_004314,26,stoneslab1,stoneslab1::d,d,3
kylberg_004315,26,stoneslab1,stoneslab1::d,d,3
kylberg_004316,26,stoneslab1,stoneslab1::d,d,3
kylberg_004317,26,stoneslab1,stoneslab1::d,d,3
kylberg_004318,26,stoneslab1,stoneslab1::d,d,3
kylberg_004319,26,stoneslab1,stoneslab1::d,d,3
kylberg_004320,27,wall1,wall1::a,a,0
kylberg_004321,27,wall1,wall1::a,a,0
kylberg_004322,27,wall1,wall1::a,a,0
kylberg_004323,27,wall1,wall1::a,a,0
kylberg_004324,27,wall1,wall1::a,a,0
kylberg_004325,27,wall1,wall1::a,a,0
kylberg_004326,27,wall1,wall1::a,a,0
kylberg_004327,27,wall1,wall1::a,a,0
kylberg_004328,27,wall1,wall1::a,a,0
kylberg_004329,27,wall1,wall1::a,a,0
kylberg_004330,27,wall1,wall1::a,a,0
kylberg_004331,27,wall1,wall1::a,a,0
kylberg_004332,27,wall1,wall1::a,a,0
kylberg_004333,27,wall1,wall1::a,a,0
kylberg_004334,27,wall1,wall1::a,a,0
kylberg_004335,27,wall1,wall1::a,a,0
kylberg_004336,27,wall1,wall1::a,a,0
kylberg_004337,27,wall1,wall1::a,a,0
kylberg_004338,27,wall1,wall1::a,a,0
kylberg_004339,27,wall1,wall1::a,a,0
kylberg_004340,27,wall1,wall1::a,a,0
kylberg_004341,27,wall1,wall1::a,a,0
kylberg_004342,27,wall1,wall1::a,a,0
kylberg_004343,27,wall1,wall1::a,a,0
kylberg_004344,27,wall1,wall1::a,a,0
kylberg_004345,27,wall1,wall1::a,a,0
kylberg_004346,27,wall1,wall1::a,a,0
kylberg_004347,27,wall1,wall1::a,a,0
kylberg_004348,27,wall1,wall1::a,a,0
kylberg_004349,27,wall1,wall1::a,a,0
kylberg_004350,27,wall1,wall1::a,a,0
kylberg_004351,27,wall1,wall1::a,a,0
kylberg_004352,27,wall1,wall1::a,a,0
kylberg_004353,27,wall1,wall1::a,a,0
kylberg_004354,27,wall1,wall1::a,a,0
kylberg_004355,27,wall1,wall1::a,a,0
kylberg_004356,27,wall1,wall1::a,a,0
kylberg_004357,27,wall1,wall1::a,a,0
kylberg_004358,27,wall1,wall1::a,a,0
kylberg_004359,27,wall1,wall1::a,a,0
kylberg_004360,27,wall1,wall1::b,b,1
kylberg_004361,27,wall1,wall1::b,b,1
kylberg_004362,27,wall1,wall1::b,b,1
kylberg_004363,27,wall1,wall1::b,b,1
kylberg_004364,27,wall1,wall1::b,b,1
kylberg_004365,27,wall1,wall1::b,b,1
kylberg_004366,27,wall1,wall1::b,b,1
kylberg_004367,27,wall1,wall1::b,b,1
kylberg_004368,27,wall1,wall1::b,b,1
kylberg_004369,27,wall1,wall1::b,b,1
kylberg_004370,27,wall1,wall1::b,b,1
kylberg_004371,27,wall1,wall1::b,b,1
kylberg_004372,27,wall1,wall1::b,b,1
kylberg_004373,27,wall1,wall1::b,b,1
kylberg_004374,27,wall1,wall1::b,b,1
kylberg_004375,27,wall1,wall1::b,b,1
kylberg_004376,27,wall1,wall1::b,b,1
kylberg_004377,27,wall1,wall1::b,b,1
kylberg_004378,27,wall1,wall1::b,b,1
kylberg_004379,27,wall1,wall1::b,b,1
kylberg_004380,27,wall1,wall1::b,b,1
kylberg_004381,27,wall1,wall1::b,b,1
kylberg_004382,27,wall1,wall1::b,b,1
kylberg_004383,27,wall1,wall1::b,b,1
kylberg_004384,27,wall1,wall1::b,b,1
kylberg_004385,27,wall1,wall1::b,b,1
kylberg_004386,27,wall1,wall1::b,b,1
kylberg_004387,27,wall1,wall1::b,b,1
kylberg_004388,27,wall1,wall1::b,b,1
kylberg_004389,27,wall1,wall1::b,b,1
kylberg_004390,27,wall1,wall1::b,b,1
kylberg_004391,27,wall1,wall1::b,b,1
kylberg_004392,27,wall1,wall1::b,b,1
kylberg_004393,27,wall1,wall1::b,b,1
kylberg_004394,27,wall1,wall1::b,b,1
kylberg_004395,27,wall1,wall1::b,b,1
kylberg_004396,27,wall1,wall1::b,b,1
kylberg_004397,27,wall1,wall1::b,b,1
kylberg_004398,27,wall1,wall1::b,b,1
kylberg_004399,27,wall1,wall1::b,b,1
kylberg_004400,27,wall1,wall1::c,c,2
kylberg_004401,27,wall1,wall1::c,c,2
kylberg_004402,27,wall1,wall1::c,c,2
kylberg_004403,27,wall1,wall1::c,c,2
kylberg_004404,27,wall1,wall1::c,c,2
kylberg_004405,27,wall1,wall1::c,c,2
kylberg_004406,27,wall1,wall1::c,c,2
kylberg_004407,27,wall1,wall1::c,c,2
kylberg_004408,27,wall1,wall1::c,c,2
kylberg_004409,27,wall1,wall1::c,c,2
kylberg_004410,27,wall1,wall1::c,c,2
kylberg_004411,27,wall1,wall1::c,c,2
kylberg_004412,27,wall1,wall1::c,c,2
kylberg_004413,27,wall1,wall1::c,c,2
kylberg_004414,27,wall1,wall1::c,c,2
kylberg_004415,27,wall1,wall1::c,c,2
kylberg_004416,27,wall1,wall1::c,c,2
kylberg_004417,27,wall1,wall1::c,c,2
kylberg_004418,27,wall1,wall1::c,c,2
kylberg_004419,27,wall1,wall1::c,c,2
kylberg_004420,27,wall1,wall1::c,c,2
kylberg_004421,27,wall1,wall1::c,c,2
kylberg_004422,27,wall1,wall1::c,c,2
kylberg_004423,27,wall1,wall1::c,c,2
kylberg_004424,27,wall1,wall1::c,c,2
kylberg_004425,27,wall1,wall1::c,c,2
kylberg_004426,27,wall1,wall1::c,c,2
kylberg_004427,27,wall1,wall1::c,c,2
kylberg_004428,27,wall1,wall1::c,c,2
kylberg_004429,27,wall1,wall1::c,c,2
kylberg_004430,27,wall1,wall1::c,c,2
kylberg_004431,27,wall1,wall1::c,c,2
kylberg_004432,27,wall1,wall1::c,c,2
kylberg_004433,27,wall1,wall1::c,c,2
kylberg_004434,27,wall1,wall1::c,c,2
kylberg_004435,27,wall1,wall1::c,c,2
kylberg_004436,27,wall1,wall1::c,c,2
kylberg_004437,27,wall1,wall1::c,c,2
kylberg_004438,27,wall1,wall1::c,c,2
kylberg_004439,27,wall1,wall1::c,c,2
kylberg_004440,27,wall1,wall1::d,d,3
kylberg_004441,27,wall1,wall1::d,d,3
kylberg_004442,27,wall1,wall1::d,d,3
kylberg_004443,27,wall1,wall1::d,d,3
kylberg_004444,27,wall1,wall1::d,d,3
kylberg_004445,27,wall1,wall1::d,d,3
kylberg_004446,27,wall1,wall1::d,d,3
kylberg_004447,27,wall1,wall1::d,d,3
kylberg_004448,27,wall1,wall1::d,d,3
kylberg_004449,27,wall1,wall1::d,d,3
kylberg_004450,27,wall1,wall1::d,d,3
kylberg_004451,27,wall1,wall1::d,d,3
kylberg_004452,27,wall1,wall1::d,d,3
kylberg_004453,27,wall1,wall1::d,d,3
kylberg_004454,27,wall1,wall1::d,d,3
kylberg_004455,27,wall1,wall1::d,d,3
kylberg_004456,27,wall1,wall1::d,d,3
kylberg_004457,27,wall1,wall1::d,d,3
kylberg_004458,27,wall1,wall1::d,d,3
kylberg_004459,27,wall1,wall1::d,d,3
kylberg_004460,27,wall1,wall1::d,d,3
kylberg_004461,27,wall1,wall1::d,d,3
kylberg_004462,27,wall1,wall1::d,d,3
kylberg_004463,27,wall1,wall1::d,d,3
kylberg_004464,27,wall1,wall1::d,d,3
kylberg_004465,27,wall1,wall1::d,d,3
kylberg_004466,27,wall1,wall1::d,d,3
kylberg_004467,27,wall1,wall1::d,d,3
kylberg_004468,27,wall1,wall1::d,d,3
kylberg_004469,27,wall1,wall1::d,d,3
kylberg_004470,27,wall1,wall1::d,d,3
kylberg_004471,27,wall1,wall1::d,d,3
kylberg_004472,27,wall1,wall1::d,d,3
kylberg_004473,27,wall1,wall1::d,d,3
kylberg_004474,27,wall1,wall1::d,d,3
kylberg_004475,27,wall1,wall1::d,d,3
kylberg_004476,27,wall1,wall1::d,d,3
kylberg_004477,27,wall1,wall1::d,d,3
kylberg_004478,27,wall1,wall1::d,d,3
kylberg_004479,27,wall1,wall1::d,d,3
