image_id,class_id,class_name,group_id,source_id,outer_fold
kth_tips2b_000000,0,aluminium_foil,aluminium_foil::a,a,0
kth_tips2b_000001,0,aluminium_foil,aluminium_foil::a,a,0
kth_tips2b_000002,0,aluminium_foil,aluminium_foil::a,a,0
kth_tips2b_000003,0,aluminium_foil,aluminium_foil::a,a,0
kth_tips2b_000004,0,aluminium_foil,aluminium_foil::a,a,0
kth_tips2b_000005,0,aluminium_foil,aluminium_foil::a,a,0
kth_tips2b_000006,0,aluminium_foil,aluminium_foil::a,a,0
kth_tips2b_000007,0,aluminium_foil,aluminium_foil::a,a,0
kth_tips2b_000008,0,aluminium_foil,aluminium_foil::a,a,0
kth_tips2b_000009,0,aluminium_foil,aluminium_foil::a,a,0
kth_tips2b_000010,0,aluminium_foil,aluminium_foil::a,a,0
kth_tips2b_000011,0,aluminium_foil,aluminium_foil::a,a,0
kth_tips2b_000012,0,aluminium_foil,aluminium_foil::a,a,0
kth_tips2b_000013,0,aluminium_foil,aluminium_foil::a,a,0
kth_tips2b_000014,0,aluminium_foil,aluminium_foil::a,a,0
kth_tips2b_000015,0,aluminium_foil,aluminium_foil::a,a,0
kth_tips2b_000016,0,aluminium_foil,aluminium_foil::a,a,0
kth_tips2b_000017,0,aluminium_foil,aluminium_foil::a,a,0
kth_tips2b_000018,0,aluminium_foil,aluminium_foil::a,a,0
kth_tips2b_000019,0,aluminium_foil,aluminium_foil::a,a,0
kth_tips2b_000020,0,aluminium_foil,aluminium_foil::a,a,0
kth_tips2b_000021,0,aluminium_foil,aluminium_foil::a,a,0
kth_tips2b_000022,0,aluminium_foil,aluminium_foil::a,a,0
kth_tips2b_000023,0,aluminium_foil,aluminium_foil::a,a,0
kth_tips2b_000024,0,aluminium_foil,aluminium_foil::a,a,0
kth_tips2b_000025,0,aluminium_foil,aluminium_foil::a,a,0
kth_tips2b_000026,0,aluminium_foil,aluminium_foil::a,a,0
kth_tips2b_000027,0,aluminium_foil,aluminium_foil::a,a,0
kth_tips2b_000028,0,aluminium_foil,aluminium_foil::a,a,0
kth_tips2b_000029,0,aluminium_foil,aluminium_foil::a,a,0
kth_tips2b_000030,0,aluminium_foil,aluminium_foil::a,a,0
kth_tips2b_000031,0,aluminium_foil,aluminium_foil::a,a,0
kth_tips2b_000032,0,aluminium_foil,aluminium_foil::a,a,0
kth_tips2b_000033,0,aluminium_foil,aluminium_foil::a,a,0
kth_tips2b_000034,0,aluminium_foil,aluminium_foil::a,a,0
kth_tips2b_000035,0,aluminium_foil,aluminium_foil::a,a,0
kth_tips2b_000036,0,aluminium_foil,aluminium_foil::a,a,0
kth_tips2b_000037,0,aluminium_foil,aluminium_foil::a,a,0
kth_tips2b_000038,0,aluminium_foil,aluminium_foil::a,a,0
kth_tips2b_000039,0,aluminium_foil,aluminium_foil::a,a,0
kth_tips2b_000040,0,aluminium_foil,aluminium_foil::a,a,0
kth_tips2b_000041,0,aluminium_foil,aluminium_foil::a,a,0
kth_tips2b_000042,0,aluminium_foil,aluminium_foil::a,a,0
kth_tips2b_000043,0,aluminium_foil,aluminium_foil::a,a,0
kth_tips2b_000044,0,aluminium_foil,aluminium_foil::a,a,0
kth_tips2b_000045,0,aluminium_foil,aluminium_foil::a,a,0
kth_tips2b_000046,0,aluminium_foil,aluminium_foil::a,a,0
kth_tips2b_000047,0,aluminium_foil,aluminium_foil::a,a,0
kth_tips2b_000048,0,aluminium_foil,aluminium_foil::a,a,0
kth_tips2b_000049,0,aluminium_foil,aluminium_foil::a,a,0
kth_tips2b_000050,0,aluminium_foil,aluminium_foil::a,a,0
kth_tips2b_000051,0,aluminium_foil,aluminium_foil::a,a,0
kth_tips2b_000052,0,aluminium_foil,aluminium_foil::a,a,0
kth_tips2b_000053,0,aluminium_foil,aluminium_foil::a,a,0
kth_tips2b_000054,0,aluminium_foil,aluminium_foil::a,a,0
kth_tips2b_000055,0,aluminium_foil,aluminium_foil::a,a,0
kth_tips2b_000056,0,aluminium_foil,aluminium_foil::a,a,0
kth_tips2b_000057,0,aluminium_foil,aluminium_foil::a,a,0
kth_tips2b_000058,0,aluminium_foil,aluminium_foil::a,a,0
kth_tips2b_000059,0,aluminium_foil,aluminium_foil::a,a,0
kth_tips2b_000060,0,aluminium_foil,aluminium_foil::a,a,0
kth_tips2b_000061,0,aluminium_foil,aluminium_foil::a,a,0
kth_tips2b_000062,0,aluminium_foil,aluminium_foil::a,a,0
kth_tips2b_000063,0,aluminium_foil,aluminium_foil::a,a,0
kth_tips2b_000064,0,aluminium_foil,aluminium_foil::a,a,0
kth_tips2b_000065,0,aluminium_foil,aluminium_foil::a,a,0
kth_tips2b_000066,0,aluminium_foil,aluminium_foil::a,a,0
kth_tips2b_000067,0,aluminium_foil,aluminium_foil::a,a,0
kth_tips2b_000068,0,aluminium_foil,aluminium_foil::a,a,0
kth_tips2b_000069,0,aluminium_foil,aluminium_foil::a,a,0
kth_tips2b_000070,0,aluminium_foil,aluminium_foil::a,a,0
kth_tips2b_000071,0,aluminium_foil,aluminium_foil::a,a,0
kth_tips2b_000072,0,aluminium_foil,aluminium_foil::a,a,0
kth_tips2b_000073,0,aluminium_foil,aluminium_foil::a,a,0
kth_tips2b_000074,0,aluminium_foil,aluminium_foil::a,a,0
kth_tips2b_000075,0,aluminium_foil,aluminium_foil::a,a,0
kth_tips2b_000076,0,aluminium_foil,aluminium_foil::a,a,0
kth_tips2b_000077,0,aluminium_foil,aluminium_foil::a,a,0
kth_tips2b_000078,0,aluminium_foil,aluminium_foil::a,a,0
kth_tips2b_000079,0,aluminium_foil,aluminium_foil::a,a,0
kth_tips2b_000080,0,aluminium_foil,aluminium_foil::a,a,0
kth_tips2b_000081,0,aluminium_foil,aluminium_foil::a,a,0
kth_tips2b_000082,0,aluminium_foil,aluminium_foil::a,a,0
kth_tips2b_000083,0,aluminium_foil,aluminium_foil::a,a,0
kth_tips2b_000084,0,aluminium_foil,aluminium_foil::a,a,0
kth_tips2b_000085,0,aluminium_foil,aluminium_foil::a,a,0
kth_tips2b_000086,0,aluminium_foil,aluminium_foil::a,a,0
kth_tips2b_000087,0,aluminium_foil,aluminium_foil::a,a,0
kth_tips2b_000088,0,aluminium_foil,aluminium_foil::a,a,0
kth_tips2b_000089,0,aluminium_foil,aluminium_foil::a,a,0
kth_tips2b_000090,0,aluminium_foil,aluminium_foil::a,a,0
kth_tips2b_000091,0,aluminium_foil,aluminium_foil::a,a,0
kth_tips2b_000092,0,aluminium_foil,aluminium_foil::a,a,0
kth_tips2b_000093,0,aluminium_foil,aluminium_foil::a,a,0
kth_tips2b_000094,0,aluminium_foil,aluminium_foil::a,a,0
kth_tips2b_000095,0,aluminium_foil,aluminium_foil::a,a,0
kth_tips2b_000096,0,aluminium_foil,aluminium_foil::a,a,0
kth_tips2b_000097,0,aluminium_foil,aluminium_foil::a,a,0
kth_tips2b_000098,0,aluminium_foil,aluminium_foil::a,a,0
kth_tips2b_000099,0,aluminium_foil,aluminium_foil::a,a,0
kth_tips2b_000100,0,aluminium_foil,aluminium_foil::a,a,0
kth_tips2b_000101,0,aluminium_foil,aluminium_foil::a,a,0
kth_tips2b_000102,0,aluminium_foil,aluminium_foil::a,a,0
kth_tips2b_000103,0,aluminium_foil,aluminium_foil::a,a,0
kth_tips2b_000104,0,aluminium_foil,aluminium_foil::a,a,0
kth_tips2b_000105,0,aluminium_foil,aluminium_foil::a,a,0
kth_tips2b_000106,0,aluminium_foil,aluminium_foil::a,a,0
kth_tips2b_000107,0,aluminium_foil,aluminium_foil::a,a,0
kth_tips2b_000108,0,aluminium_foil,aluminium_foil::b,b,1
kth_tips2b_000109,0,aluminium_foil,aluminium_foil::b,b,1
kth_tips2b_000110,0,aluminium_foil,aluminium_foil::b,b,1
kth_tips2b_000111,0,aluminium_foil,aluminium_foil::b,b,1
kth_tips2b_000112,0,aluminium_foil,aluminium_foil::b,b,1
kth_tips2b_000113,0,aluminium_foil,aluminium_foil::b,b,1
kth_tips2b_000114,0,aluminium_foil,aluminium_foil::b,b,1
kth_tips2b_000115,0,aluminium_foil,aluminium_foil::b,b,1
kth_tips2b_000116,0,aluminium_foil,aluminium_foil::b,b,1
kth_tips2b_000117,0,aluminium_foil,aluminium_foil::b,b,1
kth_tips2b_000118,0,aluminium_foil,aluminium_foil::b,b,1
kth_tips2b_000119,0,aluminium_foil,aluminium_foil::b,b,1
kth_tips2b_000120,0,aluminium_foil,aluminium_foil::b,b,1
kth_tips2b_000121,0,aluminium_foil,aluminium_foil::b,b,1
kth_tips2b_000122,0,aluminium_foil,aluminium_foil::b,b,1
kth_tips2b_000123,0,aluminium_foil,aluminium_foil::b,b,1
kth_tips2b_000124,0,aluminium_foil,aluminium_foil::b,b,1
kth_tips2b_000125,0,aluminium_foil,aluminium_foil::b,b,1
kth_tips2b_000126,0,aluminium_foil,aluminium_foil::b,b,1
kth_tips2b_000127,0,aluminium_foil,aluminium_foil::b,b,1
kth_tips2b_000128,0,aluminium_foil,aluminium_foil::b,b,1
kth_tips2b_000129,0,aluminium_foil,aluminium_foil::b,b,1
kth_tips2b_000130,0,aluminium_foil,aluminium_foil::b,b,1
kth_tips2b_000131,0,aluminium_foil,aluminium_foil::b,b,1
kth_tips2b_000132,0,aluminium_foil,aluminium_foil::b,b,1
kth_tips2b_000133,0,aluminium_foil,aluminium_foil::b,b,1
kth_tips2b_000134,0,aluminium_foil,aluminium_foil::b,b,1
kth_tips2b_000135,0,aluminium_foil,aluminium_foil::b,b,1
kth_tips2b_000136,0,aluminium_foil,aluminium_foil::b,b,1
kth_tips2b_000137,0,aluminium_foil,aluminium_foil::b,b,1
kth_tips2b_000138,0,aluminium_foil,aluminium_foil::b,b,1
kth_tips2b_000139,0,aluminium_foil,aluminium_foil::b,b,1
kth_tips2b_000140,0,aluminium_foil,aluminium_foil::b,b,1
kth_tips2b_000141,0,aluminium_foil,aluminium_foil::b,b,1
kth_tips2b_000142,0,aluminium_foil,aluminium_foil::b,b,1
kth_tips2b_000143,0,aluminium_foil,aluminium_foil::b,b,1
kth_tips2b_000144,0,aluminium_foil,aluminium_foil::b,b,1
kth_tips2b_000145,0,aluminium_foil,aluminium_foil::b,b,1
kth_tips2b_000146,0,aluminium_foil,aluminium_foil::b,b,1
kth_tips2b_000147,0,aluminium_foil,aluminium_foil::b,b,1
kth_tips2b_000148,0,aluminium_foil,aluminium_foil::b,b,1
kth_tips2b_000149,0,aluminium_foil,aluminium_foil::b,b,1
kth_tips2b_000150,0,aluminium_foil,aluminium_foil::b,b,1
kth_tips2b_000151,0,aluminium_foil,aluminium_foil::b,b,1
kth_tips2b_000152,0,aluminium_foil,aluminium_foil::b,b,1
kth_tips2b_000153,0,aluminium_foil,aluminium_foil::b,b,1
kth_tips2b_000154,0,aluminium_foil,aluminium_foil::b,b,1
kth_tips2b_000155,0,aluminium_foil,aluminium_foil::b,b,1
kth_tips2b_000156,0,aluminium_foil,aluminium_foil::b,b,1
kth_tips2b_000157,0,aluminium_foil,aluminium_foil::b,b,1
kth_tips2b_000158,0,aluminium_foil,aluminium_foil::b,b,1
kth_tips2b_000159,0,aluminium_foil,aluminium_foil::b,b,1
kth_tips2b_000160,0,aluminium_foil,aluminium_foil::b,b,1
kth_tips2b_000161,0,aluminium_foil,aluminium_foil::b,b,1
kth_tips2b_000162,0,aluminium_foil,aluminium_foil::b,b,1
kth_tips2b_000163,0,aluminium_foil,aluminium_foil::b,b,1
kth_tips2b_000164,0,aluminium_foil,aluminium_foil::b,b,1
kth_tips2b_000165,0,aluminium_foil,aluminium_foil::b,b,1
kth_tips2b_000166,0,aluminium_foil,aluminium_foil::b,b,1
kth_tips2b_000167,0,aluminium_foil,aluminium_foil::b,b,1
kth_tips2b_000168,0,aluminium_foil,aluminium_foil::b,b,1
kth_tips2b_000169,0,aluminium_foil,aluminium_foil::b,b,1
kth_tips2b_000170,0,aluminium_foil,aluminium_foil::b,b,1
kth_tips2b_000171,0,aluminium_foil,aluminium_foil::b,b,1
kth_tips2b_000172,0,aluminium_foil,aluminium_foil::b,b,1
kth_tips2b_000173,0,aluminium_foil,aluminium_foil::b,b,1
kth_tips2b_000174,0,aluminium_foil,aluminium_foil::b,b,1
kth_tips2b_000175,0,aluminium_foil,aluminium_foil::b,b,1
kth_tips2b_000176,0,aluminium_foil,aluminium_foil::b,b,1
kth_tips2b_000177,0,aluminium_foil,aluminium_foil::b,b,1
kth_tips2b_000178,0,aluminium_foil,aluminium_foil::b,b,1
kth_tips2b_000179,0,aluminium_foil,aluminium_foil::b,b,1
kth_tips2b_000180,0,aluminium_foil,aluminium_foil::b,b,1
kth_tips2b_000181,0,aluminium_foil,aluminium_foil::b,b,1
kth_tips2b_000182,0,aluminium_foil,aluminium_foil::b,b,1
kth_tips2b_000183,0,aluminium_foil,aluminium_foil::b,b,1
kth_tips2b_000184,0,aluminium_foil,aluminium_foil::b,b,1
kth_tips2b_000185,0,aluminium_foil,aluminium_foil::b,b,1
kth_tips2b_000186,0,aluminium_foil,aluminium_foil::b,b,1
kth_tips2b_000187,0,aluminium_foil,aluminium_foil::b,b,1
kth_tips2b_000188,0,aluminium_foil,aluminium_foil::b,b,1
kth_tips2b_000189,0,aluminium_foil,aluminium_foil::b,b,1
kth_tips2b_000190,0,aluminium_foil,aluminium_foil::b,b,1
kth_tips2b_000191,0,aluminium_foil,aluminium_foil::b,b,1
kth_tips2b_000192,0,aluminium_foil,aluminium_foil::b,b,1
kth_tips2b_000193,0,aluminium_foil,aluminium_foil::b,b,1
kth_tips2b_000194,0,aluminium_foil,aluminium_foil::b,b,1
kth_tips2b_000195,0,aluminium_foil,aluminium_foil::b,b,1
kth_tips2b_000196,0,aluminium_foil,aluminium_foil::b,b,1
kth_tips2b_000197,0,aluminium_foil,aluminium_foil::b,b,1
kth_tips2b_000198,0,aluminium_foil,aluminium_foil::b,b,1
kth_tips2b_000199,0,aluminium_foil,aluminium_foil::b,b,1
kth_tips2b_000200,0,aluminium_foil,aluminium_foil::b,b,1
kth_tips2b_000201,0,aluminium_foil,aluminium_foil::b,b,1
kth_tips2b_000202,0,aluminium_foil,aluminium_foil::b,b,1
kth_tips2b_000203,0,aluminium_foil,aluminium_foil::b,b,1
kth_tips2b_000204,0,aluminium_foil,aluminium_foil::b,b,1
kth_tips2b_000205,0,aluminium_foil,aluminium_foil::b,b,1
kth_tips2b_000206,0,aluminium_foil,aluminium_foil::b,b,1
kth_tips2b_000207,0,aluminium_foil,aluminium_foil::b,b,1
kth_tips2b_000208,0,aluminium_foil,aluminium_foil::b,b,1
kth_tips2b_000209,0,aluminium_foil,aluminium_foil::b,b,1
kth_tips2b_000210,0,aluminium_foil,aluminium_foil::b,b,1
kth_tips2b_000211,0,aluminium_foil,aluminium_foil::b,b,1
kth_tips2b_000212,0,aluminium_foil,aluminium_foil::b,b,1
kth_tips2b_000213,0,aluminium_foil,aluminium_foil::b,b,1
kth_tips2b_000214,0,aluminium_foil,aluminium_foil::b,b,1
kth_tips2b_000215,0,aluminium_foil,aluminium_foil::b,b,1
kth_tips2b_000216,0,aluminium_foil,aluminium_foil::c,c,2
kth_tips2b_000217,0,aluminium_foil,aluminium_foil::c,c,2
kth_tips2b_000218,0,aluminium_foil,aluminium_foil::c,c,2
kth_tips2b_000219,0,aluminium_foil,aluminium_foil::c,c,2
kth_tips2b_000220,0,aluminium_foil,aluminium_foil::c,c,2
kth_tips2b_000221,0,aluminium_foil,aluminium_foil::c,c,2
kth_tips2b_000222,0,aluminium_foil,aluminium_foil::c,c,2
kth_tips2b_000223,0,aluminium_foil,aluminium_foil::c,c,2
kth_tips2b_000224,0,aluminium_foil,aluminium_foil::c,c,2
kth_tips2b_000225,0,aluminium_foil,aluminium_foil::c,c,2
kth_tips2b_000226,0,aluminium_foil,aluminium_foil::c,c,2
kth_tips2b_000227,0,aluminium_foil,aluminium_foil::c,c,2
kth_tips2b_000228,0,aluminium_foil,aluminium_foil::c,c,2
kth_tips2b_000229,0,aluminium_foil,aluminium_foil::c,c,2
kth_tips2b_000230,0,aluminium_foil,aluminium_foil::c,c,2
kth_tips2b_000231,0,aluminium_foil,aluminium_foil::c,c,2
kth_tips2b_000232,0,aluminium_foil,aluminium_foil::c,c,2
kth_tips2b_000233,0,aluminium_foil,aluminium_foil::c,c,2
kth_tips2b_000234,0,aluminium_foil,aluminium_foil::c,c,2
kth_tips2b_000235,0,aluminium_foil,aluminium_foil::c,c,2
kth_tips2b_000236,0,aluminium_foil,aluminium_foil::c,c,2
kth_tips2b_000237,0,aluminium_foil,aluminium_foil::c,c,2
kth_tips2b_000238,0,aluminium_foil,aluminium_foil::c,c,2
kth_tips2b_000239,0,aluminium_foil,aluminium_foil::c,c,2
kth_tips2b_000240,0,aluminium_foil,aluminium_foil::c,c,2
kth_tips2b_000241,0,aluminium_foil,aluminium_foil::c,c,2
kth_tips2b_000242,0,aluminium_foil,aluminium_foil::c,c,2
kth_tips2b_000243,0,aluminium_foil,aluminium_foil::c,c,2
kth_tips2b_000244,0,aluminium_foil,aluminium_foil::c,c,2
kth_tips2b_000245,0,aluminium_foil,aluminium_foil::c,c,2
kth_tips2b_000246,0,aluminium_foil,aluminium_foil::c,c,2
kth_tips2b_000247,0,aluminium_foil,aluminium_foil::c,c,2
kth_tips2b_000248,0,aluminium_foil,aluminium_foil::c,c,2
kth_tips2b_000249,0,aluminium_foil,aluminium_foil::c,c,2
kth_tips2b_000250,0,aluminium_foil,aluminium_foil::c,c,2
kth_tips2b_000251,0,aluminium_foil,aluminium_foil::c,c,2
kth_tips2b_000252,0,aluminium_foil,aluminium_foil::c,c,2
kth_tips2b_000253,0,aluminium_foil,aluminium_foil::c,c,2
kth_tips2b_000254,0,aluminium_foil,aluminium_foil::c,c,2
kth_tips2b_000255,0,aluminium_foil,aluminium_foil::c,c,2
kth_tips2b_000256,0,aluminium_foil,aluminium_foil::c,c,2
kth_tips2b_000257,0,aluminium_foil,aluminium_foil::c,c,2
kth_tips2b_000258,0,aluminium_foil,aluminium_foil::c,c,2
kth_tips2b_000259,0,aluminium_foil,aluminium_foil::c,c,2
kth_tips2b_000260,0,aluminium_foil,aluminium_foil::c,c,2
kth_tips2b_000261,0,aluminium_foil,aluminium_foil::c,c,2
kth_tips2b_000262,0,aluminium_foil,aluminium_foil::c,c,2
kth_tips2b_000263,0,aluminium_foil,aluminium_foil::c,c,2
kth_tips2b_000264,0,aluminium_foil,aluminium_foil::c,c,2
kth_tips2b_000265,0,aluminium_foil,aluminium_foil::c,c,2
kth_tips2b_000266,0,aluminium_foil,aluminium_foil::c,c,2
kth_tips2b_000267,0,aluminium_foil,aluminium_foil::c,c,2
kth_tips2b_000268,0,aluminium_foil,aluminium_foil::c,c,2
kth_tips2b_000269,0,aluminium_foil,aluminium_foil::c,c,2
kth_tips2b_000270,0,aluminium_foil,aluminium_foil::c,c,2
kth_tips2b_000271,0,aluminium_foil,aluminium_foil::c,c,2
kth_tips2b_000272,0,aluminium_foil,aluminium_foil::c,c,2
kth_tips2b_000273,0,aluminium_foil,aluminium_foil::c,c,2
kth_tips2b_000274,0,aluminium_foil,aluminium_foil::c,c,2
kth_tips2b_000275,0,aluminium_foil,aluminium_foil::c,c,2
kth_tips2b_000276,0,aluminium_foil,aluminium_foil::c,c,2
kth_tips2b_000277,0,aluminium_foil,aluminium_foil::c,c,2
kth_tips2b_000278,0,aluminium_foil,aluminium_foil::c,c,2
kth_tips2b_000279,0,aluminium_foil,aluminium_foil::c,c,2
kth_tips2b_000280,0,aluminium_foil,aluminium_foil::c,c,2
kth_tips2b_000281,0,aluminium_foil,aluminium_foil::c,c,2
kth_tips2b_000282,0,aluminium_foil,aluminium_foil::c,c,2
kth_tips2b_000283,0,aluminium_foil,aluminium_foil::c,c,2
kth_tips2b_000284,0,aluminium_foil,aluminium_foil::c,c,2
kth_tips2b_000285,0,aluminium_foil,aluminium_foil::c,c,2
kth_tips2b_000286,0,aluminium_foil,aluminium_foil::c,c,2
kth_tips2b_000287,0,aluminium_foil,aluminium_foil::c,c,2
kth_tips2b_000288,0,aluminium_foil,aluminium_foil::c,c,2
kth_tips2b_000289,0,aluminium_foil,aluminium_foil::c,c,2
kth_tips2b_000290,0,aluminium_foil,aluminium_foil::c,c,2
kth_tips2b_000291,0,aluminium_foil,aluminium_foil::c,c,2
kth_tips2b_000292,0,aluminium_foil,aluminium_foil::c,c,2
kth_tips2b_000293,0,aluminium_foil,aluminium_foil::c,c,2
kth_tips2b_000294,0,aluminium_foil,aluminium_foil::c,c,2
kth_tips2b_000295,0,aluminium_foil,aluminium_foil::c,c,2
kth_tips2b_000296,0,aluminium_foil,aluminium_foil::c,c,2
kth_tips2b_000297,0,aluminium_foil,aluminium_foil::c,c,2
kth_tips2b_000298,0,aluminium_foil,aluminium_foil::c,c,2
kth_tips2b_000299,0,aluminium_foil,aluminium_foil::c,c,2
kth_tips2b_000300,0,aluminium_foil,aluminium_foil::c,c,2
kth_tips2b_000301,0,aluminium_foil,aluminium_foil::c,c,2
kth_tips2b_000302,0,aluminium_foil,aluminium_foil::c,c,2
kth_tips2b_000303,0,aluminium_foil,aluminium_foil::c,c,2
kth_tips2b_000304,0,aluminium_foil,aluminium_foil::c,c,2
kth_tips2b_000305,0,aluminium_foil,aluminium_foil::c,c,2
kth_tips2b_000306,0,aluminium_foil,aluminium_foil::c,c,2
kth_tips2b_000307,0,aluminium_foil,aluminium_foil::c,c,2
kth_tips2b_000308,0,aluminium_foil,aluminium_foil::c,c,2
kth_tips2b_000309,0,aluminium_foil,aluminium_foil::c,c,2
kth_tips2b_000310,0,aluminium_foil,aluminium_foil::c,c,2
kth_tips2b_000311,0,aluminium_foil,aluminium_foil::c,c,2
kth_tips2b_000312,0,aluminium_foil,aluminium_foil::c,c,2
kth_tips2b_000313,0,aluminium_foil,aluminium_foil::c,c,2
kth_tips2b_000314,0,aluminium_foil,aluminium_foil::c,c,2
kth_tips2b_000315,0,aluminium_foil,aluminium_foil::c,c,2
kth_tips2b_000316,0,aluminium_foil,aluminium_foil::c,c,2
kth_tips2b_000317,0,aluminium_foil,aluminium_foil::c,c,2
kth_tips2b_000318,0,aluminium_foil,aluminium_foil::c,c,2
kth_tips2b_000319,0,aluminium_foil,aluminium_foil::c,c,2
kth_tips2b_000320,0,aluminium_foil,aluminium_foil::c,c,2
kth_tips2b_000321,0,aluminium_foil,aluminium_foil::c,c,2
kth_tips2b_000322,0,aluminium_foil,aluminium_foil::c,c,2
kth_tips2b_000323,0,aluminium_foil,aluminium_foil::c,c,2
kth_tips2b_000324,0,aluminium_foil,aluminium_foil::d,d,3
kth_tips2b_000325,0,aluminium_foil,aluminium_foil::d,d,3
kth_tips2b_000326,0,aluminium_foil,aluminium_foil::d,d,3
kth_tips2b_000327,0,aluminium_foil,aluminium_foil::d,d,3
kth_tips2b_000328,0,aluminium_foil,aluminium_foil::d,d,3
kth_tips2b_000329,0,aluminium_foil,aluminium_foil::d,d,3
kth_tips2b_000330,0,aluminium_foil,aluminium_foil::d,d,3
kth_tips2b_000331,0,aluminium_foil,aluminium_foil::d,d,3
kth_tips2b_000332,0,aluminium_foil,aluminium_foil::d,d,3
kth_tips2b_000333,0,aluminium_foil,aluminium_foil::d,d,3
kth_tips2b_000334,0,aluminium_foil,aluminium_foil::d,d,3
kth_tips2b_000335,0,aluminium_foil,aluminium_foil::d,d,3
kth_tips2b_000336,0,aluminium_foil,aluminium_foil::d,d,3
kth_tips2b_000337,0,aluminium_foil,aluminium_foil::d,d,3
kth_tips2b_000338,0,aluminium_foil,aluminium_foil::d,d,3
kth_tips2b_000339,0,aluminium_foil,aluminium_foil::d,d,3
kth_tips2b_000340,0,aluminium_foil,aluminium_foil::d,d,3
kth_tips2b_000341,0,aluminium_foil,aluminium_foil::d,d,3
kth_tips2b_000342,0,aluminium_foil,aluminium_foil::d,d,3
kth_tips2b_000343,0,aluminium_foil,aluminium_foil::d,d,3
kth_tips2b_000344,0,aluminium_foil,aluminium_foil::d,d,3
kth_tips2b_000345,0,aluminium_foil,aluminium_foil::d,d,3
kth_tips2b_000346,0,aluminium_foil,aluminium_foil::d,d,3
kth_tips2b_000347,0,aluminium_foil,aluminium_foil::d,d,3
kth_tips2b_000348,0,aluminium_foil,aluminium_foil::d,d,3
kth_tips2b_000349,0,aluminium_foil,aluminium_foil::d,d,3
kth_tips2b_000350,0,aluminium_foil,aluminium_foil::d,d,3
kth_tips2b_000351,0,aluminium_foil,aluminium_foil::d,d,3
kth_tips2b_000352,0,aluminium_foil,aluminium_foil::d,d,3
kth_tips2b_000353,0,aluminium_foil,aluminium_foil::d,d,3
kth_tips2b_000354,0,aluminium_foil,aluminium_foil::d,d,3
kth_tips2b_000355,0,aluminium_foil,aluminium_foil::d,d,3
kth_tips2b_000356,0,aluminium_foil,aluminium_foil::d,d,3
kth_tips2b_000357,0,aluminium_foil,aluminium_foil::d,d,3
kth_tips2b_000358,0,aluminium_foil,aluminium_foil::d,d,3
kth_tips2b_000359,0,aluminium_foil,aluminium_foil::d,d,3
kth_tips2b_000360,0,aluminium_foil,aluminium_foil::d,d,3
kth_tips2b_000361,0,aluminium_foil,aluminium_foil::d,d,3
kth_tips2b_000362,0,aluminium_foil,aluminium_foil::d,d,3
kth_tips2b_000363,0,aluminium_foil,aluminium_foil::d,d,3
kth_tips2b_000364,0,aluminium_foil,aluminium_foil::d,d,3
kth_tips2b_000365,0,aluminium_foil,aluminium_foil::d,d,3
kth_tips2b_000366,0,aluminium_foil,aluminium_foil::d,d,3
kth_tips2b_000367,0,aluminium_foil,aluminium_foil::d,d,3
kth_tips2b_000368,0,aluminium_foil,aluminium_foil::d,d,3
kth_tips2b_000369,0,aluminium_foil,aluminium_foil::d,d,3
kth_tips2b_000370,0,aluminium_foil,aluminium_foil::d,d,3
kth_tips2b_000371,0,aluminium_foil,aluminium_foil::d,d,3
kth_tips2b_000372,0,aluminium_foil,aluminium_foil::d,d,3
kth_tips2b_000373,0,aluminium_foil,aluminium_foil::d,d,3
kth_tips2b_000374,0,aluminium_foil,aluminium_foil::d,d,3
kth_tips2b_000375,0,aluminium_foil,aluminium_foil::d,d,3
kth_tips2b_000376,0,aluminium_foil,aluminium_foil::d,d,3
kth_tips2b_000377,0,aluminium_foil,aluminium_foil::d,d,3
kth_tips2b_000378,0,aluminium_foil,aluminium_foil::d,d,3
kth_tips2b_000379,0,aluminium_foil,aluminium_foil::d,d,3
kth_tips2b_000380,0,aluminium_foil,aluminium_foil::d,d,3
kth_tips2b_000381,0,aluminium_foil,aluminium_foil::d,d,3
kth_tips2b_000382,0,aluminium_foil,aluminium_foil::d,d,3
kth_tips2b_000383,0,aluminium_foil,aluminium_foil::d,d,3
kth_tips2b_000384,0,aluminium_foil,aluminium_foil::d,d,3
kth_tips2b_000385,0,aluminium_foil,aluminium_foil::d,d,3
kth_tips2b_000386,0,aluminium_foil,aluminium_foil::d,d,3
kth_tips2b_000387,0,aluminium_foil,aluminium_foil::d,d,3
kth_tips2b_000388,0,aluminium_foil,aluminium_foil::d,d,3
kth_tips2b_000389,0,aluminium_foil,aluminium_foil::d,d,3
kth_tips2b_000390,0,aluminium_foil,aluminium_foil::d,d,3
kth_tips2b_000391,0,aluminium_foil,aluminium_foil::d,d,3
kth_tips2b_000392,0,aluminium_foil,aluminium_foil::d,d,3
kth_tips2b_000393,0,aluminium_foil,aluminium_foil::d,d,3
kth_tips2b_000394,0,aluminium_foil,aluminium_foil::d,d,3
kth_tips2b_000395,0,aluminium_foil,aluminium_foil::d,d,3
kth_tips2b_000396,0,aluminium_foil,aluminium_foil::d,d,3
kth_tips2b_000397,0,aluminium_foil,aluminium_foil::d,d,3
kth_tips2b_000398,0,aluminium_foil,aluminium_foil::d,d,3
kth_tips2b_000399,0,aluminium_foil,aluminium_foil::d,d,3
kth_tips2b_000400,0,aluminium_foil,aluminium_foil::d,d,3
kth_tips2b_000401,0,aluminium_foil,aluminium_foil::d,d,3
kth_tips2b_000402,0,aluminium_foil,aluminium_foil::d,d,3
kth_tips2b_000403,0,aluminium_foil,aluminium_foil::d,d,3
kth_tips2b_000404,0,aluminium_foil,aluminium_foil::d,d,3
kth_tips2b_000405,0,aluminium_foil,aluminium_foil::d,d,3
kth_tips2b_000406,0,aluminium_foil,aluminium_foil::d,d,3
kth_tips2b_000407,0,aluminium_foil,aluminium_foil::d,d,3
kth_tips2b_000408,0,aluminium_foil,aluminium_foil::d,d,3
kth_tips2b_000409,0,aluminium_foil,aluminium_foil::d,d,3
kth_tips2b_000410,0,aluminium_foil,aluminium_foil::d,d,3
kth_tips2b_000411,0,aluminium_foil,aluminium_foil::d,d,3
kth_tips2b_000412,0,aluminium_foil,aluminium_foil::d,d,3
kth_tips2b_000413,0,aluminium_foil,aluminium_foil::d,d,3
kth_tips2b_000414,0,aluminium_foil,aluminium_foil::d,d,3
kth_tips2b_000415,0,aluminium_foil,aluminium_foil::d,d,3
kth_tips2b_000416,0,aluminium_foil,aluminium_foil::d,d,3
kth_tips2b_000417,0,aluminium_foil,aluminium_foil::d,d,3
kth_tips2b_000418,0,aluminium_foil,aluminium_foil::d,d,3
kth_tips2b_000419,0,aluminium_foil,aluminium_foil::d,d,3
kth_tips2b_000420,0,aluminium_foil,aluminium_foil::d,d,3
kth_tips2b_000421,0,aluminium_foil,aluminium_foil::d,d,3
kth_tips2b_000422,0,aluminium_foil,aluminium_foil::d,d,3
kth_tips2b_000423,0,aluminium_foil,aluminium_foil::d,d,3
kth_tips2b_000424,0,aluminium_foil,aluminium_foil::d,d,3
kth_tips2b_000425,0,aluminium_foil,aluminium_foil::d,d,3
kth_tips2b_000426,0,aluminium_foil,aluminium_foil::d,d,3
kth_tips2b_000427,0,aluminium_foil,aluminium_foil::d,d,3
kth_tips2b_000428,0,aluminium_foil,aluminium_foil::d,d,3
kth_tips2b_000429,0,aluminium_foil,aluminium_foil::d,d,3
kth_tips2b_000430,0,aluminium_foil,aluminium_foil::d,d,3
kth_tips2b_000431,0,aluminium_foil,aluminium_foil::d,d,3
kth_tips2b_000432,1,brown_bread,brown_bread::a,a,0
kth_tips2b_000433,1,brown_bread,brown_bread::a,a,0
kth_tips2b_000434,1,brown_bread,brown_bread::a,a,0
kth_tips2b_000435,1,brown_bread,brown_bread::a,a,0
kth_tips2b_000436,1,brown_bread,brown_bread::a,a,0
kth_tips2b_000437,1,brown_bread,brown_bread::a,a,0
kth_tips2b_000438,1,brown_bread,brown_bread::a,a,0
kth_tips2b_000439,1,brown_bread,brown_bread::a,a,0
kth_tips2b_000440,1,brown_bread,brown_bread::a,a,0
kth_tips2b_000441,1,brown_bread,brown_bread::a,a,0
kth_tips2b_000442,1,brown_bread,brown_bread::a,a,0
kth_tips2b_000443,1,brown_bread,brown_bread::a,a,0
kth_tips2b_000444,1,brown_bread,brown_bread::a,a,0
kth_tips2b_000445,1,brown_bread,brown_bread::a,a,0
kth_tips2b_000446,1,brown_bread,brown_bread::a,a,0
kth_tips2b_000447,1,brown_bread,brown_bread::a,a,0
kth_tips2b_000448,1,brown_bread,brown_bread::a,a,0
kth_tips2b_000449,1,brown_bread,brown_bread::a,a,0
kth_tips2b_000450,1,brown_bread,brown_bread::a,a,0
kth_tips2b_000451,1,brown_bread,brown_bread::a,a,0
kth_tips2b_000452,1,brown_bread,brown_bread::a,a,0
kth_tips2b_000453,1,brown_bread,brown_bread::a,a,0
kth_tips2b_000454,1,brown_bread,brown_bread::a,a,0
kth_tips2b_000455,1,brown_bread,brown_bread::a,a,0
kth_tips2b_000456,1,brown_bread,brown_bread::a,a,0
kth_tips2b_000457,1,brown_bread,brown_bread::a,a,0
kth_tips2b_000458,1,brown_bread,brown_bread::a,a,0
kth_tips2b_000459,1,brown_bread,brown_bread::a,a,0
kth_tips2b_000460,1,brown_bread,brown_bread::a,a,0
kth_tips2b_000461,1,brown_bread,brown_bread::a,a,0
kth_tips2b_000462,1,brown_bread,brown_bread::a,a,0
kth_tips2b_000463,1,brown_bread,brown_bread::a,a,0
kth_tips2b_000464,1,brown_bread,brown_bread::a,a,0
kth_tips2b_000465,1,brown_bread,brown_bread::a,a,0
kth_tips2b_000466,1,brown_bread,brown_bread::a,a,0
kth_tips2b_000467,1,brown_bread,brown_bread::a,a,0
kth_tips2b_000468,1,brown_bread,brown_bread::a,a,0
kth_tips2b_000469,1,brown_bread,brown_bread::a,a,0
kth_tips2b_000470,1,brown_bread,brown_bread::a,a,0
kth_tips2b_000471,1,brown_bread,brown_bread::a,a,0
kth_tips2b_000472,1,brown_bread,brown_bread::a,a,0
kth_tips2b_000473,1,brown_bread,brown_bread::a,a,0
kth_tips2b_000474,1,brown_bread,brown_bread::a,a,0
kth_tips2b_000475,1,brown_bread,brown_bread::a,a,0
kth_tips2b_000476,1,brown_bread,brown_bread::a,a,0
kth_tips2b_000477,1,brown_bread,brown_bread::a,a,0
kth_tips2b_000478,1,brown_bread,brown_bread::a,a,0
kth_tips2b_000479,1,brown_bread,brown_bread::a,a,0
kth_tips2b_000480,1,brown_bread,brown_bread::a,a,0
kth_tips2b_000481,1,brown_bread,brown_bread::a,a,0
kth_tips2b_000482,1,brown_bread,brown_bread::a,a,0
kth_tips2b_000483,1,brown_bread,brown_bread::a,a,0
kth_tips2b_000484,1,brown_bread,brown_bread::a,a,0
kth_tips2b_000485,1,brown_bread,brown_bread::a,a,0
kth_tips2b_000486,1,brown_bread,brown_bread::a,a,0
kth_tips2b_000487,1,brown_bread,brown_bread::a,a,0
kth_tips2b_000488,1,brown_bread,brown_bread::a,a,0
kth_tips2b_000489,1,brown_bread,brown_bread::a,a,0
kth_tips2b_000490,1,brown_bread,brown_bread::a,a,0
kth_tips2b_000491,1,brown_bread,brown_bread::a,a,0
kth_tips2b_000492,1,brown_bread,brown_bread::a,a,0
kth_tips2b_000493,1,brown_bread,brown_bread::a,a,0
kth_tips2b_000494,1,brown_bread,brown_bread::a,a,0
kth_tips2b_000495,1,brown_bread,brown_bread::a,a,0
kth_tips2b_000496,1,brown_bread,brown_bread::a,a,0
kth_tips2b_000497,1,brown_bread,brown_bread::a,a,0
kth_tips2b_000498,1,brown_bread,brown_bread::a,a,0
kth_tips2b_000499,1,brown_bread,brown_bread::a,a,0
kth_tips2b_000500,1,brown_bread,brown_bread::a,a,0
kth_tips2b_000501,1,brown_bread,brown_bread::a,a,0
kth_tips2b_000502,1,brown_bread,brown_bread::a,a,0
kth_tips2b_000503,1,brown_bread,brown_bread::a,a,0
kth_tips2b_000504,1,brown_bread,brown_bread::a,a,0
kth_tips2b_000505,1,brown_bread,brown_bread::a,a,0
kth_tips2b_000506,1,brown_bread,brown_bread::a,a,0
kth_tips2b_000507,1,brown_bread,brown_bread::a,a,0
kth_tips2b_000508,1,brown_bread,brown_bread::a,a,0
kth_tips2b_000509,1,brown_bread,brown_bread::a,a,0
kth_tips2b_000510,1,brown_bread,brown_bread::a,a,0
kth_tips2b_000511,1,brown_bread,brown_bread::a,a,0
kth_tips2b_000512,1,brown_bread,brown_bread::a,a,0
kth_tips2b_000513,1,brown_bread,brown_bread::a,a,0
kth_tips2b_000514,1,brown_bread,brown_bread::a,a,0
kth_tips2b_000515,1,brown_bread,brown_bread::a,a,0
kth_tips2b_000516,1,brown_bread,brown_bread::a,a,0
kth_tips2b_000517,1,brown_bread,brown_bread::a,a,0
kth_tips2b_000518,1,brown_bread,brown_bread::a,a,0
kth_tips2b_000519,1,brown_bread,brown_bread::a,a,0
kth_tips2b_000520,1,brown_bread,brown_bread::a,a,0
kth_tips2b_000521,1,brown_bread,brown_bread::a,a,0
kth_tips2b_000522,1,brown_bread,brown_bread::a,a,0
kth_tips2b_000523,1,brown_bread,brown_bread::a,a,0
kth_tips2b_000524,1,brown_bread,brown_bread::a,a,0
kth_tips2b_000525,1,brown_bread,brown_bread::a,a,0
kth_tips2b_000526,1,brown_bread,brown_bread::a,a,0
kth_tips2b_000527,1,brown_bread,brown_bread::a,a,0
kth_tips2b_000528,1,brown_bread,brown_bread::a,a,0
kth_tips2b_000529,1,brown_bread,brown_bread::a,a,0
kth_tips2b_000530,1,brown_bread,brown_bread::a,a,0
kth_tips2b_000531,1,brown_bread,brown_bread::a,a,0
kth_tips2b_000532,1,brown_bread,brown_bread::a,a,0
kth_tips2b_000533,1,brown_bread,brown_bread::a,a,0
kth_tips2b_000534,1,brown_bread,brown_bread::a,a,0
kth_tips2b_000535,1,brown_bread,brown_bread::a,a,0
kth_tips2b_000536,1,brown_bread,brown_bread::a,a,0
kth_tips2b_000537,1,brown_bread,brown_bread::a,a,0
kth_tips2b_000538,1,brown_bread,brown_bread::a,a,0
kth_tips2b_000539,1,brown_bread,brown_bread::a,a,0
kth_tips2b_000540,1,brown_bread,brown_bread::b,b,1
kth_tips2b_000541,1,brown_bread,brown_bread::b,b,1
kth_tips2b_000542,1,brown_bread,brown_bread::b,b,1
kth_tips2b_000543,1,brown_bread,brown_bread::b,b,1
kth_tips2b_000544,1,brown_bread,brown_bread::b,b,1
kth_tips2b_000545,1,brown_bread,brown_bread::b,b,1
kth_tips2b_000546,1,brown_bread,brown_bread::b,b,1
kth_tips2b_000547,1,brown_bread,brown_bread::b,b,1
kth_tips2b_000548,1,brown_bread,brown_bread::b,b,1
kth_tips2b_000549,1,brown_bread,brown_bread::b,b,1
kth_tips2b_000550,1,brown_bread,brown_bread::b,b,1
kth_tips2b_000551,1,brown_bread,brown_bread::b,b,1
kth_tips2b_000552,1,brown_bread,brown_bread::b,b,1
kth_tips2b_000553,1,brown_bread,brown_bread::b,b,1
kth_tips2b_000554,1,brown_bread,brown_bread::b,b,1
kth_tips2b_000555,1,brown_bread,brown_bread::b,b,1
kth_tips2b_000556,1,brown_bread,brown_bread::b,b,1
kth_tips2b_000557,1,brown_bread,brown_bread::b,b,1
kth_tips2b_000558,1,brown_bread,brown_bread::b,b,1
kth_tips2b_000559,1,brown_bread,brown_bread::b,b,1
kth_tips2b_000560,1,brown_bread,brown_bread::b,b,1
kth_tips2b_000561,1,brown_bread,brown_bread::b,b,1
kth_tips2b_000562,1,brown_bread,brown_bread::b,b,1
kth_tips2b_000563,1,brown_bread,brown_bread::b,b,1
kth_tips2b_000564,1,brown_bread,brown_bread::b,b,1
kth_tips2b_000565,1,brown_bread,brown_bread::b,b,1
kth_tips2b_000566,1,brown_bread,brown_bread::b,b,1
kth_tips2b_000567,1,brown_bread,brown_bread::b,b,1
kth_tips2b_000568,1,brown_bread,brown_bread::b,b,1
kth_tips2b_000569,1,brown_bread,brown_bread::b,b,1
kth_tips2b_000570,1,brown_bread,brown_bread::b,b,1
kth_tips2b_000571,1,brown_bread,brown_bread::b,b,1
kth_tips2b_000572,1,brown_bread,brown_bread::b,b,1
kth_tips2b_000573,1,brown_bread,brown_bread::b,b,1
kth_tips2b_000574,1,brown_bread,brown_bread::b,b,1
kth_tips2b_000575,1,brown_bread,brown_bread::b,b,1
kth_tips2b_000576,1,brown_bread,brown_bread::b,b,1
kth_tips2b_000577,1,brown_bread,brown_bread::b,b,1
kth_tips2b_000578,1,brown_bread,brown_bread::b,b,1
kth_tips2b_000579,1,brown_bread,brown_bread::b,b,1
kth_tips2b_000580,1,brown_bread,brown_bread::b,b,1
kth_tips2b_000581,1,brown_bread,brown_bread::b,b,1
kth_tips2b_000582,1,brown_bread,brown_bread::b,b,1
kth_tips2b_000583,1,brown_bread,brown_bread::b,b,1
kth_tips2b_000584,1,brown_bread,brown_bread::b,b,1
kth_tips2b_000585,1,brown_bread,brown_bread::b,b,1
kth_tips2b_000586,1,brown_bread,brown_bread::b,b,1
kth_tips2b_000587,1,brown_bread,brown_bread::b,b,1
kth_tips2b_000588,1,brown_bread,brown_bread::b,b,1
kth_tips2b_000589,1,brown_bread,brown_bread::b,b,1
kth_tips2b_000590,1,brown_bread,brown_bread::b,b,1
kth_tips2b_000591,1,brown_bread,brown_bread::b,b,1
kth_tips2b_000592,1,brown_bread,brown_bread::b,b,1
kth_tips2b_000593,1,brown_bread,brown_bread::b,b,1
kth_tips2b_000594,1,brown_bread,brown_bread::b,b,1
kth_tips2b_000595,1,brown_bread,brown_bread::b,b,1
kth_tips2b_000596,1,brown_bread,brown_bread::b,b,1
kth_tips2b_000597,1,brown_bread,brown_bread::b,b,1
kth_tips2b_000598,1,brown_bread,brown_bread::b,b,1
kth_tips2b_000599,1,brown_bread,brown_bread::b,b,1
kth_tips2b_000600,1,brown_bread,brown_bread::b,b,1
kth_tips2b_000601,1,brown_bread,brown_bread::b,b,1
kth_tips2b_000602,1,brown_bread,brown_bread::b,b,1
kth_tips2b_000603,1,brown_bread,brown_bread::b,b,1
kth_tips2b_000604,1,brown_bread,brown_bread::b,b,1
kth_tips2b_000605,1,brown_bread,brown_bread::b,b,1
kth_tips2b_000606,1,brown_bread,brown_bread::b,b,1
kth_tips2b_000607,1,brown_bread,brown_bread::b,b,1
kth_tips2b_000608,1,brown_bread,brown_bread::b,b,1
kth_tips2b_000609,1,brown_bread,brown_bread::b,b,1
kth_tips2b_000610,1,brown_bread,brown_bread::b,b,1
kth_tips2b_000611,1,brown_bread,brown_bread::b,b,1
kth_tips2b_000612,1,brown_bread,brown_bread::b,b,1
kth_tips2b_000613,1,brown_bread,brown_bread::b,b,1
kth_tips2b_000614,1,brown_bread,brown_bread::b,b,1
kth_tips2b_000615,1,brown_bread,brown_bread::b,b,1
kth_tips2b_000616,1,brown_bread,brown_bread::b,b,1
kth_tips2b_000617,1,brown_bread,brown_bread::b,b,1
kth_tips2b_000618,1,brown_bread,brown_bread::b,b,1
kth_tips2b_000619,1,brown_bread,brown_bread::b,b,1
kth_tips2b_000620,1,brown_bread,brown_bread::b,b,1
kth_tips2b_000621,1,brown_bread,brown_bread::b,b,1
kth_tips2b_000622,1,brown_bread,brown_bread::b,b,1
kth_tips2b_000623,1,brown_bread,brown_bread::b,b,1
kth_tips2b_000624,1,brown_bread,brown_bread::b,b,1
kth_tips2b_000625,1,brown_bread,brown_bread::b,b,1
kth_tips2b_000626,1,brown_bread,brown_bread::b,b,1
kth_tips2b_000627,1,brown_bread,brown_bread::b,b,1
kth_tips2b_000628,1,brown_bread,brown_bread::b,b,1
kth_tips2b_000629,1,brown_bread,brown_bread::b,b,1
kth_tips2b_000630,1,brown_bread,brown_bread::b,b,1
kth_tips2b_000631,1,brown_bread,brown_bread::b,b,1
kth_tips2b_000632,1,brown_bread,brown_bread::b,b,1
kth_tips2b_000633,1,brown_bread,brown_bread::b,b,1
kth_tips2b_000634,1,brown_bread,brown_bread::b,b,1
kth_tips2b_000635,1,brown_bread,brown_bread::b,b,1
kth_tips2b_000636,1,brown_bread,brown_bread::b,b,1
kth_tips2b_000637,1,brown_bread,brown_bread::b,b,1
kth_tips2b_000638,1,brown_bread,brown_bread::b,b,1
kth_tips2b_000639,1,brown_bread,brown_bread::b,b,1
kth_tips2b_000640,1,brown_bread,brown_bread::b,b,1
kth_tips2b_000641,1,brown_bread,brown_bread::b,b,1
kth_tips2b_000642,1,brown_bread,brown_bread::b,b,1
kth_tips2b_000643,1,brown_bread,brown_bread::b,b,1
kth_tips2b_000644,1,brown_bread,brown_bread::b,b,1
kth_tips2b_000645,1,brown_bread,brown_bread::b,b,1
kth_tips2b_000646,1,brown_bread,brown_bread::b,b,1
kth_tips2b_000647,1,brown_bread,brown_bread::b,b,1
kth_tips2b_000648,1,brown_bread,brown_bread::c,c,2
kth_tips2b_000649,1,brown_bread,brown_bread::c,c,2
kth_tips2b_000650,1,brown_bread,brown_bread::c,c,2
kth_tips2b_000651,1,brown_bread,brown_bread::c,c,2
kth_tips2b_000652,1,brown_bread,brown_bread::c,c,2
kth_tips2b_000653,1,brown_bread,brown_bread::c,c,2
kth_tips2b_000654,1,brown_bread,brown_bread::c,c,2
kth_tips2b_000655,1,brown_bread,brown_bread::c,c,2
kth_tips2b_000656,1,brown_bread,brown_bread::c,c,2
kth_tips2b_000657,1,brown_bread,brown_bread::c,c,2
kth_tips2b_000658,1,brown_bread,brown_bread::c,c,2
kth_tips2b_000659,1,brown_bread,brown_bread::c,c,2
kth_tips2b_000660,1,brown_bread,brown_bread::c,c,2
kth_tips2b_000661,1,brown_bread,brown_bread::c,c,2
kth_tips2b_000662,1,brown_bread,brown_bread::c,c,2
kth_tips2b_000663,1,brown_bread,brown_bread::c,c,2
kth_tips2b_000664,1,brown_bread,brown_bread::c,c,2
kth_tips2b_000665,1,brown_bread,brown_bread::c,c,2
kth_tips2b_000666,1,brown_bread,brown_bread::c,c,2
kth_tips2b_000667,1,brown_bread,brown_bread::c,c,2
kth_tips2b_000668,1,brown_bread,brown_bread::c,c,2
kth_tips2b_000669,1,brown_bread,brown_bread::c,c,2
kth_tips2b_000670,1,brown_bread,brown_bread::c,c,2
kth_tips2b_000671,1,brown_bread,brown_bread::c,c,2
kth_tips2b_000672,1,brown_bread,brown_bread::c,c,2
kth_tips2b_000673,1,brown_bread,brown_bread::c,c,2
kth_tips2b_000674,1,brown_bread,brown_bread::c,c,2
kth_tips2b_000675,1,brown_bread,brown_bread::c,c,2
kth_tips2b_000676,1,brown_bread,brown_bread::c,c,2
kth_tips2b_000677,1,brown_bread,brown_bread::c,c,2
kth_tips2b_000678,1,brown_bread,brown_bread::c,c,2
kth_tips2b_000679,1,brown_bread,brown_bread::c,c,2
kth_tips2b_000680,1,brown_bread,brown_bread::c,c,2
kth_tips2b_000681,1,brown_bread,brown_bread::c,c,2
kth_tips2b_000682,1,brown_bread,brown_bread::c,c,2
kth_tips2b_000683,1,brown_bread,brown_bread::c,c,2
kth_tips2b_000684,1,brown_bread,brown_bread::c,c,2
kth_tips2b_000685,1,brown_bread,brown_bread::c,c,2
kth_tips2b_000686,1,brown_bread,brown_bread::c,c,2
kth_tips2b_000687,1,brown_bread,brown_bread::c,c,2
kth_tips2b_000688,1,brown_bread,brown_bread::c,c,2
kth_tips2b_000689,1,brown_bread,brown_bread::c,c,2
kth_tips2b_000690,1,brown_bread,brown_bread::c,c,2
kth_tips2b_000691,1,brown_bread,brown_bread::c,c,2
kth_tips2b_000692,1,brown_bread,brown_bread::c,c,2
kth_tips2b_000693,1,brown_bread,brown_bread::c,c,2
kth_tips2b_000694,1,brown_bread,brown_bread::c,c,2
kth_tips2b_000695,1,brown_bread,brown_bread::c,c,2
kth_tips2b_000696,1,brown_bread,brown_bread::c,c,2
kth_tips2b_000697,1,brown_bread,brown_bread::c,c,2
kth_tips2b_000698,1,brown_bread,brown_bread::c,c,2
kth_tips2b_000699,1,brown_bread,brown_bread::c,c,2
kth_tips2b_000700,1,brown_bread,brown_bread::c,c,2
kth_tips2b_000701,1,brown_bread,brown_bread::c,c,2
kth_tips2b_000702,1,brown_bread,brown_bread::c,c,2
kth_tips2b_000703,1,brown_bread,brown_bread::c,c,2
kth_tips2b_000704,1,brown_bread,brown_bread::c,c,2
kth_tips2b_000705,1,brown_bread,brown_bread::c,c,2
kth_tips2b_000706,1,brown_bread,brown_bread::c,c,2
kth_tips2b_000707,1,brown_bread,brown_bread::c,c,2
kth_tips2b_000708,1,brown_bread,brown_bread::c,c,2
kth_tips2b_000709,1,brown_bread,brown_bread::c,c,2
kth_tips2b_000710,1,brown_bread,brown_bread::c,c,2
kth_tips2b_000711,1,brown_bread,brown_bread::c,c,2
kth_tips2b_000712,1,brown_bread,brown_bread::c,c,2
kth_tips2b_000713,1,brown_bread,brown_bread::c,c,2
kth_tips2b_000714,1,brown_bread,brown_bread::c,c,2
kth_tips2b_000715,1,brown_bread,brown_bread::c,c,2
kth_tips2b_000716,1,brown_bread,brown_bread::c,c,2
kth_tips2b_000717,1,brown_bread,brown_bread::c,c,2
kth_tips2b_000718,1,brown_bread,brown_bread::c,c,2
kth_tips2b_000719,1,brown_bread,brown_bread::c,c,2
kth_tips2b_000720,1,brown_bread,brown_bread::c,c,2
kth_tips2b_000721,1,brown_bread,brown_bread::c,c,2
kth_tips2b_000722,1,brown_bread,brown_bread::c,c,2
kth_tips2b_000723,1,brown_bread,brown_bread::c,c,2
kth_tips2b_000724,1,brown_bread,brown_bread::c,c,2
kth_tips2b_000725,1,brown_bread,brown_bread::c,c,2
kth_tips2b_000726,1,brown_bread,brown_bread::c,c,2
kth_tips2b_000727,1,brown_bread,brown_bread::c,c,2
kth_tips2b_000728,1,brown_bread,brown_bread::c,c,2
kth_tips2b_000729,1,brown_bread,brown_bread::c,c,2
kth_tips2b_000730,1,brown_bread,brown_bread::c,c,2
kth_tips2b_000731,1,brown_bread,brown_bread::c,c,2
kth_tips2b_000732,1,brown_bread,brown_bread::c,c,2
kth_tips2b_000733,1,brown_bread,brown_bread::c,c,2
kth_tips2b_000734,1,brown_bread,brown_bread::c,c,2
kth_tips2b_000735,1,brown_bread,brown_bread::c,c,2
kth_tips2b_000736,1,brown_bread,brown_bread::c,c,2
kth_tips2b_000737,1,brown_bread,brown_bread::c,c,2
kth_tips2b_000738,1,brown_bread,brown_bread::c,c,2
kth_tips2b_000739,1,brown_bread,brown_bread::c,c,2
kth_tips2b_000740,1,brown_bread,brown_bread::c,c,2
kth_tips2b_000741,1,brown_bread,brown_bread::c,c,2
kth_tips2b_000742,1,brown_bread,brown_bread::c,c,2
kth_tips2b_000743,1,brown_bread,brown_bread::c,c,2
kth_tips2b_000744,1,brown_bread,brown_bread::c,c,2
kth_tips2b_000745,1,brown_bread,brown_bread::c,c,2
kth_tips2b_000746,1,brown_bread,brown_bread::c,c,2
kth_tips2b_000747,1,brown_bread,brown_bread::c,c,2
kth_tips2b_000748,1,brown_bread,brown_bread::c,c,2
kth_tips2b_000749,1,brown_bread,brown_bread::c,c,2
kth_tips2b_000750,1,brown_bread,brown_bread::c,c,2
kth_tips2b_000751,1,brown_bread,brown_bread::c,c,2
kth_tips2b_000752,1,brown_bread,brown_bread::c,c,2
kth_tips2b_000753,1,brown_bread,brown_bread::c,c,2
kth_tips2b_000754,1,brown_bread,brown_bread::c,c,2
kth_tips2b_000755,1,brown_bread,brown_bread::c,c,2
kth_tips2b_000756,1,brown_bread,brown_bread::d,d,3
kth_tips2b_000757,1,brown_bread,brown_bread::d,d,3
kth_tips2b_000758,1,brown_bread,brown_bread::d,d,3
kth_tips2b_000759,1,brown_bread,brown_bread::d,d,3
kth_tips2b_000760,1,brown_bread,brown_bread::d,d,3
kth_tips2b_000761,1,brown_bread,brown_bread::d,d,3
kth_tips2b_000762,1,brown_bread,brown_bread::d,d,3
kth_tips2b_000763,1,brown_bread,brown_bread::d,d,3
kth_tips2b_000764,1,brown_bread,brown_bread::d,d,3
kth_tips2b_000765,1,brown_bread,brown_bread::d,d,3
kth_tips2b_000766,1,brown_bread,brown_bread::d,d,3
kth_tips2b_000767,1,brown_bread,brown_bread::d,d,3
kth_tips2b_000768,1,brown_bread,brown_bread::d,d,3
kth_tips2b_000769,1,brown_bread,brown_bread::d,d,3
kth_tips2b_000770,1,brown_bread,brown_bread::d,d,3
kth_tips2b_000771,1,brown_bread,brown_bread::d,d,3
kth_tips2b_000772,1,brown_bread,brown_bread::d,d,3
kth_tips2b_000773,1,brown_bread,brown_bread::d,d,3
kth_tips2b_000774,1,brown_bread,brown_bread::d,d,3
kth_tips2b_000775,1,brown_bread,brown_bread::d,d,3
kth_tips2b_000776,1,brown_bread,brown_bread::d,d,3
kth_tips2b_000777,1,brown_bread,brown_bread::d,d,3
kth_tips2b_000778,1,brown_bread,brown_bread::d,d,3
kth_tips2b_000779,1,brown_bread,brown_bread::d,d,3
kth_tips2b_000780,1,brown_bread,brown_bread::d,d,3
kth_tips2b_000781,1,brown_bread,brown_bread::d,d,3
kth_tips2b_000782,1,brown_bread,brown_bread::d,d,3
kth_tips2b_000783,1,brown_bread,brown_bread::d,d,3
kth_tips2b_000784,1,brown_bread,brown_bread::d,d,3
kth_tips2b_000785,1,brown_bread,brown_bread::d,d,3
kth_tips2b_000786,1,brown_bread,brown_bread::d,d,3
kth_tips2b_000787,1,brown_bread,brown_bread::d,d,3
kth_tips2b_000788,1,brown_bread,brown_bread::d,d,3
kth_tips2b_000789,1,brown_bread,brown_bread::d,d,3
kth_tips2b_000790,1,brown_bread,brown_bread::d,d,3
kth_tips2b_000791,1,brown_bread,brown_bread::d,d,3
kth_tips2b_000792,1,brown_bread,brown_bread::d,d,3
kth_tips2b_000793,1,brown_bread,brown_bread::d,d,3
kth_tips2b_000794,1,brown_bread,brown_bread::d,d,3
kth_tips2b_000795,1,brown_bread,brown_bread::d,d,3
kth_tips2b_000796,1,brown_bread,brown_bread::d,d,3
kth_tips2b_000797,1,brown_bread,brown_bread::d,d,3
kth_tips2b_000798,1,brown_bread,brown_bread::d,d,3
kth_tips2b_000799,1,brown_bread,brown_bread::d,d,3
kth_tips2b_000800,1,brown_bread,brown_bread::d,d,3
kth_tips2b_000801,1,brown_bread,brown_bread::d,d,3
kth_tips2b_000802,1,brown_bread,brown_bread::d,d,3
kth_tips2b_000803,1,brown_bread,brown_bread::d,d,3
kth_tips2b_000804,1,brown_bread,brown_bread::d,d,3
kth_tips2b_000805,1,brown_bread,brown_bread::d,d,3
kth_tips2b_000806,1,brown_bread,brown_bread::d,d,3
kth_tips2b_000807,1,brown_bread,brown_bread::d,d,3
kth_tips2b_000808,1,brown_bread,brown_bread::d,d,3
kth_tips2b_000809,1,brown_bread,brown_bread::d,d,3
kth_tips2b_000810,1,brown_bread,brown_bread::d,d,3
kth_tips2b_000811,1,brown_bread,brown_bread::d,d,3
kth_tips2b_000812,1,brown_bread,brown_bread::d,d,3
kth_tips2b_000813,1,brown_bread,brown_bread::d,d,3
kth_tips2b_000814,1,brown_bread,brown_bread::d,d,3
kth_tips2b_000815,1,brown_bread,brown_bread::d,d,3
kth_tips2b_000816,1,brown_bread,brown_bread::d,d,3
kth_tips2b_000817,1,brown_bread,brown_bread::d,d,3
kth_tips2b_000818,1,brown_bread,brown_bread::d,d,3
kth_tips2b_000819,1,brown_bread,brown_bread::d,d,3
kth_tips2b_000820,1,brown_bread,brown_bread::d,d,3
kth_tips2b_000821,1,brown_bread,brown_bread::d,d,3
kth_tips2b_000822,1,brown_bread,brown_bread::d,d,3
kth_tips2b_000823,1,brown_bread,brown_bread::d,d,3
kth_tips2b_000824,1,brown_bread,brown_bread::d,d,3
kth_tips2b_000825,1,brown_bread,brown_bread::d,d,3
kth_tips2b_000826,1,brown_bread,brown_bread::d,d,3
kth_tips2b_000827,1,brown_bread,brown_bread::d,d,3
kth_tips2b_000828,1,brown_bread,brown_bread::d,d,3
kth_tips2b_000829,1,brown_bread,brown_bread::d,d,3
kth_tips2b_000830,1,brown_bread,brown_bread::d,d,3
kth_tips2b_000831,1,brown_bread,brown_bread::d,d,3
kth_tips2b_000832,1,brown_bread,brown_bread::d,d,3
kth_tips2b_000833,1,brown_bread,brown_bread::d,d,3
kth_tips2b_000834,1,brown_bread,brown_bread::d,d,3
kth_tips2b_000835,1,brown_bread,brown_bread::d,d,3
kth_tips2b_000836,1,brown_bread,brown_bread::d,d,3
kth_tips2b_000837,1,brown_bread,brown_bread::d,d,3
kth_tips2b_000838,1,brown_bread,brown_bread::d,d,3
kth_tips2b_000839,1,brown_bread,brown_bread::d,d,3
kth_tips2b_000840,1,brown_bread,brown_bread::d,d,3
kth_tips2b_000841,1,brown_bread,brown_bread::d,d,3
kth_tips2b_000842,1,brown_bread,brown_bread::d,d,3
kth_tips2b_000843,1,brown_bread,brown_bread::d,d,3
kth_tips2b_000844,1,brown_bread,brown_bread::d,d,3
kth_tips2b_000845,1,brown_bread,brown_bread::d,d,3
kth_tips2b_000846,1,brown_bread,brown_bread::d,d,3
kth_tips2b_000847,1,brown_bread,brown_bread::d,d,3
kth_tips2b_000848,1,brown_bread,brown_bread::d,d,3
kth_tips2b_000849,1,brown_bread,brown_bread::d,d,3
kth_tips2b_000850,1,brown_bread,brown_bread::d,d,3
kth_tips2b_000851,1,brown_bread,brown_bread::d,d,3
kth_tips2b_000852,1,brown_bread,brown_bread::d,d,3
kth_tips2b_000853,1,brown_bread,brown_bread::d,d,3
kth_tips2b_000854,1,brown_bread,brown_bread::d,d,3
kth_tips2b_000855,1,brown_bread,brown_bread::d,d,3
kth_tips2b_000856,1,brown_bread,brown_bread::d,d,3
kth_tips2b_000857,1,brown_bread,brown_bread::d,d,3
kth_tips2b_000858,1,brown_bread,brown_bread::d,d,3
kth_tips2b_000859,1,brown_bread,brown_bread::d,d,3
kth_tips2b_000860,1,brown_bread,brown_bread::d,d,3
kth_tips2b_000861,1,brown_bread,brown_bread::d,d,3
kth_tips2b_000862,1,brown_bread,brown_bread::d,d,3
kth_tips2b_000863,1,brown_bread,brown_bread::d,d,3
kth_tips2b_000864,2,corduroy,corduroy::a,a,0
kth_tips2b_000865,2,corduroy,corduroy::a,a,0
kth_tips2b_000866,2,corduroy,corduroy::a,a,0
kth_tips2b_000867,2,corduroy,corduroy::a,a,0
kth_tips2b_000868,2,corduroy,corduroy::a,a,0
kth_tips2b_000869,2,corduroy,corduroy::a,a,0
kth_tips2b_000870,2,corduroy,corduroy::a,a,0
kth_tips2b_000871,2,corduroy,corduroy::a,a,0
kth_tips2b_000872,2,corduroy,corduroy::a,a,0
kth_tips2b_000873,2,corduroy,corduroy::a,a,0
kth_tips2b_000874,2,corduroy,corduroy::a,a,0
kth_tips2b_000875,2,corduroy,corduroy::a,a,0
kth_tips2b_000876,2,corduroy,corduroy::a,a,0
kth_tips2b_000877,2,corduroy,corduroy::a,a,0
kth_tips2b_000878,2,corduroy,corduroy::a,a,0
kth_tips2b_000879,2,corduroy,corduroy::a,a,0
kth_tips2b_000880,2,corduroy,corduroy::a,a,0
kth_tips2b_000881,2,corduroy,corduroy::a,a,0
kth_tips2b_000882,2,corduroy,corduroy::a,a,0
kth_tips2b_000883,2,corduroy,corduroy::a,a,0
kth_tips2b_000884,2,corduroy,corduroy::a,a,0
kth_tips2b_000885,2,corduroy,corduroy::a,a,0
kth_tips2b_000886,2,corduroy,corduroy::a,a,0
kth_tips2b_000887,2,corduroy,corduroy::a,a,0
kth_tips2b_000888,2,corduroy,corduroy::a,a,0
kth_tips2b_000889,2,corduroy,corduroy::a,a,0
kth_tips2b_000890,2,corduroy,corduroy::a,a,0
kth_tips2b_000891,2,corduroy,corduroy::a,a,0
kth_tips2b_000892,2,corduroy,corduroy::a,a,0
kth_tips2b_000893,2,corduroy,corduroy::a,a,0
kth_tips2b_000894,2,corduroy,corduroy::a,a,0
kth_tips2b_000895,2,corduroy,corduroy::a,a,0
kth_tips2b_000896,2,corduroy,corduroy::a,a,0
kth_tips2b_000897,2,corduroy,corduroy::a,a,0
kth_tips2b_000898,2,corduroy,corduroy::a,a,0
kth_tips2b_000899,2,corduroy,corduroy::a,a,0
kth_tips2b_000900,2,corduroy,corduroy::a,a,0
kth_tips2b_000901,2,corduroy,corduroy::a,a,0
kth_tips2b_000902,2,corduroy,corduroy::a,a,0
kth_tips2b_000903,2,corduroy,corduroy::a,a,0
kth_tips2b_000904,2,corduroy,corduroy::a,a,0
kth_tips2b_000905,2,corduroy,corduroy::a,a,0
kth_tips2b_000906,2,corduroy,corduroy::a,a,0
kth_tips2b_000907,2,corduroy,corduroy::a,a,0
kth_tips2b_000908,2,corduroy,corduroy::a,a,0
kth_tips2b_000909,2,corduroy,corduroy::a,a,0
kth_tips2b_000910,2,corduroy,corduroy::a,a,0
kth_tips2b_000911,2,corduroy,corduroy::a,a,0
kth_tips2b_000912,2,corduroy,corduroy::a,a,0
kth_tips2b_000913,2,corduroy,corduroy::a,a,0
kth_tips2b_000914,2,corduroy,corduroy::a,a,0
kth_tips2b_000915,2,corduroy,corduroy::a,a,0
kth_tips2b_000916,2,corduroy,corduroy::a,a,0
kth_tips2b_000917,2,corduroy,corduroy::a,a,0
kth_tips2b_000918,2,corduroy,corduroy::a,a,0
kth_tips2b_000919,2,corduroy,corduroy::a,a,0
kth_tips2b_000920,2,corduroy,corduroy::a,a,0
kth_tips2b_000921,2,corduroy,corduroy::a,a,0
kth_tips2b_000922,2,corduroy,corduroy::a,a,0
kth_tips2b_000923,2,corduroy,corduroy::a,a,0
kth_tips2b_000924,2,corduroy,corduroy::a,a,0
kth_tips2b_000925,2,corduroy,corduroy::a,a,0
kth_tips2b_000926,2,corduroy,corduroy::a,a,0
kth_tips2b_000927,2,corduroy,corduroy::a,a,0
kth_tips2b_000928,2,corduroy,corduroy::a,a,0
kth_tips2b_000929,2,corduroy,corduroy::a,a,0
kth_tips2b_000930,2,corduroy,corduroy::a,a,0
kth_tips2b_000931,2,corduroy,corduroy::a,a,0
kth_tips2b_000932,2,corduroy,corduroy::a,a,0
kth_tips2b_000933,2,corduroy,corduroy::a,a,0
kth_tips2b_000934,2,corduroy,corduroy::a,a,0
kth_tips2b_000935,2,corduroy,corduroy::a,a,0
kth_tips2b_000936,2,corduroy,corduroy::a,a,0
kth_tips2b_000937,2,corduroy,corduroy::a,a,0
kth_tips2b_000938,2,corduroy,corduroy::a,a,0
kth_tips2b_000939,2,corduroy,corduroy::a,a,0
kth_tips2b_000940,2,corduroy,corduroy::a,a,0
kth_tips2b_000941,2,corduroy,corduroy::a,a,0
kth_tips2b_000942,2,corduroy,corduroy::a,a,0
kth_tips2b_000943,2,corduroy,corduroy::a,a,0
kth_tips2b_000944,2,corduroy,corduroy::a,a,0
kth_tips2b_000945,2,corduroy,corduroy::a,a,0
kth_tips2b_000946,2,corduroy,corduroy::a,a,0
kth_tips2b_000947,2,corduroy,corduroy::a,a,0
kth_tips2b_000948,2,corduroy,corduroy::a,a,0
kth_tips2b_000949,2,corduroy,corduroy::a,a,0
kth_tips2b_000950,2,corduroy,corduroy::a,a,0
kth_tips2b_000951,2,corduroy,corduroy::a,a,0
kth_tips2b_000952,2,corduroy,corduroy::a,a,0
kth_tips2b_000953,2,corduroy,corduroy::a,a,0
kth_tips2b_000954,2,corduroy,corduroy::a,a,0
kth_tips2b_000955,2,corduroy,corduroy::a,a,0
kth_tips2b_000956,2,corduroy,corduroy::a,a,0
kth_tips2b_000957,2,corduroy,corduroy::a,a,0
kth_tips2b_000958,2,corduroy,corduroy::a,a,0
kth_tips2b_000959,2,corduroy,corduroy::a,a,0
kth_tips2b_000960,2,corduroy,corduroy::a,a,0
kth_tips2b_000961,2,corduroy,corduroy::a,a,0
kth_tips2b_000962,2,corduroy,corduroy::a,a,0
kth_tips2b_000963,2,corduroy,corduroy::a,a,0
kth_tips2b_000964,2,corduroy,corduroy::a,a,0
kth_tips2b_000965,2,corduroy,corduroy::a,a,0
kth_tips2b_000966,2,corduroy,corduroy::a,a,0
kth_tips2b_000967,2,corduroy,corduroy::a,a,0
kth_tips2b_000968,2,corduroy,corduroy::a,a,0
kth_tips2b_000969,2,corduroy,corduroy::a,a,0
kth_tips2b_000970,2,corduroy,corduroy::a,a,0
kth_tips2b_000971,2,corduroy,corduroy::a,a,0
kth_tips2b_000972,2,corduroy,corduroy::b,b,1
kth_tips2b_000973,2,corduroy,corduroy::b,b,1
kth_tips2b_000974,2,corduroy,corduroy::b,b,1
kth_tips2b_000975,2,corduroy,corduroy::b,b,1
kth_tips2b_000976,2,corduroy,corduroy::b,b,1
kth_tips2b_000977,2,corduroy,corduroy::b,b,1
kth_tips2b_000978,2,corduroy,corduroy::b,b,1
kth_tips2b_000979,2,corduroy,corduroy::b,b,1
kth_tips2b_000980,2,corduroy,corduroy::b,b,1
kth_tips2b_000981,2,corduroy,corduroy::b,b,1
kth_tips2b_000982,2,corduroy,corduroy::b,b,1
kth_tips2b_000983,2,corduroy,corduroy::b,b,1
kth_tips2b_000984,2,corduroy,corduroy::b,b,1
kth_tips2b_000985,2,corduroy,corduroy::b,b,1
kth_tips2b_000986,2,corduroy,corduroy::b,b,1
kth_tips2b_000987,2,corduroy,corduroy::b,b,1
kth_tips2b_000988,2,corduroy,corduroy::b,b,1
kth_tips2b_000989,2,corduroy,corduroy::b,b,1
kth_tips2b_000990,2,corduroy,corduroy::b,b,1
kth_tips2b_000991,2,corduroy,corduroy::b,b,1
kth_tips2b_000992,2,corduroy,corduroy::b,b,1
kth_tips2b_000993,2,corduroy,corduroy::b,b,1
kth_tips2b_000994,2,corduroy,corduroy::b,b,1
kth_tips2b_000995,2,corduroy,corduroy::b,b,1
kth_tips2b_000996,2,corduroy,corduroy::b,b,1
kth_tips2b_000997,2,corduroy,corduroy::b,b,1
kth_tips2b_000998,2,corduroy,corduroy::b,b,1
kth_tips2b_000999,2,corduroy,corduroy::b,b,1
kth_tips2b_001000,2,corduroy,corduroy::b,b,1
kth_tips2b_001001,2,corduroy,corduroy::b,b,1
kth_tips2b_001002,2,corduroy,corduroy::b,b,1
kth_tips2b_001003,2,corduroy,corduroy::b,b,1
kth_tips2b_001004,2,corduroy,corduroy::b,b,1
kth_tips2b_001005,2,corduroy,corduroy::b,b,1
kth_tips2b_001006,2,corduroy,corduroy::b,b,1
kth_tips2b_001007,2,corduroy,corduroy::b,b,1
kth_tips2b_001008,2,corduroy,corduroy::b,b,1
kth_tips2b_001009,2,corduroy,corduroy::b,b,1
kth_tips2b_001010,2,corduroy,corduroy::b,b,1
kth_tips2b_001011,2,corduroy,corduroy::b,b,1
kth_tips2b_001012,2,corduroy,corduroy::b,b,1
kth_tips2b_001013,2,corduroy,corduroy::b,b,1
kth_tips2b_001014,2,corduroy,corduroy::b,b,1
kth_tips2b_001015,2,corduroy,corduroy::b,b,1
kth_tips2b_001016,2,corduroy,corduroy::b,b,1
kth_tips2b_001017,2,corduroy,corduroy::b,b,1
kth_tips2b_001018,2,corduroy,corduroy::b,b,1
kth_tips2b_001019,2,corduroy,corduroy::b,b,1
kth_tips2b_001020,2,corduroy,corduroy::b,b,1
kth_tips2b_001021,2,corduroy,corduroy::b,b,1
kth_tips2b_001022,2,corduroy,corduroy::b,b,1
kth_tips2b_001023,2,corduroy,corduroy::b,b,1
kth_tips2b_001024,2,corduroy,corduroy::b,b,1
kth_tips2b_001025,2,corduroy,corduroy::b,b,1
kth_tips2b_001026,2,corduroy,corduroy::b,b,1
kth_tips2b_001027,2,corduroy,corduroy::b,b,1
kth_tips2b_001028,2,corduroy,corduroy::b,b,1
kth_tips2b_001029,2,corduroy,corduroy::b,b,1
kth_tips2b_001030,2,corduroy,corduroy::b,b,1
kth_tips2b_001031,2,corduroy,corduroy::b,b,1
kth_tips2b_001032,2,corduroy,corduroy::b,b,1
kth_tips2b_001033,2,corduroy,corduroy::b,b,1
kth_tips2b_001034,2,corduroy,corduroy::b,b,1
kth_tips2b_001035,2,corduroy,corduroy::b,b,1
kth_tips2b_001036,2,corduroy,corduroy::b,b,1
kth_tips2b_001037,2,corduroy,corduroy::b,b,1
kth_tips2b_001038,2,corduroy,corduroy::b,b,1
kth_tips2b_001039,2,corduroy,corduroy::b,b,1
kth_tips2b_001040,2,corduroy,corduroy::b,b,1
kth_tips2b_001041,2,corduroy,corduroy::b,b,1
kth_tips2b_001042,2,corduroy,corduroy::b,b,1
kth_tips2b_001043,2,corduroy,corduroy::b,b,1
kth_tips2b_001044,2,corduroy,corduroy::b,b,1
kth_tips2b_001045,2,corduroy,corduroy::b,b,1
kth_tips2b_001046,2,corduroy,corduroy::b,b,1
kth_tips2b_001047,2,corduroy,corduroy::b,b,1
kth_tips2b_001048,2,corduroy,corduroy::b,b,1
kth_tips2b_001049,2,corduroy,corduroy::b,b,1
kth_tips2b_001050,2,corduroy,corduroy::b,b,1
kth_tips2b_001051,2,corduroy,corduroy::b,b,1
kth_tips2b_001052,2,corduroy,corduroy::b,b,1
kth_tips2b_001053,2,corduroy,corduroy::b,b,1
kth_tips2b_001054,2,corduroy,corduroy::b,b,1
kth_tips2b_001055,2,corduroy,corduroy::b,b,1
kth_tips2b_001056,2,corduroy,corduroy::b,b,1
kth_tips2b_001057,2,corduroy,corduroy::b,b,1
kth_tips2b_001058,2,corduroy,corduroy::b,b,1
kth_tips2b_001059,2,corduroy,corduroy::b,b,1
kth_tips2b_001060,2,corduroy,corduroy::b,b,1
kth_tips2b_001061,2,corduroy,corduroy::b,b,1
kth_tips2b_001062,2,corduroy,corduroy::b,b,1
kth_tips2b_001063,2,corduroy,corduroy::b,b,1
kth_tips2b_001064,2,corduroy,corduroy::b,b,1
kth_tips2b_001065,2,corduroy,corduroy::b,b,1
kth_tips2b_001066,2,corduroy,corduroy::b,b,1
kth_tips2b_001067,2,corduroy,corduroy::b,b,1
kth_tips2b_001068,2,corduroy,corduroy::b,b,1
kth_tips2b_001069,2,corduroy,corduroy::b,b,1
kth_tips2b_001070,2,corduroy,corduroy::b,b,1
kth_tips2b_001071,2,corduroy,corduroy::b,b,1
kth_tips2b_001072,2,corduroy,corduroy::b,b,1
kth_tips2b_001073,2,corduroy,corduroy::b,b,1
kth_tips2b_001074,2,corduroy,corduroy::b,b,1
kth_tips2b_001075,2,corduroy,corduroy::b,b,1
kth_tips2b_001076,2,corduroy,corduroy::b,b,1
kth_tips2b_001077,2,corduroy,corduroy::b,b,1
kth_tips2b_001078,2,corduroy,corduroy::b,b,1
kth_tips2b_001079,2,corduroy,corduroy::b,b,1
kth_tips2b_001080,2,corduroy,corduroy::c,c,2
kth_tips2b_001081,2,corduroy,corduroy::c,c,2
kth_tips2b_001082,2,corduroy,corduroy::c,c,2
kth_tips2b_001083,2,corduroy,corduroy::c,c,2
kth_tips2b_001084,2,corduroy,corduroy::c,c,2
kth_tips2b_001085,2,corduroy,corduroy::c,c,2
kth_tips2b_001086,2,corduroy,corduroy::c,c,2
kth_tips2b_001087,2,corduroy,corduroy::c,c,2
kth_tips2b_001088,2,corduroy,corduroy::c,c,2
kth_tips2b_001089,2,corduroy,corduroy::c,c,2
kth_tips2b_001090,2,corduroy,corduroy::c,c,2
kth_tips2b_001091,2,corduroy,corduroy::c,c,2
kth_tips2b_001092,2,corduroy,corduroy::c,c,2
kth_tips2b_001093,2,corduroy,corduroy::c,c,2
kth_tips2b_001094,2,corduroy,corduroy::c,c,2
kth_tips2b_001095,2,corduroy,corduroy::c,c,2
kth_tips2b_001096,2,corduroy,corduroy::c,c,2
kth_tips2b_001097,2,corduroy,corduroy::c,c,2
kth_tips2b_001098,2,corduroy,corduroy::c,c,2
kth_tips2b_001099,2,corduroy,corduroy::c,c,2
kth_tips2b_001100,2,corduroy,corduroy::c,c,2
kth_tips2b_001101,2,corduroy,corduroy::c,c,2
kth_tips2b_001102,2,corduroy,corduroy::c,c,2
kth_tips2b_001103,2,corduroy,corduroy::c,c,2
kth_tips2b_001104,2,corduroy,corduroy::c,c,2
kth_tips2b_001105,2,corduroy,corduroy::c,c,2
kth_tips2b_001106,2,corduroy,corduroy::c,c,2
kth_tips2b_001107,2,corduroy,corduroy::c,c,2
kth_tips2b_001108,2,corduroy,corduroy::c,c,2
kth_tips2b_001109,2,corduroy,corduroy::c,c,2
kth_tips2b_001110,2,corduroy,corduroy::c,c,2
kth_tips2b_001111,2,corduroy,corduroy::c,c,2
kth_tips2b_001112,2,corduroy,corduroy::c,c,2
kth_tips2b_001113,2,corduroy,corduroy::c,c,2
kth_tips2b_001114,2,corduroy,corduroy::c,c,2
kth_tips2b_001115,2,corduroy,corduroy::c,c,2
kth_tips2b_001116,2,corduroy,corduroy::c,c,2
kth_tips2b_001117,2,corduroy,corduroy::c,c,2
kth_tips2b_001118,2,corduroy,corduroy::c,c,2
kth_tips2b_001119,2,corduroy,corduroy::c,c,2
kth_tips2b_001120,2,corduroy,corduroy::c,c,2
kth_tips2b_001121,2,corduroy,corduroy::c,c,2
kth_tips2b_001122,2,corduroy,corduroy::c,c,2
kth_tips2b_001123,2,corduroy,corduroy::c,c,2
kth_tips2b_001124,2,corduroy,corduroy::c,c,2
kth_tips2b_001125,2,corduroy,corduroy::c,c,2
kth_tips2b_001126,2,corduroy,corduroy::c,c,2
kth_tips2b_001127,2,corduroy,corduroy::c,c,2
kth_tips2b_001128,2,corduroy,corduroy::c,c,2
kth_tips2b_001129,2,corduroy,corduroy::c,c,2
kth_tips2b_001130,2,corduroy,corduroy::c,c,2
kth_tips2b_001131,2,corduroy,corduroy::c,c,2
kth_tips2b_001132,2,corduroy,corduroy::c,c,2
kth_tips2b_001133,2,corduroy,corduroy::c,c,2
kth_tips2b_001134,2,corduroy,corduroy::c,c,2
kth_tips2b_001135,2,corduroy,corduroy::c,c,2
kth_tips2b_001136,2,corduroy,corduroy::c,c,2
kth_tips2b_001137,2,corduroy,corduroy::c,c,2
kth_tips2b_001138,2,corduroy,corduroy::c,c,2
kth_tips2b_001139,2,corduroy,corduroy::c,c,2
kth_tips2b_001140,2,corduroy,corduroy::c,c,2
kth_tips2b_001141,2,corduroy,corduroy::c,c,2
kth_tips2b_001142,2,corduroy,corduroy::c,c,2
kth_tips2b_001143,2,corduroy,corduroy::c,c,2
kth_tips2b_001144,2,corduroy,corduroy::c,c,2
kth_tips2b_001145,2,corduroy,corduroy::c,c,2
kth_tips2b_001146,2,corduroy,corduroy::c,c,2
kth_tips2b_001147,2,corduroy,corduroy::c,c,2
kth_tips2b_001148,2,corduroy,corduroy::c,c,2
kth_tips2b_001149,2,corduroy,corduroy::c,c,2
kth_tips2b_001150,2,corduroy,corduroy::c,c,2
kth_tips2b_001151,2,corduroy,corduroy::c,c,2
kth_tips2b_001152,2,corduroy,corduroy::c,c,2
kth_tips2b_001153,2,corduroy,corduroy::c,c,2
kth_tips2b_001154,2,corduroy,corduroy::c,c,2
kth_tips2b_001155,2,corduroy,corduroy::c,c,2
kth_tips2b_001156,2,corduroy,corduroy::c,c,2
kth_tips2b_001157,2,corduroy,corduroy::c,c,2
kth_tips2b_001158,2,corduroy,corduroy::c,c,2
kth_tips2b_001159,2,corduroy,corduroy::c,c,2
kth_tips2b_001160,2,corduroy,corduroy::c,c,2
kth_tips2b_001161,2,corduroy,corduroy::c,c,2
kth_tips2b_001162,2,corduroy,corduroy::c,c,2
kth_tips2b_001163,2,corduroy,corduroy::c,c,2
kth_tips2b_001164,2,corduroy,corduroy::c,c,2
kth_tips2b_001165,2,corduroy,corduroy::c,c,2
kth_tips2b_001166,2,corduroy,corduroy::c,c,2
kth_tips2b_001167,2,corduroy,corduroy::c,c,2
kth_tips2b_001168,2,corduroy,corduroy::c,c,2
kth_tips2b_001169,2,corduroy,corduroy::c,c,2
kth_tips2b_001170,2,corduroy,corduroy::c,c,2
kth_tips2b_001171,2,corduroy,corduroy::c,c,2
kth_tips2b_001172,2,corduroy,corduroy::c,c,2
kth_tips2b_001173,2,corduroy,corduroy::c,c,2
kth_tips2b_001174,2,corduroy,corduroy::c,c,2
kth_tips2b_001175,2,corduroy,corduroy::c,c,2
kth_tips2b_001176,2,corduroy,corduroy::c,c,2
kth_tips2b_001177,2,corduroy,corduroy::c,c,2
kth_tips2b_001178,2,corduroy,corduroy::c,c,2
kth_tips2b_001179,2,corduroy,corduroy::c,c,2
kth_tips2b_001180,2,corduroy,corduroy::c,c,2
kth_tips2b_001181,2,corduroy,corduroy::c,c,2
kth_tips2b_001182,2,corduroy,corduroy::c,c,2
kth_tips2b_001183,2,corduroy,corduroy::c,c,2
kth_tips2b_001184,2,corduroy,corduroy::c,c,2
kth_tips2b_001185,2,corduroy,corduroy::c,c,2
kth_tips2b_001186,2,corduroy,corduroy::c,c,2
kth_tips2b_001187,2,corduroy,corduroy::c,c,2
kth_tips2b_001188,2,corduroy,corduroy::d,d,3
kth_tips2b_001189,2,corduroy,corduroy::d,d,3
kth_tips2b_001190,2,corduroy,corduroy::d,d,3
kth_tips2b_001191,2,corduroy,corduroy::d,d,3
kth_tips2b_001192,2,corduroy,corduroy::d,d,3
kth_tips2b_001193,2,corduroy,corduroy::d,d,3
kth_tips2b_001194,2,corduroy,corduroy::d,d,3
kth_tips2b_001195,2,corduroy,corduroy::d,d,3
kth_tips2b_001196,2,corduroy,corduroy::d,d,3
kth_tips2b_001197,2,corduroy,corduroy::d,d,3
kth_tips2b_001198,2,corduroy,corduroy::d,d,3
kth_tips2b_001199,2,corduroy,corduroy::d,d,3
kth_tips2b_001200,2,corduroy,corduroy::d,d,3
kth_tips2b_001201,2,corduroy,corduroy::d,d,3
kth_tips2b_001202,2,corduroy,corduroy::d,d,3
kth_tips2b_001203,2,corduroy,corduroy::d,d,3
kth_tips2b_001204,2,corduroy,corduroy::d,d,3
kth_tips2b_001205,2,corduroy,corduroy::d,d,3
kth_tips2b_001206,2,corduroy,corduroy::d,d,3
kth_tips2b_001207,2,corduroy,corduroy::d,d,3
kth_tips2b_001208,2,corduroy,corduroy::d,d,3
kth_tips2b_001209,2,corduroy,corduroy::d,d,3
kth_tips2b_001210,2,corduroy,corduroy::d,d,3
kth_tips2b_001211,2,corduroy,corduroy::d,d,3
kth_tips2b_001212,2,corduroy,corduroy::d,d,3
kth_tips2b_001213,2,corduroy,corduroy::d,d,3
kth_tips2b_001214,2,corduroy,corduroy::d,d,3
kth_tips2b_001215,2,corduroy,corduroy::d,d,3
kth_tips2b_001216,2,corduroy,corduroy::d,d,3
kth_tips2b_001217,2,corduroy,corduroy::d,d,3
kth_tips2b_001218,2,corduroy,corduroy::d,d,3
kth_tips2b_001219,2,corduroy,corduroy::d,d,3
kth_tips2b_001220,2,corduroy,corduroy::d,d,3
kth_tips2b_001221,2,corduroy,corduroy::d,d,3
kth_tips2b_001222,2,corduroy,corduroy::d,d,3
kth_tips2b_001223,2,corduroy,corduroy::d,d,3
kth_tips2b_001224,2,corduroy,corduroy::d,d,3
kth_tips2b_001225,2,corduroy,corduroy::d,d,3
kth_tips2b_001226,2,corduroy,corduroy::d,d,3
kth_tips2b_001227,2,corduroy,corduroy::d,d,3
kth_tips2b_001228,2,corduroy,corduroy::d,d,3
kth_tips2b_001229,2,corduroy,corduroy::d,d,3
kth_tips2b_001230,2,corduroy,corduroy::d,d,3
kth_tips2b_001231,2,corduroy,corduroy::d,d,3
kth_tips2b_001232,2,corduroy,corduroy::d,d,3
kth_tips2b_001233,2,corduroy,corduroy::d,d,3
kth_tips2b_001234,2,corduroy,corduroy::d,d,3
kth_tips2b_001235,2,corduroy,corduroy::d,d,3
kth_tips2b_001236,2,corduroy,corduroy::d,d,3
kth_tips2b_001237,2,corduroy,corduroy::d,d,3
kth_tips2b_001238,2,corduroy,corduroy::d,d,3
kth_tips2b_001239,2,corduroy,corduroy::d,d,3
kth_tips2b_001240,2,corduroy,corduroy::d,d,3
kth_tips2b_001241,2,corduroy,corduroy::d,d,3
kth_tips2b_001242,2,corduroy,corduroy::d,d,3
kth_tips2b_001243,2,corduroy,corduroy::d,d,3
kth_tips2b_001244,2,corduroy,corduroy::d,d,3
kth_tips2b_001245,2,corduroy,corduroy::d,d,3
kth_tips2b_001246,2,corduroy,corduroy::d,d,3
kth_tips2b_001247,2,corduroy,corduroy::d,d,3
kth_tips2b_001248,2,corduroy,corduroy::d,d,3
kth_tips2b_001249,2,corduroy,corduroy::d,d,3
kth_tips2b_001250,2,corduroy,corduroy::d,d,3
kth_tips2b_001251,2,corduroy,corduroy::d,d,3
kth_tips2b_001252,2,corduroy,corduroy::d,d,3
kth_tips2b_001253,2,corduroy,corduroy::d,d,3
kth_tips2b_001254,2,corduroy,corduroy::d,d,3
kth_tips2b_001255,2,corduroy,corduroy::d,d,3
kth_tips2b_001256,2,corduroy,corduroy::d,d,3
kth_tips2b_001257,2,corduroy,corduroy::d,d,3
kth_tips2b_001258,2,corduroy,corduroy::d,d,3
kth_tips2b_001259,2,corduroy,corduroy::d,d,3
kth_tips2b_001260,2,corduroy,corduroy::d,d,3
kth_tips2b_001261,2,corduroy,corduroy::d,d,3
kth_tips2b_001262,2,corduroy,corduroy::d,d,3
kth_tips2b_001263,2,corduroy,corduroy::d,d,3
kth_tips2b_001264,2,corduroy,corduroy::d,d,3
kth_tips2b_001265,2,corduroy,corduroy::d,d,3
kth_tips2b_001266,2,corduroy,corduroy::d,d,3
kth_tips2b_001267,2,corduroy,corduroy::d,d,3
kth_tips2b_001268,2,corduroy,corduroy::d,d,3
kth_tips2b_001269,2,corduroy,corduroy::d,d,3
kth_tips2b_001270,2,corduroy,corduroy::d,d,3
kth_tips2b_001271,2,corduroy,corduroy::d,d,3
kth_tips2b_001272,2,corduroy,corduroy::d,d,3
kth_tips2b_001273,2,corduroy,corduroy::d,d,3
kth_tips2b_001274,2,corduroy,corduroy::d,d,3
kth_tips2b_001275,2,corduroy,corduroy::d,d,3
kth_tips2b_001276,2,corduroy,corduroy::d,d,3
kth_tips2b_001277,2,corduroy,corduroy::d,d,3
kth_tips2b_001278,2,corduroy,corduroy::d,d,3
kth_tips2b_001279,2,corduroy,corduroy::d,d,3
kth_tips2b_001280,2,corduroy,corduroy::d,d,3
kth_tips2b_001281,2,corduroy,corduroy::d,d,3
kth_tips2b_001282,2,corduroy,corduroy::d,d,3
kth_tips2b_001283,2,corduroy,corduroy::d,d,3
kth_tips2b_001284,2,corduroy,corduroy::d,d,3
kth_tips2b_001285,2,corduroy,corduroy::d,d,3
kth_tips2b_001286,2,corduroy,corduroy::d,d,3
kth_tips2b_001287,2,corduroy,corduroy::d,d,3
kth_tips2b_001288,2,corduroy,corduroy::d,d,3
kth_tips2b_001289,2,corduroy,corduroy::d,d,3
kth_tips2b_001290,2,corduroy,corduroy::d,d,3
kth_tips2b_001291,2,corduroy,corduroy::d,d,3
kth_tips2b_001292,2,corduroy,corduroy::d,d,3
kth_tips2b_001293,2,corduroy,corduroy::d,d,3
kth_tips2b_001294,2,corduroy,corduroy::d,d,3
kth_tips2b_001295,2,corduroy,corduroy::d,d,3
kth_tips2b_001296,3,cork,cork::a,a,0
kth_tips2b_001297,3,cork,cork::a,a,0
kth_tips2b_001298,3,cork,cork::a,a,0
kth_tips2b_001299,3,cork,cork::a,a,0
kth_tips2b_001300,3,cork,cork::a,a,0
kth_tips2b_001301,3,cork,cork::a,a,0
kth_tips2b_001302,3,cork,cork::a,a,0
kth_tips2b_001303,3,cork,cork::a,a,0
kth_tips2b_001304,3,cork,cork::a,a,0
kth_tips2b_001305,3,cork,cork::a,a,0
kth_tips2b_001306,3,cork,cork::a,a,0
kth_tips2b_001307,3,cork,cork::a,a,0
kth_tips2b_001308,3,cork,cork::a,a,0
kth_tips2b_001309,3,cork,cork::a,a,0
kth_tips2b_001310,3,cork,cork::a,a,0
kth_tips2b_001311,3,cork,cork::a,a,0
kth_tips2b_001312,3,cork,cork::a,a,0
kth_tips2b_001313,3,cork,cork::a,a,0
kth_tips2b_001314,3,cork,cork::a,a,0
kth_tips2b_001315,3,cork,cork::a,a,0
kth_tips2b_001316,3,cork,cork::a,a,0
kth_tips2b_001317,3,cork,cork::a,a,0
kth_tips2b_001318,3,cork,cork::a,a,0
kth_tips2b_001319,3,cork,cork::a,a,0
kth_tips2b_001320,3,cork,cork::a,a,0
kth_tips2b_001321,3,cork,cork::a,a,0
kth_tips2b_001322,3,cork,cork::a,a,0
kth_tips2b_001323,3,cork,cork::a,a,0
kth_tips2b_001324,3,cork,cork::a,a,0
kth_tips2b_001325,3,cork,cork::a,a,0
kth_tips2b_001326,3,cork,cork::a,a,0
kth_tips2b_001327,3,cork,cork::a,a,0
kth_tips2b_001328,3,cork,cork::a,a,0
kth_tips2b_001329,3,cork,cork::a,a,0
kth_tips2b_001330,3,cork,cork::a,a,0
kth_tips2b_001331,3,cork,cork::a,a,0
kth_tips2b_001332,3,cork,cork::a,a,0
kth_tips2b_001333,3,cork,cork::a,a,0
kth_tips2b_001334,3,cork,cork::a,a,0
kth_tips2b_001335,3,cork,cork::a,a,0
kth_tips2b_001336,3,cork,cork::a,a,0
kth_tips2b_001337,3,cork,cork::a,a,0
kth_tips2b_001338,3,cork,cork::a,a,0
kth_tips2b_001339,3,cork,cork::a,a,0
kth_tips2b_001340,3,cork,cork::a,a,0
kth_tips2b_001341,3,cork,cork::a,a,0
kth_tips2b_001342,3,cork,cork::a,a,0
kth_tips2b_001343,3,cork,cork::a,a,0
kth_tips2b_001344,3,cork,cork::a,a,0
kth_tips2b_001345,3,cork,cork::a,a,0
kth_tips2b_001346,3,cork,cork::a,a,0
kth_tips2b_001347,3,cork,cork::a,a,0
kth_tips2b_001348,3,cork,cork::a,a,0
kth_tips2b_001349,3,cork,cork::a,a,0
kth_tips2b_001350,3,cork,cork::a,a,0
kth_tips2b_001351,3,cork,cork::a,a,0
kth_tips2b_001352,3,cork,cork::a,a,0
kth_tips2b_001353,3,cork,cork::a,a,0
kth_tips2b_001354,3,cork,cork::a,a,0
kth_tips2b_001355,3,cork,cork::a,a,0
kth_tips2b_001356,3,cork,cork::a,a,0
kth_tips2b_001357,3,cork,cork::a,a,0
kth_tips2b_001358,3,cork,cork::a,a,0
kth_tips2b_001359,3,cork,cork::a,a,0
kth_tips2b_001360,3,cork,cork::a,a,0
kth_tips2b_001361,3,cork,cork::a,a,0
kth_tips2b_001362,3,cork,cork::a,a,0
kth_tips2b_001363,3,cork,cork::a,a,0
kth_tips2b_001364,3,cork,cork::a,a,0
kth_tips2b_001365,3,cork,cork::a,a,0
kth_tips2b_001366,3,cork,cork::a,a,0
kth_tips2b_001367,3,cork,cork::a,a,0
kth_tips2b_001368,3,cork,cork::a,a,0
kth_tips2b_001369,3,cork,cork::a,a,0
kth_tips2b_001370,3,cork,cork::a,a,0
kth_tips2b_001371,3,cork,cork::a,a,0
kth_tips2b_001372,3,cork,cork::a,a,0
kth_tips2b_001373,3,cork,cork::a,a,0
kth_tips2b_001374,3,cork,cork::a,a,0
kth_tips2b_001375,3,cork,cork::a,a,0
kth_tips2b_001376,3,cork,cork::a,a,0
kth_tips2b_001377,3,cork,cork::a,a,0
kth_tips2b_001378,3,cork,cork::a,a,0
kth_tips2b_001379,3,cork,cork::a,a,0
kth_tips2b_001380,3,cork,cork::a,a,0
kth_tips2b_001381,3,cork,cork::a,a,0
kth_tips2b_001382,3,cork,cork::a,a,0
kth_tips2b_001383,3,cork,cork::a,a,0
kth_tips2b_001384,3,cork,cork::a,a,0
kth_tips2b_001385,3,cork,cork::a,a,0
kth_tips2b_001386,3,cork,cork::a,a,0
kth_tips2b_001387,3,cork,cork::a,a,0
kth_tips2b_001388,3,cork,cork::a,a,0
kth_tips2b_001389,3,cork,cork::a,a,0
kth_tips2b_001390,3,cork,cork::a,a,0
kth_tips2b_001391,3,cork,cork::a,a,0
kth_tips2b_001392,3,cork,cork::a,a,0
kth_tips2b_001393,3,cork,cork::a,a,0
kth_tips2b_001394,3,cork,cork::a,a,0
kth_tips2b_001395,3,cork,cork::a,a,0
kth_tips2b_001396,3,cork,cork::a,a,0
kth_tips2b_001397,3,cork,cork::a,a,0
kth_tips2b_001398,3,cork,cork::a,a,0
kth_tips2b_001399,3,cork,cork::a,a,0
kth_tips2b_001400,3,cork,cork::a,a,0
kth_tips2b_001401,3,cork,cork::a,a,0
kth_tips2b_001402,3,cork,cork::a,a,0
kth_tips2b_001403,3,cork,cork::a,a,0
kth_tips2b_001404,3,cork,cork::b,b,1
kth_tips2b_001405,3,cork,cork::b,b,1
kth_tips2b_001406,3,cork,cork::b,b,1
kth_tips2b_001407,3,cork,cork::b,b,1
kth_tips2b_001408,3,cork,cork::b,b,1
kth_tips2b_001409,3,cork,cork::b,b,1
kth_tips2b_001410,3,cork,cork::b,b,1
kth_tips2b_001411,3,cork,cork::b,b,1
kth_tips2b_001412,3,cork,cork::b,b,1
kth_tips2b_001413,3,cork,cork::b,b,1
kth_tips2b_001414,3,cork,cork::b,b,1
kth_tips2b_001415,3,cork,cork::b,b,1
kth_tips2b_001416,3,cork,cork::b,b,1
kth_tips2b_001417,3,cork,cork::b,b,1
kth_tips2b_001418,3,cork,cork::b,b,1
kth_tips2b_001419,3,cork,cork::b,b,1
kth_tips2b_001420,3,cork,cork::b,b,1
kth_tips2b_001421,3,cork,cork::b,b,1
kth_tips2b_001422,3,cork,cork::b,b,1
kth_tips2b_001423,3,cork,cork::b,b,1
kth_tips2b_001424,3,cork,cork::b,b,1
kth_tips2b_001425,3,cork,cork::b,b,1
kth_tips2b_001426,3,cork,cork::b,b,1
kth_tips2b_001427,3,cork,cork::b,b,1
kth_tips2b_001428,3,cork,cork::b,b,1
kth_tips2b_001429,3,cork,cork::b,b,1
kth_tips2b_001430,3,cork,cork::b,b,1
kth_tips2b_001431,3,cork,cork::b,b,1
kth_tips2b_001432,3,cork,cork::b,b,1
kth_tips2b_001433,3,cork,cork::b,b,1
kth_tips2b_001434,3,cork,cork::b,b,1
kth_tips2b_001435,3,cork,cork::b,b,1
kth_tips2b_001436,3,cork,cork::b,b,1
kth_tips2b_001437,3,cork,cork::b,b,1
kth_tips2b_001438,3,cork,cork::b,b,1
kth_tips2b_001439,3,cork,cork::b,b,1
kth_tips2b_001440,3,cork,cork::b,b,1
kth_tips2b_001441,3,cork,cork::b,b,1
kth_tips2b_001442,3,cork,cork::b,b,1
kth_tips2b_001443,3,cork,cork::b,b,1
kth_tips2b_001444,3,cork,cork::b,b,1
kth_tips2b_001445,3,cork,cork::b,b,1
kth_tips2b_001446,3,cork,cork::b,b,1
kth_tips2b_001447,3,cork,cork::b,b,1
kth_tips2b_001448,3,cork,cork::b,b,1
kth_tips2b_001449,3,cork,cork::b,b,1
kth_tips2b_001450,3,cork,cork::b,b,1
kth_tips2b_001451,3,cork,cork::b,b,1
kth_tips2b_001452,3,cork,cork::b,b,1
kth_tips2b_001453,3,cork,cork::b,b,1
kth_tips2b_001454,3,cork,cork::b,b,1
kth_tips2b_001455,3,cork,cork::b,b,1
kth_tips2b_001456,3,cork,cork::b,b,1
kth_tips2b_001457,3,cork,cork::b,b,1
kth_tips2b_001458,3,cork,cork::b,b,1
kth_tips2b_001459,3,cork,cork::b,b,1
kth_tips2b_001460,3,cork,cork::b,b,1
kth_tips2b_001461,3,cork,cork::b,b,1
kth_tips2b_001462,3,cork,cork::b,b,1
kth_tips2b_001463,3,cork,cork::b,b,1
kth_tips2b_001464,3,cork,cork::b,b,1
kth_tips2b_001465,3,cork,cork::b,b,1
kth_tips2b_001466,3,cork,cork::b,b,1
kth_tips2b_001467,3,cork,cork::b,b,1
kth_tips2b_001468,3,cork,cork::b,b,1
kth_tips2b_001469,3,cork,cork::b,b,1
kth_tips2b_001470,3,cork,cork::b,b,1
kth_tips2b_001471,3,cork,cork::b,b,1
kth_tips2b_001472,3,cork,cork::b,b,1
kth_tips2b_001473,3,cork,cork::b,b,1
kth_tips2b_001474,3,cork,cork::b,b,1
kth_tips2b_001475,3,cork,cork::b,b,1
kth_tips2b_001476,3,cork,cork::b,b,1
kth_tips2b_001477,3,cork,cork::b,b,1
kth_tips2b_001478,3,cork,cork::b,b,1
kth_tips2b_001479,3,cork,cork::b,b,1
kth_tips2b_001480,3,cork,cork::b,b,1
kth_tips2b_001481,3,cork,cork::b,b,1
kth_tips2b_001482,3,cork,cork::b,b,1
kth_tips2b_001483,3,cork,cork::b,b,1
kth_tips2b_001484,3,cork,cork::b,b,1
kth_tips2b_001485,3,cork,cork::b,b,1
kth_tips2b_001486,3,cork,cork::b,b,1
kth_tips2b_001487,3,cork,cork::b,b,1
kth_tips2b_001488,3,cork,cork::b,b,1
kth_tips2b_001489,3,cork,cork::b,b,1
kth_tips2b_001490,3,cork,cork::b,b,1
kth_tips2b_001491,3,cork,cork::b,b,1
kth_tips2b_001492,3,cork,cork::b,b,1
kth_tips2b_001493,3,cork,cork::b,b,1
kth_tips2b_001494,3,cork,cork::b,b,1
kth_tips2b_001495,3,cork,cork::b,b,1
kth_tips2b_001496,3,cork,cork::b,b,1
kth_tips2b_001497,3,cork,cork::b,b,1
kth_tips2b_001498,3,cork,cork::b,b,1
kth_tips2b_001499,3,cork,cork::b,b,1
kth_tips2b_001500,3,cork,cork::b,b,1
kth_tips2b_001501,3,cork,cork::b,b,1
kth_tips2b_001502,3,cork,cork::b,b,1
kth_tips2b_001503,3,cork,cork::b,b,1
kth_tips2b_001504,3,cork,cork::b,b,1
kth_tips2b_001505,3,cork,cork::b,b,1
kth_tips2b_001506,3,cork,cork::b,b,1
kth_tips2b_001507,3,cork,cork::b,b,1
kth_tips2b_001508,3,cork,cork::b,b,1
kth_tips2b_001509,3,cork,cork::b,b,1
kth_tips2b_001510,3,cork,cork::b,b,1
kth_tips2b_001511,3,cork,cork::b,b,1
kth_tips2b_001512,3,cork,cork::c,c,2
kth_tips2b_001513,3,cork,cork::c,c,2
kth_tips2b_001514,3,cork,cork::c,c,2
kth_tips2b_001515,3,cork,cork::c,c,2
kth_tips2b_001516,3,cork,cork::c,c,2
kth_tips2b_001517,3,cork,cork::c,c,2
kth_tips2b_001518,3,cork,cork::c,c,2
kth_tips2b_001519,3,cork,cork::c,c,2
kth_tips2b_001520,3,cork,cork::c,c,2
kth_tips2b_001521,3,cork,cork::c,c,2
kth_tips2b_001522,3,cork,cork::c,c,2
kth_tips2b_001523,3,cork,cork::c,c,2
kth_tips2b_001524,3,cork,cork::c,c,2
kth_tips2b_001525,3,cork,cork::c,c,2
kth_tips2b_001526,3,cork,cork::c,c,2
kth_tips2b_001527,3,cork,cork::c,c,2
kth_tips2b_001528,3,cork,cork::c,c,2
kth_tips2b_001529,3,cork,cork::c,c,2
kth_tips2b_001530,3,cork,cork::c,c,2
kth_tips2b_001531,3,cork,cork::c,c,2
kth_tips2b_001532,3,cork,cork::c,c,2
kth_tips2b_001533,3,cork,cork::c,c,2
kth_tips2b_001534,3,cork,cork::c,c,2
kth_tips2b_001535,3,cork,cork::c,c,2
kth_tips2b_001536,3,cork,cork::c,c,2
kth_tips2b_001537,3,cork,cork::c,c,2
kth_tips2b_001538,3,cork,cork::c,c,2
kth_tips2b_001539,3,cork,cork::c,c,2
kth_tips2b_001540,3,cork,cork::c,c,2
kth_tips2b_001541,3,cork,cork::c,c,2
kth_tips2b_001542,3,cork,cork::c,c,2
kth_tips2b_001543,3,cork,cork::c,c,2
kth_tips2b_001544,3,cork,cork::c,c,2
kth_tips2b_001545,3,cork,cork::c,c,2
kth_tips2b_001546,3,cork,cork::c,c,2
kth_tips2b_001547,3,cork,cork::c,c,2
kth_tips2b_001548,3,cork,cork::c,c,2
kth_tips2b_001549,3,cork,cork::c,c,2
kth_tips2b_001550,3,cork,cork::c,c,2
kth_tips2b_001551,3,cork,cork::c,c,2
kth_tips2b_001552,3,cork,cork::c,c,2
kth_tips2b_001553,3,cork,cork::c,c,2
kth_tips2b_001554,3,cork,cork::c,c,2
kth_tips2b_001555,3,cork,cork::c,c,2
kth_tips2b_001556,3,cork,cork::c,c,2
kth_tips2b_001557,3,cork,cork::c,c,2
kth_tips2b_001558,3,cork,cork::c,c,2
kth_tips2b_001559,3,cork,cork::c,c,2
kth_tips2b_001560,3,cork,cork::c,c,2
kth_tips2b_001561,3,cork,cork::c,c,2
kth_tips2b_001562,3,cork,cork::c,c,2
kth_tips2b_001563,3,cork,cork::c,c,2
kth_tips2b_001564,3,cork,cork::c,c,2
kth_tips2b_001565,3,cork,cork::c,c,2
kth_tips2b_001566,3,cork,cork::c,c,2
kth_tips2b_001567,3,cork,cork::c,c,2
kth_tips2b_001568,3,cork,cork::c,c,2
kth_tips2b_001569,3,cork,cork::c,c,2
kth_tips2b_001570,3,cork,cork::c,c,2
kth_tips2b_001571,3,cork,cork::c,c,2
kth_tips2b_001572,3,cork,cork::c,c,2
kth_tips2b_001573,3,cork,cork::c,c,2
kth_tips2b_001574,3,cork,cork::c,c,2
kth_tips2b_001575,3,cork,cork::c,c,2
kth_tips2b_001576,3,cork,cork::c,c,2
kth_tips2b_001577,3,cork,cork::c,c,2
kth_tips2b_001578,3,cork,cork::c,c,2
kth_tips2b_001579,3,cork,cork::c,c,2
kth_tips2b_001580,3,cork,cork::c,c,2
kth_tips2b_001581,3,cork,cork::c,c,2
kth_tips2b_001582,3,cork,cork::c,c,2
kth_tips2b_001583,3,cork,cork::c,c,2
kth_tips2b_001584,3,cork,cork::c,c,2
kth_tips2b_001585,3,cork,cork::c,c,2
kth_tips2b_001586,3,cork,cork::c,c,2
kth_tips2b_001587,3,cork,cork::c,c,2
kth_tips2b_001588,3,cork,cork::c,c,2
kth_tips2b_001589,3,cork,cork::c,c,2
kth_tips2b_001590,3,cork,cork::c,c,2
kth_tips2b_001591,3,cork,cork::c,c,2
kth_tips2b_001592,3,cork,cork::c,c,2
kth_tips2b_001593,3,cork,cork::c,c,2
kth_tips2b_001594,3,cork,cork::c,c,2
kth_tips2b_001595,3,cork,cork::c,c,2
kth_tips2b_001596,3,cork,cork::c,c,2
kth_tips2b_001597,3,cork,cork::c,c,2
kth_tips2b_001598,3,cork,cork::c,c,2
kth_tips2b_001599,3,cork,cork::c,c,2
kth_tips2b_001600,3,cork,cork::c,c,2
kth_tips2b_001601,3,cork,cork::c,c,2
kth_tips2b_001602,3,cork,cork::c,c,2
kth_tips2b_001603,3,cork,cork::c,c,2
kth_tips2b_001604,3,cork,cork::c,c,2
kth_tips2b_001605,3,cork,cork::c,c,2
kth_tips2b_001606,3,cork,cork::c,c,2
kth_tips2b_001607,3,cork,cork::c,c,2
kth_tips2b_001608,3,cork,cork::c,c,2
kth_tips2b_001609,3,cork,cork::c,c,2
kth_tips2b_001610,3,cork,cork::c,c,2
kth_tips2b_001611,3,cork,cork::c,c,2
kth_tips2b_001612,3,cork,cork::c,c,2
kth_tips2b_001613,3,cork,cork::c,c,2
kth_tips2b_001614,3,cork,cork::c,c,2
kth_tips2b_001615,3,cork,cork::c,c,2
kth_tips2b_001616,3,cork,cork::c,c,2
kth_tips2b_001617,3,cork,cork::c,c,2
kth_tips2b_001618,3,cork,cork::c,c,2
kth_tips2b_001619,3,cork,cork::c,c,2
kth_tips2b_001620,3,cork,cork::d,d,3
kth_tips2b_001621,3,cork,cork::d,d,3
kth_tips2b_001622,3,cork,cork::d,d,3
kth_tips2b_001623,3,cork,cork::d,d,3
kth_tips2b_001624,3,cork,cork::d,d,3
kth_tips2b_001625,3,cork,cork::d,d,3
kth_tips2b_001626,3,cork,cork::d,d,3
kth_tips2b_001627,3,cork,cork::d,d,3
kth_tips2b_001628,3,cork,cork::d,d,3
kth_tips2b_001629,3,cork,cork::d,d,3
kth_tips2b_001630,3,cork,cork::d,d,3
kth_tips2b_001631,3,cork,cork::d,d,3
kth_tips2b_001632,3,cork,cork::d,d,3
kth_tips2b_001633,3,cork,cork::d,d,3
kth_tips2b_001634,3,cork,cork::d,d,3
kth_tips2b_001635,3,cork,cork::d,d,3
kth_tips2b_001636,3,cork,cork::d,d,3
kth_tips2b_001637,3,cork,cork::d,d,3
kth_tips2b_001638,3,cork,cork::d,d,3
kth_tips2b_001639,3,cork,cork::d,d,3
kth_tips2b_001640,3,cork,cork::d,d,3
kth_tips2b_001641,3,cork,cork::d,d,3
kth_tips2b_001642,3,cork,cork::d,d,3
kth_tips2b_001643,3,cork,cork::d,d,3
kth_tips2b_001644,3,cork,cork::d,d,3
kth_tips2b_001645,3,cork,cork::d,d,3
kth_tips2b_001646,3,cork,cork::d,d,3
kth_tips2b_001647,3,cork,cork::d,d,3
kth_tips2b_001648,3,cork,cork::d,d,3
kth_tips2b_001649,3,cork,cork::d,d,3
kth_tips2b_001650,3,cork,cork::d,d,3
kth_tips2b_001651,3,cork,cork::d,d,3
kth_tips2b_001652,3,cork,cork::d,d,3
kth_tips2b_001653,3,cork,cork::d,d,3
kth_tips2b_001654,3,cork,cork::d,d,3
kth_tips2b_001655,3,cork,cork::d,d,3
kth_tips2b_001656,3,cork,cork::d,d,3
kth_tips2b_001657,3,cork,cork::d,d,3
kth_tips2b_001658,3,cork,cork::d,d,3
kth_tips2b_001659,3,cork,cork::d,d,3
kth_tips2b_001660,3,cork,cork::d,d,3
kth_tips2b_001661,3,cork,cork::d,d,3
kth_tips2b_001662,3,cork,cork::d,d,3
kth_tips2b_001663,3,cork,cork::d,d,3
kth_tips2b_001664,3,cork,cork::d,d,3
kth_tips2b_001665,3,cork,cork::d,d,3
kth_tips2b_001666,3,cork,cork::d,d,3
kth_tips2b_001667,3,cork,cork::d,d,3
kth_tips2b_001668,3,cork,cork::d,d,3
kth_tips2b_001669,3,cork,cork::d,d,3
kth_tips2b_001670,3,cork,cork::d,d,3
kth_tips2b_001671,3,cork,cork::d,d,3
kth_tips2b_001672,3,cork,cork::d,d,3
kth_tips2b_001673,3,cork,cork::d,d,3
kth_tips2b_001674,3,cork,cork::d,d,3
kth_tips2b_001675,3,cork,cork::d,d,3
kth_tips2b_001676,3,cork,cork::d,d,3
kth_tips2b_001677,3,cork,cork::d,d,3
kth_tips2b_001678,3,cork,cork::d,d,3
kth_tips2b_001679,3,cork,cork::d,d,3
kth_tips2b_001680,3,cork,cork::d,d,3
kth_tips2b_001681,3,cork,cork::d,d,3
kth_tips2b_001682,3,cork,cork::d,d,3
kth_tips2b_001683,3,cork,cork::d,d,3
kth_tips2b_001684,3,cork,cork::d,d,3
kth_tips2b_001685,3,cork,cork::d,d,3
kth_tips2b_001686,3,cork,cork::d,d,3
kth_tips2b_001687,3,cork,cork::d,d,3
kth_tips2b_001688,3,cork,cork::d,d,3
kth_tips2b_001689,3,cork,cork::d,d,3
kth_tips2b_001690,3,cork,cork::d,d,3
kth_tips2b_001691,3,cork,cork::d,d,3
kth_tips2b_001692,3,cork,cork::d,d,3
kth_tips2b_001693,3,cork,cork::d,d,3
kth_tips2b_001694,3,cork,cork::d,d,3
kth_tips2b_001695,3,cork,cork::d,d,3
kth_tips2b_001696,3,cork,cork::d,d,3
kth_tips2b_001697,3,cork,cork::d,d,3
kth_tips2b_001698,3,cork,cork::d,d,3
kth_tips2b_001699,3,cork,cork::d,d,3
kth_tips2b_001700,3,cork,cork::d,d,3
kth_tips2b_001701,3,cork,cork::d,d,3
kth_tips2b_001702,3,cork,cork::d,d,3
kth_tips2b_001703,3,cork,cork::d,d,3
kth_tips2b_001704,3,cork,cork::d,d,3
kth_tips2b_001705,3,cork,cork::d,d,3
kth_tips2b_001706,3,cork,cork::d,d,3
kth_tips2b_001707,3,cork,cork::d,d,3
kth_tips2b_001708,3,cork,cork::d,d,3
kth_tips2b_001709,3,cork,cork::d,d,3
kth_tips2b_001710,3,cork,cork::d,d,3
kth_tips2b_001711,3,cork,cork::d,d,3
kth_tips2b_001712,3,cork,cork::d,d,3
kth_tips2b_001713,3,cork,cork::d,d,3
kth_tips2b_001714,3,cork,cork::d,d,3
kth_tips2b_001715,3,cork,cork::d,d,3
kth_tips2b_001716,3,cork,cork::d,d,3
kth_tips2b_001717,3,cork,cork::d,d,3
kth_tips2b_001718,3,cork,cork::d,d,3
kth_tips2b_001719,3,cork,cork::d,d,3
kth_tips2b_001720,3,cork,cork::d,d,3
kth_tips2b_001721,3,cork,cork::d,d,3
kth_tips2b_001722,3,cork,cork::d,d,3
kth_tips2b_001723,3,cork,cork::d,d,3
kth_tips2b_001724,3,cork,cork::d,d,3
kth_tips2b_001725,3,cork,cork::d,d,3
kth_tips2b_001726,3,cork,cork::d,d,3
kth_tips2b_001727,3,cork,cork::d,d,3
kth_tips2b_001728,4,cotton,cotton::a,a,0
kth_tips2b_001729,4,cotton,cotton::a,a,0
kth_tips2b_001730,4,cotton,cotton::a,a,0
kth_tips2b_001731,4,cotton,cotton::a,a,0
kth_tips2b_001732,4,cotton,cotton::a,a,0
kth_tips2b_001733,4,cotton,cotton::a,a,0
kth_tips2b_001734,4,cotton,cotton::a,a,0
kth_tips2b_001735,4,cotton,cotton::a,a,0
kth_tips2b_001736,4,cotton,cotton::a,a,0
kth_tips2b_001737,4,cotton,cotton::a,a,0
kth_tips2b_001738,4,cotton,cotton::a,a,0
kth_tips2b_001739,4,cotton,cotton::a,a,0
kth_tips2b_001740,4,cotton,cotton::a,a,0
kth_tips2b_001741,4,cotton,cotton::a,a,0
kth_tips2b_001742,4,cotton,cotton::a,a,0
kth_tips2b_001743,4,cotton,cotton::a,a,0
kth_tips2b_001744,4,cotton,cotton::a,a,0
kth_tips2b_001745,4,cotton,cotton::a,a,0
kth_tips2b_001746,4,cotton,cotton::a,a,0
kth_tips2b_001747,4,cotton,cotton::a,a,0
kth_tips2b_001748,4,cotton,cotton::a,a,0
kth_tips2b_001749,4,cotton,cotton::a,a,0
kth_tips2b_001750,4,cotton,cotton::a,a,0
kth_tips2b_001751,4,cotton,cotton::a,a,0
kth_tips2b_001752,4,cotton,cotton::a,a,0
kth_tips2b_001753,4,cotton,cotton::a,a,0
kth_tips2b_001754,4,cotton,cotton::a,a,0
kth_tips2b_001755,4,cotton,cotton::a,a,0
kth_tips2b_001756,4,cotton,cotton::a,a,0
kth_tips2b_001757,4,cotton,cotton::a,a,0
kth_tips2b_001758,4,cotton,cotton::a,a,0
kth_tips2b_001759,4,cotton,cotton::a,a,0
kth_tips2b_001760,4,cotton,cotton::a,a,0
kth_tips2b_001761,4,cotton,cotton::a,a,0
kth_tips2b_001762,4,cotton,cotton::a,a,0
kth_tips2b_001763,4,cotton,cotton::a,a,0
kth_tips2b_001764,4,cotton,cotton::a,a,0
kth_tips2b_001765,4,cotton,cotton::a,a,0
kth_tips2b_001766,4,cotton,cotton::a,a,0
kth_tips2b_001767,4,cotton,cotton::a,a,0
kth_tips2b_001768,4,cotton,cotton::a,a,0
kth_tips2b_001769,4,cotton,cotton::a,a,0
kth_tips2b_001770,4,cotton,cotton::a,a,0
kth_tips2b_001771,4,cotton,cotton::a,a,0
kth_tips2b_001772,4,cotton,cotton::a,a,0
kth_tips2b_001773,4,cotton,cotton::a,a,0
kth_tips2b_001774,4,cotton,cotton::a,a,0
kth_tips2b_001775,4,cotton,cotton::a,a,0
kth_tips2b_001776,4,cotton,cotton::a,a,0
kth_tips2b_001777,4,cotton,cotton::a,a,0
kth_tips2b_001778,4,cotton,cotton::a,a,0
kth_tips2b_001779,4,cotton,cotton::a,a,0
kth_tips2b_001780,4,cotton,cotton::a,a,0
kth_tips2b_001781,4,cotton,cotton::a,a,0
kth_tips2b_001782,4,cotton,cotton::a,a,0
kth_tips2b_001783,4,cotton,cotton::a,a,0
kth_tips2b_001784,4,cotton,cotton::a,a,0
kth_tips2b_001785,4,cotton,cotton::a,a,0
kth_tips2b_001786,4,cotton,cotton::a,a,0
kth_tips2b_001787,4,cotton,cotton::a,a,0
kth_tips2b_001788,4,cotton,cotton::a,a,0
kth_tips2b_001789,4,cotton,cotton::a,a,0
kth_tips2b_001790,4,cotton,cotton::a,a,0
kth_tips2b_001791,4,cotton,cotton::a,a,0
kth_tips2b_001792,4,cotton,cotton::a,a,0
kth_tips2b_001793,4,cotton,cotton::a,a,0
kth_tips2b_001794,4,cotton,cotton::a,a,0
kth_tips2b_001795,4,cotton,cotton::a,a,0
kth_tips2b_001796,4,cotton,cotton::a,a,0
kth_tips2b_001797,4,cotton,cotton::a,a,0
kth_tips2b_001798,4,cotton,cotton::a,a,0
kth_tips2b_001799,4,cotton,cotton::a,a,0
kth_tips2b_001800,4,cotton,cotton::a,a,0
kth_tips2b_001801,4,cotton,cotton::a,a,0
kth_tips2b_001802,4,cotton,cotton::a,a,0
kth_tips2b_001803,4,cotton,cotton::a,a,0
kth_tips2b_001804,4,cotton,cotton::a,a,0
kth_tips2b_001805,4,cotton,cotton::a,a,0
kth_tips2b_001806,4,cotton,cotton::a,a,0
kth_tips2b_001807,4,cotton,cotton::a,a,0
kth_tips2b_001808,4,cotton,cotton::a,a,0
kth_tips2b_001809,4,cotton,cotton::a,a,0
kth_tips2b_001810,4,cotton,cotton::a,a,0
kth_tips2b_001811,4,cotton,cotton::a,a,0
kth_tips2b_001812,4,cotton,cotton::a,a,0
kth_tips2b_001813,4,cotton,cotton::a,a,0
kth_tips2b_001814,4,cotton,cotton::a,a,0
kth_tips2b_001815,4,cotton,cotton::a,a,0
kth_tips2b_001816,4,cotton,cotton::a,a,0
kth_tips2b_001817,4,cotton,cotton::a,a,0
kth_tips2b_001818,4,cotton,cotton::a,a,0
kth_tips2b_001819,4,cotton,cotton::a,a,0
kth_tips2b_001820,4,cotton,cotton::a,a,0
kth_tips2b_001821,4,cotton,cotton::a,a,0
kth_tips2b_001822,4,cotton,cotton::a,a,0
kth_tips2b_001823,4,cotton,cotton::a,a,0
kth_tips2b_001824,4,cotton,cotton::a,a,0
kth_tips2b_001825,4,cotton,cotton::a,a,0
kth_tips2b_001826,4,cotton,cotton::a,a,0
kth_tips2b_001827,4,cotton,cotton::a,a,0
kth_tips2b_001828,4,cotton,cotton::a,a,0
kth_tips2b_001829,4,cotton,cotton::a,a,0
kth_tips2b_001830,4,cotton,cotton::a,a,0
kth_tips2b_001831,4,cotton,cotton::a,a,0
kth_tips2b_001832,4,cotton,cotton::a,a,0
kth_tips2b_001833,4,cotton,cotton::a,a,0
kth_tips2b_001834,4,cotton,cotton::a,a,0
kth_tips2b_001835,4,cotton,cotton::a,a,0
kth_tips2b_001836,4,cotton,cotton::b,b,1
kth_tips2b_001837,4,cotton,cotton::b,b,1
kth_tips2b_001838,4,cotton,cotton::b,b,1
kth_tips2b_001839,4,cotton,cotton::b,b,1
kth_tips2b_001840,4,cotton,cotton::b,b,1
kth_tips2b_001841,4,cotton,cotton::b,b,1
kth_tips2b_001842,4,cotton,cotton::b,b,1
kth_tips2b_001843,4,cotton,cotton::b,b,1
kth_tips2b_001844,4,cotton,cotton::b,b,1
kth_tips2b_001845,4,cotton,cotton::b,b,1
kth_tips2b_001846,4,cotton,cotton::b,b,1
kth_tips2b_001847,4,cotton,cotton::b,b,1
kth_tips2b_001848,4,cotton,cotton::b,b,1
kth_tips2b_001849,4,cotton,cotton::b,b,1
kth_tips2b_001850,4,cotton,cotton::b,b,1
kth_tips2b_001851,4,cotton,cotton::b,b,1
kth_tips2b_001852,4,cotton,cotton::b,b,1
kth_tips2b_001853,4,cotton,cotton::b,b,1
kth_tips2b_001854,4,cotton,cotton::b,b,1
kth_tips2b_001855,4,cotton,cotton::b,b,1
kth_tips2b_001856,4,cotton,cotton::b,b,1
kth_tips2b_001857,4,cotton,cotton::b,b,1
kth_tips2b_001858,4,cotton,cotton::b,b,1
kth_tips2b_001859,4,cotton,cotton::b,b,1
kth_tips2b_001860,4,cotton,cotton::b,b,1
kth_tips2b_001861,4,cotton,cotton::b,b,1
kth_tips2b_001862,4,cotton,cotton::b,b,1
kth_tips2b_001863,4,cotton,cotton::b,b,1
kth_tips2b_001864,4,cotton,cotton::b,b,1
kth_tips2b_001865,4,cotton,cotton::b,b,1
kth_tips2b_001866,4,cotton,cotton::b,b,1
kth_tips2b_001867,4,cotton,cotton::b,b,1
kth_tips2b_001868,4,cotton,cotton::b,b,1
kth_tips2b_001869,4,cotton,cotton::b,b,1
kth_tips2b_001870,4,cotton,cotton::b,b,1
kth_tips2b_001871,4,cotton,cotton::b,b,1
kth_tips2b_001872,4,cotton,cotton::b,b,1
kth_tips2b_001873,4,cotton,cotton::b,b,1
kth_tips2b_001874,4,cotton,cotton::b,b,1
kth_tips2b_001875,4,cotton,cotton::b,b,1
kth_tips2b_001876,4,cotton,cotton::b,b,1
kth_tips2b_001877,4,cotton,cotton::b,b,1
kth_tips2b_001878,4,cotton,cotton::b,b,1
kth_tips2b_001879,4,cotton,cotton::b,b,1
kth_tips2b_001880,4,cotton,cotton::b,b,1
kth_tips2b_001881,4,cotton,cotton::b,b,1
kth_tips2b_001882,4,cotton,cotton::b,b,1
kth_tips2b_001883,4,cotton,cotton::b,b,1
kth_tips2b_001884,4,cotton,cotton::b,b,1
kth_tips2b_001885,4,cotton,cotton::b,b,1
kth_tips2b_001886,4,cotton,cotton::b,b,1
kth_tips2b_001887,4,cotton,cotton::b,b,1
kth_tips2b_001888,4,cotton,cotton::b,b,1
kth_tips2b_001889,4,cotton,cotton::b,b,1
kth_tips2b_001890,4,cotton,cotton::b,b,1
kth_tips2b_001891,4,cotton,cotton::b,b,1
kth_tips2b_001892,4,cotton,cotton::b,b,1
kth_tips2b_001893,4,cotton,cotton::b,b,1
kth_tips2b_001894,4,cotton,cotton::b,b,1
kth_tips2b_001895,4,cotton,cotton::b,b,1
kth_tips2b_001896,4,cotton,cotton::b,b,1
kth_tips2b_001897,4,cotton,cotton::b,b,1
kth_tips2b_001898,4,cotton,cotton::b,b,1
kth_tips2b_001899,4,cotton,cotton::b,b,1
kth_tips2b_001900,4,cotton,cotton::b,b,1
kth_tips2b_001901,4,cotton,cotton::b,b,1
kth_tips2b_001902,4,cotton,cotton::b,b,1
kth_tips2b_001903,4,cotton,cotton::b,b,1
kth_tips2b_001904,4,cotton,cotton::b,b,1
kth_tips2b_001905,4,cotton,cotton::b,b,1
kth_tips2b_001906,4,cotton,cotton::b,b,1
kth_tips2b_001907,4,cotton,cotton::b,b,1
kth_tips2b_001908,4,cotton,cotton::b,b,1
kth_tips2b_001909,4,cotton,cotton::b,b,1
kth_tips2b_001910,4,cotton,cotton::b,b,1
kth_tips2b_001911,4,cotton,cotton::b,b,1
kth_tips2b_001912,4,cotton,cotton::b,b,1
kth_tips2b_001913,4,cotton,cotton::b,b,1
kth_tips2b_001914,4,cotton,cotton::b,b,1
kth_tips2b_001915,4,cotton,cotton::b,b,1
kth_tips2b_001916,4,cotton,cotton::b,b,1
kth_tips2b_001917,4,cotton,cotton::b,b,1
kth_tips2b_001918,4,cotton,cotton::b,b,1
kth_tips2b_001919,4,cotton,cotton::b,b,1
kth_tips2b_001920,4,cotton,cotton::b,b,1
kth_tips2b_001921,4,cotton,cotton::b,b,1
kth_tips2b_001922,4,cotton,cotton::b,b,1
kth_tips2b_001923,4,cotton,cotton::b,b,1
kth_tips2b_001924,4,cotton,cotton::b,b,1
kth_tips2b_001925,4,cotton,cotton::b,b,1
kth_tips2b_001926,4,cotton,cotton::b,b,1
kth_tips2b_001927,4,cotton,cotton::b,b,1
kth_tips2b_001928,4,cotton,cotton::b,b,1
kth_tips2b_001929,4,cotton,cotton::b,b,1
kth_tips2b_001930,4,cotton,cotton::b,b,1
kth_tips2b_001931,4,cotton,cotton::b,b,1
kth_tips2b_001932,4,cotton,cotton::b,b,1
kth_tips2b_001933,4,cotton,cotton::b,b,1
kth_tips2b_001934,4,cotton,cotton::b,b,1
kth_tips2b_001935,4,cotton,cotton::b,b,1
kth_tips2b_001936,4,cotton,cotton::b,b,1
kth_tips2b_001937,4,cotton,cotton::b,b,1
kth_tips2b_001938,4,cotton,cotton::b,b,1
kth_tips2b_001939,4,cotton,cotton::b,b,1
kth_tips2b_001940,4,cotton,cotton::b,b,1
kth_tips2b_001941,4,cotton,cotton::b,b,1
kth_tips2b_001942,4,cotton,cotton::b,b,1
kth_tips2b_001943,4,cotton,cotton::b,b,1
kth_tips2b_001944,4,cotton,cotton::c,c,2
kth_tips2b_001945,4,cotton,cotton::c,c,2
kth_tips2b_001946,4,cotton,cotton::c,c,2
kth_tips2b_001947,4,cotton,cotton::c,c,2
kth_tips2b_001948,4,cotton,cotton::c,c,2
kth_tips2b_001949,4,cotton,cotton::c,c,2
kth_tips2b_001950,4,cotton,cotton::c,c,2
kth_tips2b_001951,4,cotton,cotton::c,c,2
kth_tips2b_001952,4,cotton,cotton::c,c,2
kth_tips2b_001953,4,cotton,cotton::c,c,2
kth_tips2b_001954,4,cotton,cotton::c,c,2
kth_tips2b_001955,4,cotton,cotton::c,c,2
kth_tips2b_001956,4,cotton,cotton::c,c,2
kth_tips2b_001957,4,cotton,cotton::c,c,2
kth_tips2b_001958,4,cotton,cotton::c,c,2
kth_tips2b_001959,4,cotton,cotton::c,c,2
kth_tips2b_001960,4,cotton,cotton::c,c,2
kth_tips2b_001961,4,cotton,cotton::c,c,2
kth_tips2b_001962,4,cotton,cotton::c,c,2
kth_tips2b_001963,4,cotton,cotton::c,c,2
kth_tips2b_001964,4,cotton,cotton::c,c,2
kth_tips2b_001965,4,cotton,cotton::c,c,2
kth_tips2b_001966,4,cotton,cotton::c,c,2
kth_tips2b_001967,4,cotton,cotton::c,c,2
kth_tips2b_001968,4,cotton,cotton::c,c,2
kth_tips2b_001969,4,cotton,cotton::c,c,2
kth_tips2b_001970,4,cotton,cotton::c,c,2
kth_tips2b_001971,4,cotton,cotton::c,c,2
kth_tips2b_001972,4,cotton,cotton::c,c,2
kth_tips2b_001973,4,cotton,cotton::c,c,2
kth_tips2b_001974,4,cotton,cotton::c,c,2
kth_tips2b_001975,4,cotton,cotton::c,c,2
kth_tips2b_001976,4,cotton,cotton::c,c,2
kth_tips2b_001977,4,cotton,cotton::c,c,2
kth_tips2b_001978,4,cotton,cotton::c,c,2
kth_tips2b_001979,4,cotton,cotton::c,c,2
kth_tips2b_001980,4,cotton,cotton::c,c,2
kth_tips2b_001981,4,cotton,cotton::c,c,2
kth_tips2b_001982,4,cotton,cotton::c,c,2
kth_tips2b_001983,4,cotton,cotton::c,c,2
kth_tips2b_001984,4,cotton,cotton::c,c,2
kth_tips2b_001985,4,cotton,cotton::c,c,2
kth_tips2b_001986,4,cotton,cotton::c,c,2
kth_tips2b_001987,4,cotton,cotton::c,c,2
kth_tips2b_001988,4,cotton,cotton::c,c,2
kth_tips2b_001989,4,cotton,cotton::c,c,2
kth_tips2b_001990,4,cotton,cotton::c,c,2
kth_tips2b_001991,4,cotton,cotton::c,c,2
kth_tips2b_001992,4,cotton,cotton::c,c,2
kth_tips2b_001993,4,cotton,cotton::c,c,2
kth_tips2b_001994,4,cotton,cotton::c,c,2
kth_tips2b_001995,4,cotton,cotton::c,c,2
kth_tips2b_001996,4,cotton,cotton::c,c,2
kth_tips2b_001997,4,cotton,cotton::c,c,2
kth_tips2b_001998,4,cotton,cotton::c,c,2
kth_tips2b_001999,4,cotton,cotton::c,c,2
kth_tips2b_002000,4,cotton,cotton::c,c,2
kth_tips2b_002001,4,cotton,cotton::c,c,2
kth_tips2b_002002,4,cotton,cotton::c,c,2
kth_tips2b_002003,4,cotton,cotton::c,c,2
kth_tips2b_002004,4,cotton,cotton::c,c,2
kth_tips2b_002005,4,cotton,cotton::c,c,2
kth_tips2b_002006,4,cotton,cotton::c,c,2
kth_tips2b_002007,4,cotton,cotton::c,c,2
kth_tips2b_002008,4,cotton,cotton::c,c,2
kth_tips2b_002009,4,cotton,cotton::c,c,2
kth_tips2b_002010,4,cotton,cotton::c,c,2
kth_tips2b_002011,4,cotton,cotton::c,c,2
kth_tips2b_002012,4,cotton,cotton::c,c,2
kth_tips2b_002013,4,cotton,cotton::c,c,2
kth_tips2b_002014,4,cotton,cotton::c,c,2
kth_tips2b_002015,4,cotton,cotton::c,c,2
kth_tips2b_002016,4,cotton,cotton::c,c,2
kth_tips2b_002017,4,cotton,cotton::c,c,2
kth_tips2b_002018,4,cotton,cotton::c,c,2
kth_tips2b_002019,4,cotton,cotton::c,c,2
kth_tips2b_002020,4,cotton,cotton::c,c,2
kth_tips2b_002021,4,cotton,cotton::c,c,2
kth_tips2b_002022,4,cotton,cotton::c,c,2
kth_tips2b_002023,4,cotton,cotton::c,c,2
kth_tips2b_002024,4,cotton,cotton::c,c,2
kth_tips2b_002025,4,cotton,cotton::c,c,2
kth_tips2b_002026,4,cotton,cotton::c,c,2
kth_tips2b_002027,4,cotton,cotton::c,c,2
kth_tips2b_002028,4,cotton,cotton::c,c,2
kth_tips2b_002029,4,cotton,cotton::c,c,2
kth_tips2b_002030,4,cotton,cotton::c,c,2
kth_tips2b_002031,4,cotton,cotton::c,c,2
kth_tips2b_002032,4,cotton,cotton::c,c,2
kth_tips2b_002033,4,cotton,cotton::c,c,2
kth_tips2b_002034,4,cotton,cotton::c,c,2
kth_tips2b_002035,4,cotton,cotton::c,c,2
kth_tips2b_002036,4,cotton,cotton::c,c,2
kth_tips2b_002037,4,cotton,cotton::c,c,2
kth_tips2b_002038,4,cotton,cotton::c,c,2
kth_tips2b_002039,4,cotton,cotton::c,c,2
kth_tips2b_002040,4,cotton,cotton::c,c,2
kth_tips2b_002041,4,cotton,cotton::c,c,2
kth_tips2b_002042,4,cotton,cotton::c,c,2
kth_tips2b_002043,4,cotton,cotton::c,c,2
kth_tips2b_002044,4,cotton,cotton::c,c,2
kth_tips2b_002045,4,cotton,cotton::c,c,2
kth_tips2b_002046,4,cotton,cotton::c,c,2
kth_tips2b_002047,4,cotton,cotton::c,c,2
kth_tips2b_002048,4,cotton,cotton::c,c,2
kth_tips2b_002049,4,cotton,cotton::c,c,2
kth_tips2b_002050,4,cotton,cotton::c,c,2
kth_tips2b_002051,4,cotton,cotton::c,c,2
kth_tips2b_002052,4,cotton,cotton::d,d,3
kth_tips2b_002053,4,cotton,cotton::d,d,3
kth_tips2b_002054,4,cotton,cotton::d,d,3
kth_tips2b_002055,4,cotton,cotton::d,d,3
kth_tips2b_002056,4,cotton,cotton::d,d,3
kth_tips2b_002057,4,cotton,cotton::d,d,3
kth_tips2b_002058,4,cotton,cotton::d,d,3
kth_tips2b_002059,4,cotton,cotton::d,d,3
kth_tips2b_002060,4,cotton,cotton::d,d,3
kth_tips2b_002061,4,cotton,cotton::d,d,3
kth_tips2b_002062,4,cotton,cotton::d,d,3
kth_tips2b_002063,4,cotton,cotton::d,d,3
kth_tips2b_002064,4,cotton,cotton::d,d,3
kth_tips2b_002065,4,cotton,cotton::d,d,3
kth_tips2b_002066,4,cotton,cotton::d,d,3
kth_tips2b_002067,4,cotton,cotton::d,d,3
kth_tips2b_002068,4,cotton,cotton::d,d,3
kth_tips2b_002069,4,cotton,cotton::d,d,3
kth_tips2b_002070,4,cotton,cotton::d,d,3
kth_tips2b_002071,4,cotton,cotton::d,d,3
kth_tips2b_002072,4,cotton,cotton::d,d,3
kth_tips2b_002073,4,cotton,cotton::d,d,3
kth_tips2b_002074,4,cotton,cotton::d,d,3
kth_tips2b_002075,4,cotton,cotton::d,d,3
kth_tips2b_002076,4,cotton,cotton::d,d,3
kth_tips2b_002077,4,cotton,cotton::d,d,3
kth_tips2b_002078,4,cotton,cotton::d,d,3
kth_tips2b_002079,4,cotton,cotton::d,d,3
kth_tips2b_002080,4,cotton,cotton::d,d,3
kth_tips2b_002081,4,cotton,cotton::d,d,3
kth_tips2b_002082,4,cotton,cotton::d,d,3
kth_tips2b_002083,4,cotton,cotton::d,d,3
kth_tips2b_002084,4,cotton,cotton::d,d,3
kth_tips2b_002085,4,cotton,cotton::d,d,3
kth_tips2b_002086,4,cotton,cotton::d,d,3
kth_tips2b_002087,4,cotton,cotton::d,d,3
kth_tips2b_002088,4,cotton,cotton::d,d,3
kth_tips2b_002089,4,cotton,cotton::d,d,3
kth_tips2b_002090,4,cotton,cotton::d,d,3
kth_tips2b_002091,4,cotton,cotton::d,d,3
kth_tips2b_002092,4,cotton,cotton::d,d,3
kth_tips2b_002093,4,cotton,cotton::d,d,3
kth_tips2b_002094,4,cotton,cotton::d,d,3
kth_tips2b_002095,4,cotton,cotton::d,d,3
kth_tips2b_002096,4,cotton,cotton::d,d,3
kth_tips2b_002097,4,cotton,cotton::d,d,3
kth_tips2b_002098,4,cotton,cotton::d,d,3
kth_tips2b_002099,4,cotton,cotton::d,d,3
kth_tips2b_002100,4,cotton,cotton::d,d,3
kth_tips2b_002101,4,cotton,cotton::d,d,3
kth_tips2b_002102,4,cotton,cotton::d,d,3
kth_tips2b_002103,4,cotton,cotton::d,d,3
kth_tips2b_002104,4,cotton,cotton::d,d,3
kth_tips2b_002105,4,cotton,cotton::d,d,3
kth_tips2b_002106,4,cotton,cotton::d,d,3
kth_tips2b_002107,4,cotton,cotton::d,d,3
kth_tips2b_002108,4,cotton,cotton::d,d,3
kth_tips2b_002109,4,cotton,cotton::d,d,3
kth_tips2b_002110,4,cotton,cotton::d,d,3
kth_tips2b_002111,4,cotton,cotton::d,d,3
kth_tips2b_002112,4,cotton,cotton::d,d,3
kth_tips2b_002113,4,cotton,cotton::d,d,3
kth_tips2b_002114,4,cotton,cotton::d,d,3
kth_tips2b_002115,4,cotton,cotton::d,d,3
kth_tips2b_002116,4,cotton,cotton::d,d,3
kth_tips2b_002117,4,cotton,cotton::d,d,3
kth_tips2b_002118,4,cotton,cotton::d,d,3
kth_tips2b_002119,4,cotton,cotton::d,d,3
kth_tips2b_002120,4,cotton,cotton::d,d,3
kth_tips2b_002121,4,cotton,cotton::d,d,3
kth_tips2b_002122,4,cotton,cotton::d,d,3
kth_tips2b_002123,4,cotton,cotton::d,d,3
kth_tips2b_002124,4,cotton,cotton::d,d,3
kth_tips2b_002125,4,cotton,cotton::d,d,3
kth_tips2b_002126,4,cotton,cotton::d,d,3
kth_tips2b_002127,4,cotton,cotton::d,d,3
kth_tips2b_002128,4,cotton,cotton::d,d,3
kth_tips2b_002129,4,cotton,cotton::d,d,3
kth_tips2b_002130,4,cotton,cotton::d,d,3
kth_tips2b_002131,4,cotton,cotton::d,d,3
kth_tips2b_002132,4,cotton,cotton::d,d,3
kth_tips2b_002133,4,cotton,cotton::d,d,3
kth_tips2b_002134,4,cotton,cotton::d,d,3
kth_tips2b_002135,4,cotton,cotton::d,d,3
kth_tips2b_002136,4,cotton,cotton::d,d,3
kth_tips2b_002137,4,cotton,cotton::d,d,3
kth_tips2b_002138,4,cotton,cotton::d,d,3
kth_tips2b_002139,4,cotton,cotton::d,d,3
kth_tips2b_002140,4,cotton,cotton::d,d,3
kth_tips2b_002141,4,cotton,cotton::d,d,3
kth_tips2b_002142,4,cotton,cotton::d,d,3
kth_tips2b_002143,4,cotton,cotton::d,d,3
kth_tips2b_002144,4,cotton,cotton::d,d,3
kth_tips2b_002145,4,cotton,cotton::d,d,3
kth_tips2b_002146,4,cotton,cotton::d,d,3
kth_tips2b_002147,4,cotton,cotton::d,d,3
kth_tips2b_002148,4,cotton,cotton::d,d,3
kth_tips2b_002149,4,cotton,cotton::d,d,3
kth_tips2b_002150,4,cotton,cotton::d,d,3
kth_tips2b_002151,4,cotton,cotton::d,d,3
kth_tips2b_002152,4,cotton,cotton::d,d,3
kth_tips2b_002153,4,cotton,cotton::d,d,3
kth_tips2b_002154,4,cotton,cotton::d,d,3
kth_tips2b_002155,4,cotton,cotton::d,d,3
kth_tips2b_002156,4,cotton,cotton::d,d,3
kth_tips2b_002157,4,cotton,cotton::d,d,3
kth_tips2b_002158,4,cotton,cotton::d,d,3
kth_tips2b_002159,4,cotton,cotton::d,d,3
kth_tips2b_002160,5,cracker,cracker::a,a,0
kth_tips2b_002161,5,cracker,cracker::a,a,0
kth_tips2b_002162,5,cracker,cracker::a,a,0
kth_tips2b_002163,5,cracker,cracker::a,a,0
kth_tips2b_002164,5,cracker,cracker::a,a,0
kth_tips2b_002165,5,cracker,cracker::a,a,0
kth_tips2b_002166,5,cracker,cracker::a,a,0
kth_tips2b_002167,5,cracker,cracker::a,a,0
kth_tips2b_002168,5,cracker,cracker::a,a,0
kth_tips2b_002169,5,cracker,cracker::a,a,0
kth_tips2b_002170,5,cracker,cracker::a,a,0
kth_tips2b_002171,5,cracker,cracker::a,a,0
kth_tips2b_002172,5,cracker,cracker::a,a,0
kth_tips2b_002173,5,cracker,cracker::a,a,0
kth_tips2b_002174,5,cracker,cracker::a,a,0
kth_tips2b_002175,5,cracker,cracker::a,a,0
kth_tips2b_002176,5,cracker,cracker::a,a,0
kth_tips2b_002177,5,cracker,cracker::a,a,0
kth_tips2b_002178,5,cracker,cracker::a,a,0
kth_tips2b_002179,5,cracker,cracker::a,a,0
kth_tips2b_002180,5,cracker,cracker::a,a,0
kth_tips2b_002181,5,cracker,cracker::a,a,0
kth_tips2b_002182,5,cracker,cracker::a,a,0
kth_tips2b_002183,5,cracker,cracker::a,a,0
kth_tips2b_002184,5,cracker,cracker::a,a,0
kth_tips2b_002185,5,cracker,cracker::a,a,0
kth_tips2b_002186,5,cracker,cracker::a,a,0
kth_tips2b_002187,5,cracker,cracker::a,a,0
kth_tips2b_002188,5,cracker,cracker::a,a,0
kth_tips2b_002189,5,cracker,cracker::a,a,0
kth_tips2b_002190,5,cracker,cracker::a,a,0
kth_tips2b_002191,5,cracker,cracker::a,a,0
kth_tips2b_002192,5,cracker,cracker::a,a,0
kth_tips2b_002193,5,cracker,cracker::a,a,0
kth_tips2b_002194,5,cracker,cracker::a,a,0
kth_tips2b_002195,5,cracker,cracker::a,a,0
kth_tips2b_002196,5,cracker,cracker::a,a,0
kth_tips2b_002197,5,cracker,cracker::a,a,0
kth_tips2b_002198,5,cracker,cracker::a,a,0
kth_tips2b_002199,5,cracker,cracker::a,a,0
kth_tips2b_002200,5,cracker,cracker::a,a,0
kth_tips2b_002201,5,cracker,cracker::a,a,0
kth_tips2b_002202,5,cracker,cracker::a,a,0
kth_tips2b_002203,5,cracker,cracker::a,a,0
kth_tips2b_002204,5,cracker,cracker::a,a,0
kth_tips2b_002205,5,cracker,cracker::a,a,0
kth_tips2b_002206,5,cracker,cracker::a,a,0
kth_tips2b_002207,5,cracker,cracker::a,a,0
kth_tips2b_002208,5,cracker,cracker::a,a,0
kth_tips2b_002209,5,cracker,cracker::a,a,0
kth_tips2b_002210,5,cracker,cracker::a,a,0
kth_tips2b_002211,5,cracker,cracker::a,a,0
kth_tips2b_002212,5,cracker,cracker::a,a,0
kth_tips2b_002213,5,cracker,cracker::a,a,0
kth_tips2b_002214,5,cracker,cracker::a,a,0
kth_tips2b_002215,5,cracker,cracker::a,a,0
kth_tips2b_002216,5,cracker,cracker::a,a,0
kth_tips2b_002217,5,cracker,cracker::a,a,0
kth_tips2b_002218,5,cracker,cracker::a,a,0
kth_tips2b_002219,5,cracker,cracker::a,a,0
kth_tips2b_002220,5,cracker,cracker::a,a,0
kth_tips2b_002221,5,cracker,cracker::a,a,0
kth_tips2b_002222,5,cracker,cracker::a,a,0
kth_tips2b_002223,5,cracker,cracker::a,a,0
kth_tips2b_002224,5,cracker,cracker::a,a,0
kth_tips2b_002225,5,cracker,cracker::a,a,0
kth_tips2b_002226,5,cracker,cracker::a,a,0
kth_tips2b_002227,5,cracker,cracker::a,a,0
kth_tips2b_002228,5,cracker,cracker::a,a,0
kth_tips2b_002229,5,cracker,cracker::a,a,0
kth_tips2b_002230,5,cracker,cracker::a,a,0
kth_tips2b_002231,5,cracker,cracker::a,a,0
kth_tips2b_002232,5,cracker,cracker::a,a,0
kth_tips2b_002233,5,cracker,cracker::a,a,0
kth_tips2b_002234,5,cracker,cracker::a,a,0
kth_tips2b_002235,5,cracker,cracker::a,a,0
kth_tips2b_002236,5,cracker,cracker::a,a,0
kth_tips2b_002237,5,cracker,cracker::a,a,0
kth_tips2b_002238,5,cracker,cracker::a,a,0
kth_tips2b_002239,5,cracker,cracker::a,a,0
kth_tips2b_002240,5,cracker,cracker::a,a,0
kth_tips2b_002241,5,cracker,cracker::a,a,0
kth_tips2b_002242,5,cracker,cracker::a,a,0
kth_tips2b_002243,5,cracker,cracker::a,a,0
kth_tips2b_002244,5,cracker,cracker::a,a,0
kth_tips2b_002245,5,cracker,cracker::a,a,0
kth_tips2b_002246,5,cracker,cracker::a,a,0
kth_tips2b_002247,5,cracker,cracker::a,a,0
kth_tips2b_002248,5,cracker,cracker::a,a,0
kth_tips2b_002249,5,cracker,cracker::a,a,0
kth_tips2b_002250,5,cracker,cracker::a,a,0
kth_tips2b_002251,5,cracker,cracker::a,a,0
kth_tips2b_002252,5,cracker,cracker::a,a,0
kth_tips2b_002253,5,cracker,cracker::a,a,0
kth_tips2b_002254,5,cracker,cracker::a,a,0
kth_tips2b_002255,5,cracker,cracker::a,a,0
kth_tips2b_002256,5,cracker,cracker::a,a,0
kth_tips2b_002257,5,cracker,cracker::a,a,0
kth_tips2b_002258,5,cracker,cracker::a,a,0
kth_tips2b_002259,5,cracker,cracker::a,a,0
kth_tips2b_002260,5,cracker,cracker::a,a,0
kth_tips2b_002261,5,cracker,cracker::a,a,0
kth_tips2b_002262,5,cracker,cracker::a,a,0
kth_tips2b_002263,5,cracker,cracker::a,a,0
kth_tips2b_002264,5,cracker,cracker::a,a,0
kth_tips2b_002265,5,cracker,cracker::a,a,0
kth_tips2b_002266,5,cracker,cracker::a,a,0
kth_tips2b_002267,5,cracker,cracker::a,a,0
kth_tips2b_002268,5,cracker,cracker::b,b,1
kth_tips2b_002269,5,cracker,cracker::b,b,1
kth_tips2b_002270,5,cracker,cracker::b,b,1
kth_tips2b_002271,5,cracker,cracker::b,b,1
kth_tips2b_002272,5,cracker,cracker::b,b,1
kth_tips2b_002273,5,cracker,cracker::b,b,1
kth_tips2b_002274,5,cracker,cracker::b,b,1
kth_tips2b_002275,5,cracker,cracker::b,b,1
kth_tips2b_002276,5,cracker,cracker::b,b,1
kth_tips2b_002277,5,cracker,cracker::b,b,1
kth_tips2b_002278,5,cracker,cracker::b,b,1
kth_tips2b_002279,5,cracker,cracker::b,b,1
kth_tips2b_002280,5,cracker,cracker::b,b,1
kth_tips2b_002281,5,cracker,cracker::b,b,1
kth_tips2b_002282,5,cracker,cracker::b,b,1
kth_tips2b_002283,5,cracker,cracker::b,b,1
kth_tips2b_002284,5,cracker,cracker::b,b,1
kth_tips2b_002285,5,cracker,cracker::b,b,1
kth_tips2b_002286,5,cracker,cracker::b,b,1
kth_tips2b_002287,5,cracker,cracker::b,b,1
kth_tips2b_002288,5,cracker,cracker::b,b,1
kth_tips2b_002289,5,cracker,cracker::b,b,1
kth_tips2b_002290,5,cracker,cracker::b,b,1
kth_tips2b_002291,5,cracker,cracker::b,b,1
kth_tips2b_002292,5,cracker,cracker::b,b,1
kth_tips2b_002293,5,cracker,cracker::b,b,1
kth_tips2b_002294,5,cracker,cracker::b,b,1
kth_tips2b_002295,5,cracker,cracker::b,b,1
kth_tips2b_002296,5,cracker,cracker::b,b,1
kth_tips2b_002297,5,cracker,cracker::b,b,1
kth_tips2b_002298,5,cracker,cracker::b,b,1
kth_tips2b_002299,5,cracker,cracker::b,b,1
kth_tips2b_002300,5,cracker,cracker::b,b,1
kth_tips2b_002301,5,cracker,cracker::b,b,1
kth_tips2b_002302,5,cracker,cracker::b,b,1
kth_tips2b_002303,5,cracker,cracker::b,b,1
kth_tips2b_002304,5,cracker,cracker::b,b,1
kth_tips2b_002305,5,cracker,cracker::b,b,1
kth_tips2b_002306,5,cracker,cracker::b,b,1
kth_tips2b_002307,5,cracker,cracker::b,b,1
kth_tips2b_002308,5,cracker,cracker::b,b,1
kth_tips2b_002309,5,cracker,cracker::b,b,1
kth_tips2b_002310,5,cracker,cracker::b,b,1
kth_tips2b_002311,5,cracker,cracker::b,b,1
kth_tips2b_002312,5,cracker,cracker::b,b,1
kth_tips2b_002313,5,cracker,cracker::b,b,1
kth_tips2b_002314,5,cracker,cracker::b,b,1
kth_tips2b_002315,5,cracker,cracker::b,b,1
kth_tips2b_002316,5,cracker,cracker::b,b,1
kth_tips2b_002317,5,cracker,cracker::b,b,1
kth_tips2b_002318,5,cracker,cracker::b,b,1
kth_tips2b_002319,5,cracker,cracker::b,b,1
kth_tips2b_002320,5,cracker,cracker::b,b,1
kth_tips2b_002321,5,cracker,cracker::b,b,1
kth_tips2b_002322,5,cracker,cracker::b,b,1
kth_tips2b_002323,5,cracker,cracker::b,b,1
kth_tips2b_002324,5,cracker,cracker::b,b,1
kth_tips2b_002325,5,cracker,cracker::b,b,1
kth_tips2b_002326,5,cracker,cracker::b,b,1
kth_tips2b_002327,5,cracker,cracker::b,b,1
kth_tips2b_002328,5,cracker,cracker::b,b,1
kth_tips2b_002329,5,cracker,cracker::b,b,1
kth_tips2b_002330,5,cracker,cracker::b,b,1
kth_tips2b_002331,5,cracker,cracker::b,b,1
kth_tips2b_002332,5,cracker,cracker::b,b,1
kth_tips2b_002333,5,cracker,cracker::b,b,1
kth_tips2b_002334,5,cracker,cracker::b,b,1
kth_tips2b_002335,5,cracker,cracker::b,b,1
kth_tips2b_002336,5,cracker,cracker::b,b,1
kth_tips2b_002337,5,cracker,cracker::b,b,1
kth_tips2b_002338,5,cracker,cracker::b,b,1
kth_tips2b_002339,5,cracker,cracker::b,b,1
kth_tips2b_002340,5,cracker,cracker::b,b,1
kth_tips2b_002341,5,cracker,cracker::b,b,1
kth_tips2b_002342,5,cracker,cracker::b,b,1
kth_tips2b_002343,5,cracker,cracker::b,b,1
kth_tips2b_002344,5,cracker,cracker::b,b,1
kth_tips2b_002345,5,cracker,cracker::b,b,1
kth_tips2b_002346,5,cracker,cracker::b,b,1
kth_tips2b_002347,5,cracker,cracker::b,b,1
kth_tips2b_002348,5,cracker,cracker::b,b,1
kth_tips2b_002349,5,cracker,cracker::b,b,1
kth_tips2b_002350,5,cracker,cracker::b,b,1
kth_tips2b_002351,5,cracker,cracker::b,b,1
kth_tips2b_002352,5,cracker,cracker::b,b,1
kth_tips2b_002353,5,cracker,cracker::b,b,1
kth_tips2b_002354,5,cracker,cracker::b,b,1
kth_tips2b_002355,5,cracker,cracker::b,b,1
kth_tips2b_002356,5,cracker,cracker::b,b,1
kth_tips2b_002357,5,cracker,cracker::b,b,1
kth_tips2b_002358,5,cracker,cracker::b,b,1
kth_tips2b_002359,5,cracker,cracker::b,b,1
kth_tips2b_002360,5,cracker,cracker::b,b,1
kth_tips2b_002361,5,cracker,cracker::b,b,1
kth_tips2b_002362,5,cracker,cracker::b,b,1
kth_tips2b_002363,5,cracker,cracker::b,b,1
kth_tips2b_002364,5,cracker,cracker::b,b,1
kth_tips2b_002365,5,cracker,cracker::b,b,1
kth_tips2b_002366,5,cracker,cracker::b,b,1
kth_tips2b_002367,5,cracker,cracker::b,b,1
kth_tips2b_002368,5,cracker,cracker::b,b,1
kth_tips2b_002369,5,cracker,cracker::b,b,1
kth_tips2b_002370,5,cracker,cracker::b,b,1
kth_tips2b_002371,5,cracker,cracker::b,b,1
kth_tips2b_002372,5,cracker,cracker::b,b,1
kth_tips2b_002373,5,cracker,cracker::b,b,1
kth_tips2b_002374,5,cracker,cracker::b,b,1
kth_tips2b_002375,5,cracker,cracker::b,b,1
kth_tips2b_002376,5,cracker,cracker::c,c,2
kth_tips2b_002377,5,cracker,cracker::c,c,2
kth_tips2b_002378,5,cracker,cracker::c,c,2
kth_tips2b_002379,5,cracker,cracker::c,c,2
kth_tips2b_002380,5,cracker,cracker::c,c,2
kth_tips2b_002381,5,cracker,cracker::c,c,2
kth_tips2b_002382,5,cracker,cracker::c,c,2
kth_tips2b_002383,5,cracker,cracker::c,c,2
kth_tips2b_002384,5,cracker,cracker::c,c,2
kth_tips2b_002385,5,cracker,cracker::c,c,2
kth_tips2b_002386,5,cracker,cracker::c,c,2
kth_tips2b_002387,5,cracker,cracker::c,c,2
kth_tips2b_002388,5,cracker,cracker::c,c,2
kth_tips2b_002389,5,cracker,cracker::c,c,2
kth_tips2b_002390,5,cracker,cracker::c,c,2
kth_tips2b_002391,5,cracker,cracker::c,c,2
kth_tips2b_002392,5,cracker,cracker::c,c,2
kth_tips2b_002393,5,cracker,cracker::c,c,2
kth_tips2b_002394,5,cracker,cracker::c,c,2
kth_tips2b_002395,5,cracker,cracker::c,c,2
kth_tips2b_002396,5,cracker,cracker::c,c,2
kth_tips2b_002397,5,cracker,cracker::c,c,2
kth_tips2b_002398,5,cracker,cracker::c,c,2
kth_tips2b_002399,5,cracker,cracker::c,c,2
kth_tips2b_002400,5,cracker,cracker::c,c,2
kth_tips2b_002401,5,cracker,cracker::c,c,2
kth_tips2b_002402,5,cracker,cracker::c,c,2
kth_tips2b_002403,5,cracker,cracker::c,c,2
kth_tips2b_002404,5,cracker,cracker::c,c,2
kth_tips2b_002405,5,cracker,cracker::c,c,2
kth_tips2b_002406,5,cracker,cracker::c,c,2
kth_tips2b_002407,5,cracker,cracker::c,c,2
kth_tips2b_002408,5,cracker,cracker::c,c,2
kth_tips2b_002409,5,cracker,cracker::c,c,2
kth_tips2b_002410,5,cracker,cracker::c,c,2
kth_tips2b_002411,5,cracker,cracker::c,c,2
kth_tips2b_002412,5,cracker,cracker::c,c,2
kth_tips2b_002413,5,cracker,cracker::c,c,2
kth_tips2b_002414,5,cracker,cracker::c,c,2
kth_tips2b_002415,5,cracker,cracker::c,c,2
kth_tips2b_002416,5,cracker,cracker::c,c,2
kth_tips2b_002417,5,cracker,cracker::c,c,2
kth_tips2b_002418,5,cracker,cracker::c,c,2
kth_tips2b_002419,5,cracker,cracker::c,c,2
kth_tips2b_002420,5,cracker,cracker::c,c,2
kth_tips2b_002421,5,cracker,cracker::c,c,2
kth_tips2b_002422,5,cracker,cracker::c,c,2
kth_tips2b_002423,5,cracker,cracker::c,c,2
kth_tips2b_002424,5,cracker,cracker::c,c,2
kth_tips2b_002425,5,cracker,cracker::c,c,2
kth_tips2b_002426,5,cracker,cracker::c,c,2
kth_tips2b_002427,5,cracker,cracker::c,c,2
kth_tips2b_002428,5,cracker,cracker::c,c,2
kth_tips2b_002429,5,cracker,cracker::c,c,2
kth_tips2b_002430,5,cracker,cracker::c,c,2
kth_tips2b_002431,5,cracker,cracker::c,c,2
kth_tips2b_002432,5,cracker,cracker::c,c,2
kth_tips2b_002433,5,cracker,cracker::c,c,2
kth_tips2b_002434,5,cracker,cracker::c,c,2
kth_tips2b_002435,5,cracker,cracker::c,c,2
kth_tips2b_002436,5,cracker,cracker::c,c,2
kth_tips2b_002437,5,cracker,cracker::c,c,2
kth_tips2b_002438,5,cracker,cracker::c,c,2
kth_tips2b_002439,5,cracker,cracker::c,c,2
kth_tips2b_002440,5,cracker,cracker::c,c,2
kth_tips2b_002441,5,cracker,cracker::c,c,2
kth_tips2b_002442,5,cracker,cracker::c,c,2
kth_tips2b_002443,5,cracker,cracker::c,c,2
kth_tips2b_002444,5,cracker,cracker::c,c,2
kth_tips2b_002445,5,cracker,cracker::c,c,2
kth_tips2b_002446,5,cracker,cracker::c,c,2
kth_tips2b_002447,5,cracker,cracker::c,c,2
kth_tips2b_002448,5,cracker,cracker::c,c,2
kth_tips2b_002449,5,cracker,cracker::c,c,2
kth_tips2b_002450,5,cracker,cracker::c,c,2
kth_tips2b_002451,5,cracker,cracker::c,c,2
kth_tips2b_002452,5,cracker,cracker::c,c,2
kth_tips2b_002453,5,cracker,cracker::c,c,2
kth_tips2b_002454,5,cracker,cracker::c,c,2
kth_tips2b_002455,5,cracker,cracker::c,c,2
kth_tips2b_002456,5,cracker,cracker::c,c,2
kth_tips2b_002457,5,cracker,cracker::c,c,2
kth_tips2b_002458,5,cracker,cracker::c,c,2
kth_tips2b_002459,5,cracker,cracker::c,c,2
kth_tips2b_002460,5,cracker,cracker::c,c,2
kth_tips2b_002461,5,cracker,cracker::c,c,2
kth_tips2b_002462,5,cracker,cracker::c,c,2
kth_tips2b_002463,5,cracker,cracker::c,c,2
kth_tips2b_002464,5,cracker,cracker::c,c,2
kth_tips2b_002465,5,cracker,cracker::c,c,2
kth_tips2b_002466,5,cracker,cracker::c,c,2
kth_tips2b_002467,5,cracker,cracker::c,c,2
kth_tips2b_002468,5,cracker,cracker::c,c,2
kth_tips2b_002469,5,cracker,cracker::c,c,2
kth_tips2b_002470,5,cracker,cracker::c,c,2
kth_tips2b_002471,5,cracker,cracker::c,c,2
kth_tips2b_002472,5,cracker,cracker::c,c,2
kth_tips2b_002473,5,cracker,cracker::c,c,2
kth_tips2b_002474,5,cracker,cracker::c,c,2
kth_tips2b_002475,5,cracker,cracker::c,c,2
kth_tips2b_002476,5,cracker,cracker::c,c,2
kth_tips2b_002477,5,cracker,cracker::c,c,2
kth_tips2b_002478,5,cracker,cracker::c,c,2
kth_tips2b_002479,5,cracker,cracker::c,c,2
kth_tips2b_002480,5,cracker,cracker::c,c,2
kth_tips2b_002481,5,cracker,cracker::c,c,2
kth_tips2b_002482,5,cracker,cracker::c,c,2
kth_tips2b_002483,5,cracker,cracker::c,c,2
kth_tips2b_002484,5,cracker,cracker::d,d,3
kth_tips2b_002485,5,cracker,cracker::d,d,3
kth_tips2b_002486,5,cracker,cracker::d,d,3
kth_tips2b_002487,5,cracker,cracker::d,d,3
kth_tips2b_002488,5,cracker,cracker::d,d,3
kth_tips2b_002489,5,cracker,cracker::d,d,3
kth_tips2b_002490,5,cracker,cracker::d,d,3
kth_tips2b_002491,5,cracker,cracker::d,d,3
kth_tips2b_002492,5,cracker,cracker::d,d,3
kth_tips2b_002493,5,cracker,cracker::d,d,3
kth_tips2b_002494,5,cracker,cracker::d,d,3
kth_tips2b_002495,5,cracker,cracker::d,d,3
kth_tips2b_002496,5,cracker,cracker::d,d,3
kth_tips2b_002497,5,cracker,cracker::d,d,3
kth_tips2b_002498,5,cracker,cracker::d,d,3
kth_tips2b_002499,5,cracker,cracker::d,d,3
kth_tips2b_002500,5,cracker,cracker::d,d,3
kth_tips2b_002501,5,cracker,cracker::d,d,3
kth_tips2b_002502,5,cracker,cracker::d,d,3
kth_tips2b_002503,5,cracker,cracker::d,d,3
kth_tips2b_002504,5,cracker,cracker::d,d,3
kth_tips2b_002505,5,cracker,cracker::d,d,3
kth_tips2b_002506,5,cracker,cracker::d,d,3
kth_tips2b_002507,5,cracker,cracker::d,d,3
kth_tips2b_002508,5,cracker,cracker::d,d,3
kth_tips2b_002509,5,cracker,cracker::d,d,3
kth_tips2b_002510,5,cracker,cracker::d,d,3
kth_tips2b_002511,5,cracker,cracker::d,d,3
kth_tips2b_002512,5,cracker,cracker::d,d,3
kth_tips2b_002513,5,cracker,cracker::d,d,3
kth_tips2b_002514,5,cracker,cracker::d,d,3
kth_tips2b_002515,5,cracker,cracker::d,d,3
kth_tips2b_002516,5,cracker,cracker::d,d,3
kth_tips2b_002517,5,cracker,cracker::d,d,3
kth_tips2b_002518,5,cracker,cracker::d,d,3
kth_tips2b_002519,5,cracker,cracker::d,d,3
kth_tips2b_002520,5,cracker,cracker::d,d,3
kth_tips2b_002521,5,cracker,cracker::d,d,3
kth_tips2b_002522,5,cracker,cracker::d,d,3
kth_tips2b_002523,5,cracker,cracker::d,d,3
kth_tips2b_002524,5,cracker,cracker::d,d,3
kth_tips2b_002525,5,cracker,cracker::d,d,3
kth_tips2b_002526,5,cracker,cracker::d,d,3
kth_tips2b_002527,5,cracker,cracker::d,d,3
kth_tips2b_002528,5,cracker,cracker::d,d,3
kth_tips2b_002529,5,cracker,cracker::d,d,3
kth_tips2b_002530,5,cracker,cracker::d,d,3
kth_tips2b_002531,5,cracker,cracker::d,d,3
kth_tips2b_002532,5,cracker,cracker::d,d,3
kth_tips2b_002533,5,cracker,cracker::d,d,3
kth_tips2b_002534,5,cracker,cracker::d,d,3
kth_tips2b_002535,5,cracker,cracker::d,d,3
kth_tips2b_002536,5,cracker,cracker::d,d,3
kth_tips2b_002537,5,cracker,cracker::d,d,3
kth_tips2b_002538,5,cracker,cracker::d,d,3
kth_tips2b_002539,5,cracker,cracker::d,d,3
kth_tips2b_002540,5,cracker,cracker::d,d,3
kth_tips2b_002541,5,cracker,cracker::d,d,3
kth_tips2b_002542,5,cracker,cracker::d,d,3
kth_tips2b_002543,5,cracker,cracker::d,d,3
kth_tips2b_002544,5,cracker,cracker::d,d,3
kth_tips2b_002545,5,cracker,cracker::d,d,3
kth_tips2b_002546,5,cracker,cracker::d,d,3
kth_tips2b_002547,5,cracker,cracker::d,d,3
kth_tips2b_002548,5,cracker,cracker::d,d,3
kth_tips2b_002549,5,cracker,cracker::d,d,3
kth_tips2b_002550,5,cracker,cracker::d,d,3
kth_tips2b_002551,5,cracker,cracker::d,d,3
kth_tips2b_002552,5,cracker,cracker::d,d,3
kth_tips2b_002553,5,cracker,cracker::d,d,3
kth_tips2b_002554,5,cracker,cracker::d,d,3
kth_tips2b_002555,5,cracker,cracker::d,d,3
kth_tips2b_002556,5,cracker,cracker::d,d,3
kth_tips2b_002557,5,cracker,cracker::d,d,3
kth_tips2b_002558,5,cracker,cracker::d,d,3
kth_tips2b_002559,5,cracker,cracker::d,d,3
kth_tips2b_002560,5,cracker,cracker::d,d,3
kth_tips2b_002561,5,cracker,cracker::d,d,3
kth_tips2b_002562,5,cracker,cracker::d,d,3
kth_tips2b_002563,5,cracker,cracker::d,d,3
kth_tips2b_002564,5,cracker,cracker::d,d,3
kth_tips2b_002565,5,cracker,cracker::d,d,3
kth_tips2b_002566,5,cracker,cracker::d,d,3
kth_tips2b_002567,5,cracker,cracker::d,d,3
kth_tips2b_002568,5,cracker,cracker::d,d,3
kth_tips2b_002569,5,cracker,cracker::d,d,3
kth_tips2b_002570,5,cracker,cracker::d,d,3
kth_tips2b_002571,5,cracker,cracker::d,d,3
kth_tips2b_002572,5,cracker,cracker::d,d,3
kth_tips2b_002573,5,cracker,cracker::d,d,3
kth_tips2b_002574,5,cracker,cracker::d,d,3
kth_tips2b_002575,5,cracker,cracker::d,d,3
kth_tips2b_002576,5,cracker,cracker::d,d,3
kth_tips2b_002577,5,cracker,cracker::d,d,3
kth_tips2b_002578,5,cracker,cracker::d,d,3
kth_tips2b_002579,5,cracker,cracker::d,d,3
kth_tips2b_002580,5,cracker,cracker::d,d,3
kth_tips2b_002581,5,cracker,cracker::d,d,3
kth_tips2b_002582,5,cracker,cracker::d,d,3
kth_tips2b_002583,5,cracker,cracker::d,d,3
kth_tips2b_002584,5,cracker,cracker::d,d,3
kth_tips2b_002585,5,cracker,cracker::d,d,3
kth_tips2b_002586,5,cracker,cracker::d,d,3
kth_tips2b_002587,5,cracker,cracker::d,d,3
kth_tips2b_002588,5,cracker,cracker::d,d,3
kth_tips2b_002589,5,cracker,cracker::d,d,3
kth_tips2b_002590,5,cracker,cracker::d,d,3
kth_tips2b_002591,5,cracker,cracker::d,d,3
kth_tips2b_002592,6,lettuce_leaf,lettuce_leaf::a,a,0
kth_tips2b_002593,6,lettuce_leaf,lettuce_leaf::a,a,0
kth_tips2b_002594,6,lettuce_leaf,lettuce_leaf::a,a,0
kth_tips2b_002595,6,lettuce_leaf,lettuce_leaf::a,a,0
kth_tips2b_002596,6,lettuce_leaf,lettuce_leaf::a,a,0
kth_tips2b_002597,6,lettuce_leaf,lettuce_leaf::a,a,0
kth_tips2b_002598,6,lettuce_leaf,lettuce_leaf::a,a,0
kth_tips2b_002599,6,lettuce_leaf,lettuce_leaf::a,a,0
kth_tips2b_002600,6,lettuce_leaf,lettuce_leaf::a,a,0
kth_tips2b_002601,6,lettuce_leaf,lettuce_leaf::a,a,0
kth_tips2b_002602,6,lettuce_leaf,lettuce_leaf::a,a,0
kth_tips2b_002603,6,lettuce_leaf,lettuce_leaf::a,a,0
kth_tips2b_002604,6,lettuce_leaf,lettuce_leaf::a,a,0
kth_tips2b_002605,6,lettuce_leaf,lettuce_leaf::a,a,0
kth_tips2b_002606,6,lettuce_leaf,lettuce_leaf::a,a,0
kth_tips2b_002607,6,lettuce_leaf,lettuce_leaf::a,a,0
kth_tips2b_002608,6,lettuce_leaf,lettuce_leaf::a,a,0
kth_tips2b_002609,6,lettuce_leaf,lettuce_leaf::a,a,0
kth_tips2b_002610,6,lettuce_leaf,lettuce_leaf::a,a,0
kth_tips2b_002611,6,lettuce_leaf,lettuce_leaf::a,a,0
kth_tips2b_002612,6,lettuce_leaf,lettuce_leaf::a,a,0
kth_tips2b_002613,6,lettuce_leaf,lettuce_leaf::a,a,0
kth_tips2b_002614,6,lettuce_leaf,lettuce_leaf::a,a,0
kth_tips2b_002615,6,lettuce_leaf,lettuce_leaf::a,a,0
kth_tips2b_002616,6,lettuce_leaf,lettuce_leaf::a,a,0
kth_tips2b_002617,6,lettuce_leaf,lettuce_leaf::a,a,0
kth_tips2b_002618,6,lettuce_leaf,lettuce_leaf::a,a,0
kth_tips2b_002619,6,lettuce_leaf,lettuce_leaf::a,a,0
kth_tips2b_002620,6,lettuce_leaf,lettuce_leaf::a,a,0
kth_tips2b_002621,6,lettuce_leaf,lettuce_leaf::a,a,0
kth_tips2b_002622,6,lettuce_leaf,lettuce_leaf::a,a,0
kth_tips2b_002623,6,lettuce_leaf,lettuce_leaf::a,a,0
kth_tips2b_002624,6,lettuce_leaf,lettuce_leaf::a,a,0
kth_tips2b_002625,6,lettuce_leaf,lettuce_leaf::a,a,0
kth_tips2b_002626,6,lettuce_leaf,lettuce_leaf::a,a,0
kth_tips2b_002627,6,lettuce_leaf,lettuce_leaf::a,a,0
kth_tips2b_002628,6,lettuce_leaf,lettuce_leaf::a,a,0
kth_tips2b_002629,6,lettuce_leaf,lettuce_leaf::a,a,0
kth_tips2b_002630,6,lettuce_leaf,lettuce_leaf::a,a,0
kth_tips2b_002631,6,lettuce_leaf,lettuce_leaf::a,a,0
kth_tips2b_002632,6,lettuce_leaf,lettuce_leaf::a,a,0
kth_tips2b_002633,6,lettuce_leaf,lettuce_leaf::a,a,0
kth_tips2b_002634,6,lettuce_leaf,lettuce_leaf::a,a,0
kth_tips2b_002635,6,lettuce_leaf,lettuce_leaf::a,a,0
kth_tips2b_002636,6,lettuce_leaf,lettuce_leaf::a,a,0
kth_tips2b_002637,6,lettuce_leaf,lettuce_leaf::a,a,0
kth_tips2b_002638,6,lettuce_leaf,lettuce_leaf::a,a,0
kth_tips2b_002639,6,lettuce_leaf,lettuce_leaf::a,a,0
kth_tips2b_002640,6,lettuce_leaf,lettuce_leaf::a,a,0
kth_tips2b_002641,6,lettuce_leaf,lettuce_leaf::a,a,0
kth_tips2b_002642,6,lettuce_leaf,lettuce_leaf::a,a,0
kth_tips2b_002643,6,lettuce_leaf,lettuce_leaf::a,a,0
kth_tips2b_002644,6,lettuce_leaf,lettuce_leaf::a,a,0
kth_tips2b_002645,6,lettuce_leaf,lettuce_leaf::a,a,0
kth_tips2b_002646,6,lettuce_leaf,lettuce_leaf::a,a,0
kth_tips2b_002647,6,lettuce_leaf,lettuce_leaf::a,a,0
kth_tips2b_002648,6,lettuce_leaf,lettuce_leaf::a,a,0
kth_tips2b_002649,6,lettuce_leaf,lettuce_leaf::a,a,0
kth_tips2b_002650,6,lettuce_leaf,lettuce_leaf::a,a,0
kth_tips2b_002651,6,lettuce_leaf,lettuce_leaf::a,a,0
kth_tips2b_002652,6,lettuce_leaf,lettuce_leaf::a,a,0
kth_tips2b_002653,6,lettuce_leaf,lettuce_leaf::a,a,0
kth_tips2b_002654,6,lettuce_leaf,lettuce_leaf::a,a,0
kth_tips2b_002655,6,lettuce_leaf,lettuce_leaf::a,a,0
kth_tips2b_002656,6,lettuce_leaf,lettuce_leaf::a,a,0
kth_tips2b_002657,6,lettuce_leaf,lettuce_leaf::a,a,0
kth_tips2b_002658,6,lettuce_leaf,lettuce_leaf::a,a,0
kth_tips2b_002659,6,lettuce_leaf,lettuce_leaf::a,a,0
kth_tips2b_002660,6,lettuce_leaf,lettuce_leaf::a,a,0
kth_tips2b_002661,6,lettuce_leaf,lettuce_leaf::a,a,0
kth_tips2b_002662,6,lettuce_leaf,lettuce_leaf::a,a,0
kth_tips2b_002663,6,lettuce_leaf,lettuce_leaf::a,a,0
kth_tips2b_002664,6,lettuce_leaf,lettuce_leaf::a,a,0
kth_tips2b_002665,6,lettuce_leaf,lettuce_leaf::a,a,0
kth_tips2b_002666,6,lettuce_leaf,lettuce_leaf::a,a,0
kth_tips2b_002667,6,lettuce_leaf,lettuce_leaf::a,a,0
kth_tips2b_002668,6,lettuce_leaf,lettuce_leaf::a,a,0
kth_tips2b_002669,6,lettuce_leaf,lettuce_leaf::a,a,0
kth_tips2b_002670,6,lettuce_leaf,lettuce_leaf::a,a,0
kth_tips2b_002671,6,lettuce_leaf,lettuce_leaf::a,a,0
kth_tips2b_002672,6,lettuce_leaf,lettuce_leaf::a,a,0
kth_tips2b_002673,6,lettuce_leaf,lettuce_leaf::a,a,0
kth_tips2b_002674,6,lettuce_leaf,lettuce_leaf::a,a,0
kth_tips2b_002675,6,lettuce_leaf,lettuce_leaf::a,a,0
kth_tips2b_002676,6,lettuce_leaf,lettuce_leaf::a,a,0
kth_tips2b_002677,6,lettuce_leaf,lettuce_leaf::a,a,0
kth_tips2b_002678,6,lettuce_leaf,lettuce_leaf::a,a,0
kth_tips2b_002679,6,lettuce_leaf,lettuce_leaf::a,a,0
kth_tips2b_002680,6,lettuce_leaf,lettuce_leaf::a,a,0
kth_tips2b_002681,6,lettuce_leaf,lettuce_leaf::a,a,0
kth_tips2b_002682,6,lettuce_leaf,lettuce_leaf::a,a,0
kth_tips2b_002683,6,lettuce_leaf,lettuce_leaf::a,a,0
kth_tips2b_002684,6,lettuce_leaf,lettuce_leaf::a,a,0
kth_tips2b_002685,6,lettuce_leaf,lettuce_leaf::a,a,0
kth_tips2b_002686,6,lettuce_leaf,lettuce_leaf::a,a,0
kth_tips2b_002687,6,lettuce_leaf,lettuce_leaf::a,a,0
kth_tips2b_002688,6,lettuce_leaf,lettuce_leaf::a,a,0
kth_tips2b_002689,6,lettuce_leaf,lettuce_leaf::a,a,0
kth_tips2b_002690,6,lettuce_leaf,lettuce_leaf::a,a,0
kth_tips2b_002691,6,lettuce_leaf,lettuce_leaf::a,a,0
kth_tips2b_002692,6,lettuce_leaf,lettuce_leaf::a,a,0
kth_tips2b_002693,6,lettuce_leaf,lettuce_leaf::a,a,0
kth_tips2b_002694,6,lettuce_leaf,lettuce_leaf::a,a,0
kth_tips2b_002695,6,lettuce_leaf,lettuce_leaf::a,a,0
kth_tips2b_002696,6,lettuce_leaf,lettuce_leaf::a,a,0
kth_tips2b_002697,6,lettuce_leaf,lettuce_leaf::a,a,0
kth_tips2b_002698,6,lettuce_leaf,lettuce_leaf::a,a,0
kth_tips2b_002699,6,lettuce_leaf,lettuce_leaf::a,a,0
kth_tips2b_002700,6,lettuce_leaf,lettuce_leaf::b,b,1
kth_tips2b_002701,6,lettuce_leaf,lettuce_leaf::b,b,1
kth_tips2b_002702,6,lettuce_leaf,lettuce_leaf::b,b,1
kth_tips2b_002703,6,lettuce_leaf,lettuce_leaf::b,b,1
kth_tips2b_002704,6,lettuce_leaf,lettuce_leaf::b,b,1
kth_tips2b_002705,6,lettuce_leaf,lettuce_leaf::b,b,1
kth_tips2b_002706,6,lettuce_leaf,lettuce_leaf::b,b,1
kth_tips2b_002707,6,lettuce_leaf,lettuce_leaf::b,b,1
kth_tips2b_002708,6,lettuce_leaf,lettuce_leaf::b,b,1
kth_tips2b_002709,6,lettuce_leaf,lettuce_leaf::b,b,1
kth_tips2b_002710,6,lettuce_leaf,lettuce_leaf::b,b,1
kth_tips2b_002711,6,lettuce_leaf,lettuce_leaf::b,b,1
kth_tips2b_002712,6,lettuce_leaf,lettuce_leaf::b,b,1
kth_tips2b_002713,6,lettuce_leaf,lettuce_leaf::b,b,1
kth_tips2b_002714,6,lettuce_leaf,lettuce_leaf::b,b,1
kth_tips2b_002715,6,lettuce_leaf,lettuce_leaf::b,b,1
kth_tips2b_002716,6,lettuce_leaf,lettuce_leaf::b,b,1
kth_tips2b_002717,6,lettuce_leaf,lettuce_leaf::b,b,1
kth_tips2b_002718,6,lettuce_leaf,lettuce_leaf::b,b,1
kth_tips2b_002719,6,lettuce_leaf,lettuce_leaf::b,b,1
kth_tips2b_002720,6,lettuce_leaf,lettuce_leaf::b,b,1
kth_tips2b_002721,6,lettuce_leaf,lettuce_leaf::b,b,1
kth_tips2b_002722,6,lettuce_leaf,lettuce_leaf::b,b,1
kth_tips2b_002723,6,lettuce_leaf,lettuce_leaf::b,b,1
kth_tips2b_002724,6,lettuce_leaf,lettuce_leaf::b,b,1
kth_tips2b_002725,6,lettuce_leaf,lettuce_leaf::b,b,1
kth_tips2b_002726,6,lettuce_leaf,lettuce_leaf::b,b,1
kth_tips2b_002727,6,lettuce_leaf,lettuce_leaf::b,b,1
kth_tips2b_002728,6,lettuce_leaf,lettuce_leaf::b,b,1
kth_tips2b_002729,6,lettuce_leaf,lettuce_leaf::b,b,1
kth_tips2b_002730,6,lettuce_leaf,lettuce_leaf::b,b,1
kth_tips2b_002731,6,lettuce_leaf,lettuce_leaf::b,b,1
kth_tips2b_002732,6,lettuce_leaf,lettuce_leaf::b,b,1
kth_tips2b_002733,6,lettuce_leaf,lettuce_leaf::b,b,1
kth_tips2b_002734,6,lettuce_leaf,lettuce_leaf::b,b,1
kth_tips2b_002735,6,lettuce_leaf,lettuce_leaf::b,b,1
kth_tips2b_002736,6,lettuce_leaf,lettuce_leaf::b,b,1
kth_tips2b_002737,6,lettuce_leaf,lettuce_leaf::b,b,1
kth_tips2b_002738,6,lettuce_leaf,lettuce_leaf::b,b,1
kth_tips2b_002739,6,lettuce_leaf,lettuce_leaf::b,b,1
kth_tips2b_002740,6,lettuce_leaf,lettuce_leaf::b,b,1
kth_tips2b_002741,6,lettuce_leaf,lettuce_leaf::b,b,1
kth_tips2b_002742,6,lettuce_leaf,lettuce_leaf::b,b,1
kth_tips2b_002743,6,lettuce_leaf,lettuce_leaf::b,b,1
kth_tips2b_002744,6,lettuce_leaf,lettuce_leaf::b,b,1
kth_tips2b_002745,6,lettuce_leaf,lettuce_leaf::b,b,1
kth_tips2b_002746,6,lettuce_leaf,lettuce_leaf::b,b,1
kth_tips2b_002747,6,lettuce_leaf,lettuce_leaf::b,b,1
kth_tips2b_002748,6,lettuce_leaf,lettuce_leaf::b,b,1
kth_tips2b_002749,6,lettuce_leaf,lettuce_leaf::b,b,1
kth_tips2b_002750,6,lettuce_leaf,lettuce_leaf::b,b,1
kth_tips2b_002751,6,lettuce_leaf,lettuce_leaf::b,b,1
kth_tips2b_002752,6,lettuce_leaf,lettuce_leaf::b,b,1
kth_tips2b_002753,6,lettuce_leaf,lettuce_leaf::b,b,1
kth_tips2b_002754,6,lettuce_leaf,lettuce_leaf::b,b,1
kth_tips2b_002755,6,lettuce_leaf,lettuce_leaf::b,b,1
kth_tips2b_002756,6,lettuce_leaf,lettuce_leaf::b,b,1
kth_tips2b_002757,6,lettuce_leaf,lettuce_leaf::b,b,1
kth_tips2b_002758,6,lettuce_leaf,lettuce_leaf::b,b,1
kth_tips2b_002759,6,lettuce_leaf,lettuce_leaf::b,b,1
kth_tips2b_002760,6,lettuce_leaf,lettuce_leaf::b,b,1
kth_tips2b_002761,6,lettuce_leaf,lettuce_leaf::b,b,1
kth_tips2b_002762,6,lettuce_leaf,lettuce_leaf::b,b,1
kth_tips2b_002763,6,lettuce_leaf,lettuce_leaf::b,b,1
kth_tips2b_002764,6,lettuce_leaf,lettuce_leaf::b,b,1
kth_tips2b_002765,6,lettuce_leaf,lettuce_leaf::b,b,1
kth_tips2b_002766,6,lettuce_leaf,lettuce_leaf::b,b,1
kth_tips2b_002767,6,lettuce_leaf,lettuce_leaf::b,b,1
kth_tips2b_002768,6,lettuce_leaf,lettuce_leaf::b,b,1
kth_tips2b_002769,6,lettuce_leaf,lettuce_leaf::b,b,1
kth_tips2b_002770,6,lettuce_leaf,lettuce_leaf::b,b,1
kth_tips2b_002771,6,lettuce_leaf,lettuce_leaf::b,b,1
kth_tips2b_002772,6,lettuce_leaf,lettuce_leaf::b,b,1
kth_tips2b_002773,6,lettuce_leaf,lettuce_leaf::b,b,1
kth_tips2b_002774,6,lettuce_leaf,lettuce_leaf::b,b,1
kth_tips2b_002775,6,lettuce_leaf,lettuce_leaf::b,b,1
kth_tips2b_002776,6,lettuce_leaf,lettuce_leaf::b,b,1
kth_tips2b_002777,6,lettuce_leaf,lettuce_leaf::b,b,1
kth_tips2b_002778,6,lettuce_leaf,lettuce_leaf::b,b,1
kth_tips2b_002779,6,lettuce_leaf,lettuce_leaf::b,b,1
kth_tips2b_002780,6,lettuce_leaf,lettuce_leaf::b,b,1
kth_tips2b_002781,6,lettuce_leaf,lettuce_leaf::b,b,1
kth_tips2b_002782,6,lettuce_leaf,lettuce_leaf::b,b,1
kth_tips2b_002783,6,lettuce_leaf,lettuce_leaf::b,b,1
kth_tips2b_002784,6,lettuce_leaf,lettuce_leaf::b,b,1
kth_tips2b_002785,6,lettuce_leaf,lettuce_leaf::b,b,1
kth_tips2b_002786,6,lettuce_leaf,lettuce_leaf::b,b,1
kth_tips2b_002787,6,lettuce_leaf,lettuce_leaf::b,b,1
kth_tips2b_002788,6,lettuce_leaf,lettuce_leaf::b,b,1
kth_tips2b_002789,6,lettuce_leaf,lettuce_leaf::b,b,1
kth_tips2b_002790,6,lettuce_leaf,lettuce_leaf::b,b,1
kth_tips2b_002791,6,lettuce_leaf,lettuce_leaf::b,b,1
kth_tips2b_002792,6,lettuce_leaf,lettuce_leaf::b,b,1
kth_tips2b_002793,6,lettuce_leaf,lettuce_leaf::b,b,1
kth_tips2b_002794,6,lettuce_leaf,lettuce_leaf::b,b,1
kth_tips2b_002795,6,lettuce_leaf,lettuce_leaf::b,b,1
kth_tips2b_002796,6,lettuce_leaf,lettuce_leaf::b,b,1
kth_tips2b_002797,6,lettuce_leaf,lettuce_leaf::b,b,1
kth_tips2b_002798,6,lettuce_leaf,lettuce_leaf::b,b,1
kth_tips2b_002799,6,lettuce_leaf,lettuce_leaf::b,b,1
kth_tips2b_002800,6,lettuce_leaf,lettuce_leaf::b,b,1
kth_tips2b_002801,6,lettuce_leaf,lettuce_leaf::b,b,1
kth_tips2b_002802,6,lettuce_leaf,lettuce_leaf::b,b,1
kth_tips2b_002803,6,lettuce_leaf,lettuce_leaf::b,b,1
kth_tips2b_002804,6,lettuce_leaf,lettuce_leaf::b,b,1
kth_tips2b_002805,6,lettuce_leaf,lettuce_leaf::b,b,1
kth_tips2b_002806,6,lettuce_leaf,lettuce_leaf::b,b,1
kth_tips2b_002807,6,lettuce_leaf,lettuce_leaf::b,b,1
kth_tips2b_002808,6,lettuce_leaf,lettuce_leaf::c,c,2
kth_tips2b_002809,6,lettuce_leaf,lettuce_leaf::c,c,2
kth_tips2b_002810,6,lettuce_leaf,lettuce_leaf::c,c,2
kth_tips2b_002811,6,lettuce_leaf,lettuce_leaf::c,c,2
kth_tips2b_002812,6,lettuce_leaf,lettuce_leaf::c,c,2
kth_tips2b_002813,6,lettuce_leaf,lettuce_leaf::c,c,2
kth_tips2b_002814,6,lettuce_leaf,lettuce_leaf::c,c,2
kth_tips2b_002815,6,lettuce_leaf,lettuce_leaf::c,c,2
kth_tips2b_002816,6,lettuce_leaf,lettuce_leaf::c,c,2
kth_tips2b_002817,6,lettuce_leaf,lettuce_leaf::c,c,2
kth_tips2b_002818,6,lettuce_leaf,lettuce_leaf::c,c,2
kth_tips2b_002819,6,lettuce_leaf,lettuce_leaf::c,c,2
kth_tips2b_002820,6,lettuce_leaf,lettuce_leaf::c,c,2
kth_tips2b_002821,6,lettuce_leaf,lettuce_leaf::c,c,2
kth_tips2b_002822,6,lettuce_leaf,lettuce_leaf::c,c,2
kth_tips2b_002823,6,lettuce_leaf,lettuce_leaf::c,c,2
kth_tips2b_002824,6,lettuce_leaf,lettuce_leaf::c,c,2
kth_tips2b_002825,6,lettuce_leaf,lettuce_leaf::c,c,2
kth_tips2b_002826,6,lettuce_leaf,lettuce_leaf::c,c,2
kth_tips2b_002827,6,lettuce_leaf,lettuce_leaf::c,c,2
kth_tips2b_002828,6,lettuce_leaf,lettuce_leaf::c,c,2
kth_tips2b_002829,6,lettuce_leaf,lettuce_leaf::c,c,2
kth_tips2b_002830,6,lettuce_leaf,lettuce_leaf::c,c,2
kth_tips2b_002831,6,lettuce_leaf,lettuce_leaf::c,c,2
kth_tips2b_002832,6,lettuce_leaf,lettuce_leaf::c,c,2
kth_tips2b_002833,6,lettuce_leaf,lettuce_leaf::c,c,2
kth_tips2b_002834,6,lettuce_leaf,lettuce_leaf::c,c,2
kth_tips2b_002835,6,lettuce_leaf,lettuce_leaf::c,c,2
kth_tips2b_002836,6,lettuce_leaf,lettuce_leaf::c,c,2
kth_tips2b_002837,6,lettuce_leaf,lettuce_leaf::c,c,2
kth_tips2b_002838,6,lettuce_leaf,lettuce_leaf::c,c,2
kth_tips2b_002839,6,lettuce_leaf,lettuce_leaf::c,c,2
kth_tips2b_002840,6,lettuce_leaf,lettuce_leaf::c,c,2
kth_tips2b_002841,6,lettuce_leaf,lettuce_leaf::c,c,2
kth_tips2b_002842,6,lettuce_leaf,lettuce_leaf::c,c,2
kth_tips2b_002843,6,lettuce_leaf,lettuce_leaf::c,c,2
kth_tips2b_002844,6,lettuce_leaf,lettuce_leaf::c,c,2
kth_tips2b_002845,6,lettuce_leaf,lettuce_leaf::c,c,2
kth_tips2b_002846,6,lettuce_leaf,lettuce_leaf::c,c,2
kth_tips2b_002847,6,lettuce_leaf,lettuce_leaf::c,c,2
kth_tips2b_002848,6,lettuce_leaf,lettuce_leaf::c,c,2
kth_tips2b_002849,6,lettuce_leaf,lettuce_leaf::c,c,2
kth_tips2b_002850,6,lettuce_leaf,lettuce_leaf::c,c,2
kth_tips2b_002851,6,lettuce_leaf,lettuce_leaf::c,c,2
kth_tips2b_002852,6,lettuce_leaf,lettuce_leaf::c,c,2
kth_tips2b_002853,6,lettuce_leaf,lettuce_leaf::c,c,2
kth_tips2b_002854,6,lettuce_leaf,lettuce_leaf::c,c,2
kth_tips2b_002855,6,lettuce_leaf,lettuce_leaf::c,c,2
kth_tips2b_002856,6,lettuce_leaf,lettuce_leaf::c,c,2
kth_tips2b_002857,6,lettuce_leaf,lettuce_leaf::c,c,2
kth_tips2b_002858,6,lettuce_leaf,lettuce_leaf::c,c,2
kth_tips2b_002859,6,lettuce_leaf,lettuce_leaf::c,c,2
kth_tips2b_002860,6,lettuce_leaf,lettuce_leaf::c,c,2
kth_tips2b_002861,6,lettuce_leaf,lettuce_leaf::c,c,2
kth_tips2b_002862,6,lettuce_leaf,lettuce_leaf::c,c,2
kth_tips2b_002863,6,lettuce_leaf,lettuce_leaf::c,c,2
kth_tips2b_002864,6,lettuce_leaf,lettuce_leaf::c,c,2
kth_tips2b_002865,6,lettuce_leaf,lettuce_leaf::c,c,2
kth_tips2b_002866,6,lettuce_leaf,lettuce_leaf::c,c,2
kth_tips2b_002867,6,lettuce_leaf,lettuce_leaf::c,c,2
kth_tips2b_002868,6,lettuce_leaf,lettuce_leaf::c,c,2
kth_tips2b_002869,6,lettuce_leaf,lettuce_leaf::c,c,2
kth_tips2b_002870,6,lettuce_leaf,lettuce_leaf::c,c,2
kth_tips2b_002871,6,lettuce_leaf,lettuce_leaf::c,c,2
kth_tips2b_002872,6,lettuce_leaf,lettuce_leaf::c,c,2
kth_tips2b_002873,6,lettuce_leaf,lettuce_leaf::c,c,2
kth_tips2b_002874,6,lettuce_leaf,lettuce_leaf::c,c,2
kth_tips2b_002875,6,lettuce_leaf,lettuce_leaf::c,c,2
kth_tips2b_002876,6,lettuce_leaf,lettuce_leaf::c,c,2
kth_tips2b_002877,6,lettuce_leaf,lettuce_leaf::c,c,2
kth_tips2b_002878,6,lettuce_leaf,lettuce_leaf::c,c,2
kth_tips2b_002879,6,lettuce_leaf,lettuce_leaf::c,c,2
kth_tips2b_002880,6,lettuce_leaf,lettuce_leaf::c,c,2
kth_tips2b_002881,6,lettuce_leaf,lettuce_leaf::c,c,2
kth_tips2b_002882,6,lettuce_leaf,lettuce_leaf::c,c,2
kth_tips2b_002883,6,lettuce_leaf,lettuce_leaf::c,c,2
kth_tips2b_002884,6,lettuce_leaf,lettuce_leaf::c,c,2
kth_tips2b_002885,6,lettuce_leaf,lettuce_leaf::c,c,2
kth_tips2b_002886,6,lettuce_leaf,lettuce_leaf::c,c,2
kth_tips2b_002887,6,lettuce_leaf,lettuce_leaf::c,c,2
kth_tips2b_002888,6,lettuce_leaf,lettuce_leaf::c,c,2
kth_tips2b_002889,6,lettuce_leaf,lettuce_leaf::c,c,2
kth_tips2b_002890,6,lettuce_leaf,lettuce_leaf::c,c,2
kth_tips2b_002891,6,lettuce_leaf,lettuce_leaf::c,c,2
kth_tips2b_002892,6,lettuce_leaf,lettuce_leaf::c,c,2
kth_tips2b_002893,6,lettuce_leaf,lettuce_leaf::c,c,2
kth_tips2b_002894,6,lettuce_leaf,lettuce_leaf::c,c,2
kth_tips2b_002895,6,lettuce_leaf,lettuce_leaf::c,c,2
kth_tips2b_002896,6,lettuce_leaf,lettuce_leaf::c,c,2
kth_tips2b_002897,6,lettuce_leaf,lettuce_leaf::c,c,2
kth_tips2b_002898,6,lettuce_leaf,lettuce_leaf::c,c,2
kth_tips2b_002899,6,lettuce_leaf,lettuce_leaf::c,c,2
kth_tips2b_002900,6,lettuce_leaf,lettuce_leaf::c,c,2
kth_tips2b_002901,6,lettuce_leaf,lettuce_leaf::c,c,2
kth_tips2b_002902,6,lettuce_leaf,lettuce_leaf::c,c,2
kth_tips2b_002903,6,lettuce_leaf,lettuce_leaf::c,c,2
kth_tips2b_002904,6,lettuce_leaf,lettuce_leaf::c,c,2
kth_tips2b_002905,6,lettuce_leaf,lettuce_leaf::c,c,2
kth_tips2b_002906,6,lettuce_leaf,lettuce_leaf::c,c,2
kth_tips2b_002907,6,lettuce_leaf,lettuce_leaf::c,c,2
kth_tips2b_002908,6,lettuce_leaf,lettuce_leaf::c,c,2
kth_tips2b_002909,6,lettuce_leaf,lettuce_leaf::c,c,2
kth_tips2b_002910,6,lettuce_leaf,lettuce_leaf::c,c,2
kth_tips2b_002911,6,lettuce_leaf,lettuce_leaf::c,c,2
kth_tips2b_002912,6,lettuce_leaf,lettuce_leaf::c,c,2
kth_tips2b_002913,6,lettuce_leaf,lettuce_leaf::c,c,2
kth_tips2b_002914,6,lettuce_leaf,lettuce_leaf::c,c,2
kth_tips2b_002915,6,lettuce_leaf,lettuce_leaf::c,c,2
kth_tips2b_002916,6,lettuce_leaf,lettuce_leaf::d,d,3
kth_tips2b_002917,6,lettuce_leaf,lettuce_leaf::d,d,3
kth_tips2b_002918,6,lettuce_leaf,lettuce_leaf::d,d,3
kth_tips2b_002919,6,lettuce_leaf,lettuce_leaf::d,d,3
kth_tips2b_002920,6,lettuce_leaf,lettuce_leaf::d,d,3
kth_tips2b_002921,6,lettuce_leaf,lettuce_leaf::d,d,3
kth_tips2b_002922,6,lettuce_leaf,lettuce_leaf::d,d,3
kth_tips2b_002923,6,lettuce_leaf,lettuce_leaf::d,d,3
kth_tips2b_002924,6,lettuce_leaf,lettuce_leaf::d,d,3
kth_tips2b_002925,6,lettuce_leaf,lettuce_leaf::d,d,3
kth_tips2b_002926,6,lettuce_leaf,lettuce_leaf::d,d,3
kth_tips2b_002927,6,lettuce_leaf,lettuce_leaf::d,d,3
kth_tips2b_002928,6,lettuce_leaf,lettuce_leaf::d,d,3
kth_tips2b_002929,6,lettuce_leaf,lettuce_leaf::d,d,3
kth_tips2b_002930,6,lettuce_leaf,lettuce_leaf::d,d,3
kth_tips2b_002931,6,lettuce_leaf,lettuce_leaf::d,d,3
kth_tips2b_002932,6,lettuce_leaf,lettuce_leaf::d,d,3
kth_tips2b_002933,6,lettuce_leaf,lettuce_leaf::d,d,3
kth_tips2b_002934,6,lettuce_leaf,lettuce_leaf::d,d,3
kth_tips2b_002935,6,lettuce_leaf,lettuce_leaf::d,d,3
kth_tips2b_002936,6,lettuce_leaf,lettuce_leaf::d,d,3
kth_tips2b_002937,6,lettuce_leaf,lettuce_leaf::d,d,3
kth_tips2b_002938,6,lettuce_leaf,lettuce_leaf::d,d,3
kth_tips2b_002939,6,lettuce_leaf,lettuce_leaf::d,d,3
kth_tips2b_002940,6,lettuce_leaf,lettuce_leaf::d,d,3
kth_tips2b_002941,6,lettuce_leaf,lettuce_leaf::d,d,3
kth_tips2b_002942,6,lettuce_leaf,lettuce_leaf::d,d,3
kth_tips2b_002943,6,lettuce_leaf,lettuce_leaf::d,d,3
kth_tips2b_002944,6,lettuce_leaf,lettuce_leaf::d,d,3
kth_tips2b_002945,6,lettuce_leaf,lettuce_leaf::d,d,3
kth_tips2b_002946,6,lettuce_leaf,lettuce_leaf::d,d,3
kth_tips2b_002947,6,lettuce_leaf,lettuce_leaf::d,d,3
kth_tips2b_002948,6,lettuce_leaf,lettuce_leaf::d,d,3
kth_tips2b_002949,6,lettuce_leaf,lettuce_leaf::d,d,3
kth_tips2b_002950,6,lettuce_leaf,lettuce_leaf::d,d,3
kth_tips2b_002951,6,lettuce_leaf,lettuce_leaf::d,d,3
kth_tips2b_002952,6,lettuce_leaf,lettuce_leaf::d,d,3
kth_tips2b_002953,6,lettuce_leaf,lettuce_leaf::d,d,3
kth_tips2b_002954,6,lettuce_leaf,lettuce_leaf::d,d,3
kth_tips2b_002955,6,lettuce_leaf,lettuce_leaf::d,d,3
kth_tips2b_002956,6,lettuce_leaf,lettuce_leaf::d,d,3
kth_tips2b_002957,6,lettuce_leaf,lettuce_leaf::d,d,3
kth_tips2b_002958,6,lettuce_leaf,lettuce_leaf::d,d,3
kth_tips2b_002959,6,lettuce_leaf,lettuce_leaf::d,d,3
kth_tips2b_002960,6,lettuce_leaf,lettuce_leaf::d,d,3
kth_tips2b_002961,6,lettuce_leaf,lettuce_leaf::d,d,3
kth_tips2b_002962,6,lettuce_leaf,lettuce_leaf::d,d,3
kth_tips2b_002963,6,lettuce_leaf,lettuce_leaf::d,d,3
kth_tips2b_002964,6,lettuce_leaf,lettuce_leaf::d,d,3
kth_tips2b_002965,6,lettuce_leaf,lettuce_leaf::d,d,3
kth_tips2b_002966,6,lettuce_leaf,lettuce_leaf::d,d,3
kth_tips2b_002967,6,lettuce_leaf,lettuce_leaf::d,d,3
kth_tips2b_002968,6,lettuce_leaf,lettuce_leaf::d,d,3
kth_tips2b_002969,6,lettuce_leaf,lettuce_leaf::d,d,3
kth_tips2b_002970,6,lettuce_leaf,lettuce_leaf::d,d,3
kth_tips2b_002971,6,lettuce_leaf,lettuce_leaf::d,d,3
kth_tips2b_002972,6,lettuce_leaf,lettuce_leaf::d,d,3
kth_tips2b_002973,6,lettuce_leaf,lettuce_leaf::d,d,3
kth_tips2b_002974,6,lettuce_leaf,lettuce_leaf::d,d,3
kth_tips2b_002975,6,lettuce_leaf,lettuce_leaf::d,d,3
kth_tips2b_002976,6,lettuce_leaf,lettuce_leaf::d,d,3
kth_tips2b_002977,6,lettuce_leaf,lettuce_leaf::d,d,3
kth_tips2b_002978,6,lettuce_leaf,lettuce_leaf::d,d,3
kth_tips2b_002979,6,lettuce_leaf,lettuce_leaf::d,d,3
kth_tips2b_002980,6,lettuce_leaf,lettuce_leaf::d,d,3
kth_tips2b_002981,6,lettuce_leaf,lettuce_leaf::d,d,3
kth_tips2b_002982,6,lettuce_leaf,lettuce_leaf::d,d,3
kth_tips2b_002983,6,lettuce_leaf,lettuce_leaf::d,d,3
kth_tips2b_002984,6,lettuce_leaf,lettuce_leaf::d,d,3
kth_tips2b_002985,6,lettuce_leaf,lettuce_leaf::d,d,3
kth_tips2b_002986,6,lettuce_leaf,lettuce_leaf::d,d,3
kth_tips2b_002987,6,lettuce_leaf,lettuce_leaf::d,d,3
kth_tips2b_002988,6,lettuce_leaf,lettuce_leaf::d,d,3
kth_tips2b_002989,6,lettuce_leaf,lettuce_leaf::d,d,3
kth_tips2b_002990,6,lettuce_leaf,lettuce_leaf::d,d,3
kth_tips2b_002991,6,lettuce_leaf,lettuce_leaf::d,d,3
kth_tips2b_002992,6,lettuce_leaf,lettuce_leaf::d,d,3
kth_tips2b_002993,6,lettuce_leaf,lettuce_leaf::d,d,3
kth_tips2b_002994,6,lettuce_leaf,lettuce_leaf::d,d,3
kth_tips2b_002995,6,lettuce_leaf,lettuce_leaf::d,d,3
kth_tips2b_002996,6,lettuce_leaf,lettuce_leaf::d,d,3
kth_tips2b_002997,6,lettuce_leaf,lettuce_leaf::d,d,3
kth_tips2b_002998,6,lettuce_leaf,lettuce_leaf::d,d,3
kth_tips2b_002999,6,lettuce_leaf,lettuce_leaf::d,d,3
kth_tips2b_003000,6,lettuce_leaf,lettuce_leaf::d,d,3
kth_tips2b_003001,6,lettuce_leaf,lettuce_leaf::d,d,3
kth_tips2b_003002,6,lettuce_leaf,lettuce_leaf::d,d,3
kth_tips2b_003003,6,lettuce_leaf,lettuce_leaf::d,d,3
kth_tips2b_003004,6,lettuce_leaf,lettuce_leaf::d,d,3
kth_tips2b_003005,6,lettuce_leaf,lettuce_leaf::d,d,3
kth_tips2b_003006,6,lettuce_leaf,lettuce_leaf::d,d,3
kth_tips2b_003007,6,lettuce_leaf,lettuce_leaf::d,d,3
kth_tips2b_003008,6,lettuce_leaf,lettuce_leaf::d,d,3
kth_tips2b_003009,6,lettuce_leaf,lettuce_leaf::d,d,3
kth_tips2b_003010,6,lettuce_leaf,lettuce_leaf::d,d,3
kth_tips2b_003011,6,lettuce_leaf,lettuce_leaf::d,d,3
kth_tips2b_003012,6,lettuce_leaf,lettuce_leaf::d,d,3
kth_tips2b_003013,6,lettuce_leaf,lettuce_leaf::d,d,3
kth_tips2b_003014,6,lettuce_leaf,lettuce_leaf::d,d,3
kth_tips2b_003015,6,lettuce_leaf,lettuce_leaf::d,d,3
kth_tips2b_003016,6,lettuce_leaf,lettuce_leaf::d,d,3
kth_tips2b_003017,6,lettuce_leaf,lettuce_leaf::d,d,3
kth_tips2b_003018,6,lettuce_leaf,lettuce_leaf::d,d,3
kth_tips2b_003019,6,lettuce_leaf,lettuce_leaf::d,d,3
kth_tips2b_003020,6,lettuce_leaf,lettuce_leaf::d,d,3
kth_tips2b_003021,6,lettuce_leaf,lettuce_leaf::d,d,3
kth_tips2b_003022,6,lettuce_leaf,lettuce_leaf::d,d,3
kth_tips2b_003023,6,lettuce_leaf,lettuce_leaf::d,d,3
kth_tips2b_003024,7,linen,linen::a,a,0
kth_tips2b_003025,7,linen,linen::a,a,0
kth_tips2b_003026,7,linen,linen::a,a,0
kth_tips2b_003027,7,linen,linen::a,a,0
kth_tips2b_003028,7,linen,linen::a,a,0
kth_tips2b_003029,7,linen,linen::a,a,0
kth_tips2b_003030,7,linen,linen::a,a,0
kth_tips2b_003031,7,linen,linen::a,a,0
kth_tips2b_003032,7,linen,linen::a,a,0
kth_tips2b_003033,7,linen,linen::a,a,0
kth_tips2b_003034,7,linen,linen::a,a,0
kth_tips2b_003035,7,linen,linen::a,a,0
kth_tips2b_003036,7,linen,linen::a,a,0
kth_tips2b_003037,7,linen,linen::a,a,0
kth_tips2b_003038,7,linen,linen::a,a,0
kth_tips2b_003039,7,linen,linen::a,a,0
kth_tips2b_003040,7,linen,linen::a,a,0
kth_tips2b_003041,7,linen,linen::a,a,0
kth_tips2b_003042,7,linen,linen::a,a,0
kth_tips2b_003043,7,linen,linen::a,a,0
kth_tips2b_003044,7,linen,linen::a,a,0
kth_tips2b_003045,7,linen,linen::a,a,0
kth_tips2b_003046,7,linen,linen::a,a,0
kth_tips2b_003047,7,linen,linen::a,a,0
kth_tips2b_003048,7,linen,linen::a,a,0
kth_tips2b_003049,7,linen,linen::a,a,0
kth_tips2b_003050,7,linen,linen::a,a,0
kth_tips2b_003051,7,linen,linen::a,a,0
kth_tips2b_003052,7,linen,linen::a,a,0
kth_tips2b_003053,7,linen,linen::a,a,0
kth_tips2b_003054,7,linen,linen::a,a,0
kth_tips2b_003055,7,linen,linen::a,a,0
kth_tips2b_003056,7,linen,linen::a,a,0
kth_tips2b_003057,7,linen,linen::a,a,0
kth_tips2b_003058,7,linen,linen::a,a,0
kth_tips2b_003059,7,linen,linen::a,a,0
kth_tips2b_003060,7,linen,linen::a,a,0
kth_tips2b_003061,7,linen,linen::a,a,0
kth_tips2b_003062,7,linen,linen::a,a,0
kth_tips2b_003063,7,linen,linen::a,a,0
kth_tips2b_003064,7,linen,linen::a,a,0
kth_tips2b_003065,7,linen,linen::a,a,0
kth_tips2b_003066,7,linen,linen::a,a,0
kth_tips2b_003067,7,linen,linen::a,a,0
kth_tips2b_003068,7,linen,linen::a,a,0
kth_tips2b_003069,7,linen,linen::a,a,0
kth_tips2b_003070,7,linen,linen::a,a,0
kth_tips2b_003071,7,linen,linen::a,a,0
kth_tips2b_003072,7,linen,linen::a,a,0
kth_tips2b_003073,7,linen,linen::a,a,0
kth_tips2b_003074,7,linen,linen::a,a,0
kth_tips2b_003075,7,linen,linen::a,a,0
kth_tips2b_003076,7,linen,linen::a,a,0
kth_tips2b_003077,7,linen,linen::a,a,0
kth_tips2b_003078,7,linen,linen::a,a,0
kth_tips2b_003079,7,linen,linen::a,a,0
kth_tips2b_003080,7,linen,linen::a,a,0
kth_tips2b_003081,7,linen,linen::a,a,0
kth_tips2b_003082,7,linen,linen::a,a,0
kth_tips2b_003083,7,linen,linen::a,a,0
kth_tips2b_003084,7,linen,linen::a,a,0
kth_tips2b_003085,7,linen,linen::a,a,0
kth_tips2b_003086,7,linen,linen::a,a,0
kth_tips2b_003087,7,linen,linen::a,a,0
kth_tips2b_003088,7,linen,linen::a,a,0
kth_tips2b_003089,7,linen,linen::a,a,0
kth_tips2b_003090,7,linen,linen::a,a,0
kth_tips2b_003091,7,linen,linen::a,a,0
kth_tips2b_003092,7,linen,linen::a,a,0
kth_tips2b_003093,7,linen,linen::a,a,0
kth_tips2b_003094,7,linen,linen::a,a,0
kth_tips2b_003095,7,linen,linen::a,a,0
kth_tips2b_003096,7,linen,linen::a,a,0
kth_tips2b_003097,7,linen,linen::a,a,0
kth_tips2b_003098,7,linen,linen::a,a,0
kth_tips2b_003099,7,linen,linen::a,a,0
kth_tips2b_003100,7,linen,linen::a,a,0
kth_tips2b_003101,7,linen,linen::a,a,0
kth_tips2b_003102,7,linen,linen::a,a,0
kth_tips2b_003103,7,linen,linen::a,a,0
kth_tips2b_003104,7,linen,linen::a,a,0
kth_tips2b_003105,7,linen,linen::a,a,0
kth_tips2b_003106,7,linen,linen::a,a,0
kth_tips2b_003107,7,linen,linen::a,a,0
kth_tips2b_003108,7,linen,linen::a,a,0
kth_tips2b_003109,7,linen,linen::a,a,0
kth_tips2b_003110,7,linen,linen::a,a,0
kth_tips2b_003111,7,linen,linen::a,a,0
kth_tips2b_003112,7,linen,linen::a,a,0
kth_tips2b_003113,7,linen,linen::a,a,0
kth_tips2b_003114,7,linen,linen::a,a,0
kth_tips2b_003115,7,linen,linen::a,a,0
kth_tips2b_003116,7,linen,linen::a,a,0
kth_tips2b_003117,7,linen,linen::a,a,0
kth_tips2b_003118,7,linen,linen::a,a,0
kth_tips2b_003119,7,linen,linen::a,a,0
kth_tips2b_003120,7,linen,linen::a,a,0
kth_tips2b_003121,7,linen,linen::a,a,0
kth_tips2b_003122,7,linen,linen::a,a,0
kth_tips2b_003123,7,linen,linen::a,a,0
kth_tips2b_003124,7,linen,linen::a,a,0
kth_tips2b_003125,7,linen,linen::a,a,0
kth_tips2b_003126,7,linen,linen::a,a,0
kth_tips2b_003127,7,linen,linen::a,a,0
kth_tips2b_003128,7,linen,linen::a,a,0
kth_tips2b_003129,7,linen,linen::a,a,0
kth_tips2b_003130,7,linen,linen::a,a,0
kth_tips2b_003131,7,linen,linen::a,a,0
kth_tips2b_003132,7,linen,linen::b,b,1
kth_tips2b_003133,7,linen,linen::b,b,1
kth_tips2b_003134,7,linen,linen::b,b,1
kth_tips2b_003135,7,linen,linen::b,b,1
kth_tips2b_003136,7,linen,linen::b,b,1
kth_tips2b_003137,7,linen,linen::b,b,1
kth_tips2b_003138,7,linen,linen::b,b,1
kth_tips2b_003139,7,linen,linen::b,b,1
kth_tips2b_003140,7,linen,linen::b,b,1
kth_tips2b_003141,7,linen,linen::b,b,1
kth_tips2b_003142,7,linen,linen::b,b,1
kth_tips2b_003143,7,linen,linen::b,b,1
kth_tips2b_003144,7,linen,linen::b,b,1
kth_tips2b_003145,7,linen,linen::b,b,1
kth_tips2b_003146,7,linen,linen::b,b,1
kth_tips2b_003147,7,linen,linen::b,b,1
kth_tips2b_003148,7,linen,linen::b,b,1
kth_tips2b_003149,7,linen,linen::b,b,1
kth_tips2b_003150,7,linen,linen::b,b,1
kth_tips2b_003151,7,linen,linen::b,b,1
kth_tips2b_003152,7,linen,linen::b,b,1
kth_tips2b_003153,7,linen,linen::b,b,1
kth_tips2b_003154,7,linen,linen::b,b,1
kth_tips2b_003155,7,linen,linen::b,b,1
kth_tips2b_003156,7,linen,linen::b,b,1
kth_tips2b_003157,7,linen,linen::b,b,1
kth_tips2b_003158,7,linen,linen::b,b,1
kth_tips2b_003159,7,linen,linen::b,b,1
kth_tips2b_003160,7,linen,linen::b,b,1
kth_tips2b_003161,7,linen,linen::b,b,1
kth_tips2b_003162,7,linen,linen::b,b,1
kth_tips2b_003163,7,linen,linen::b,b,1
kth_tips2b_003164,7,linen,linen::b,b,1
kth_tips2b_003165,7,linen,linen::b,b,1
kth_tips2b_003166,7,linen,linen::b,b,1
kth_tips2b_003167,7,linen,linen::b,b,1
kth_tips2b_003168,7,linen,linen::b,b,1
kth_tips2b_003169,7,linen,linen::b,b,1
kth_tips2b_003170,7,linen,linen::b,b,1
kth_tips2b_003171,7,linen,linen::b,b,1
kth_tips2b_003172,7,linen,linen::b,b,1
kth_tips2b_003173,7,linen,linen::b,b,1
kth_tips2b_003174,7,linen,linen::b,b,1
kth_tips2b_003175,7,linen,linen::b,b,1
kth_tips2b_003176,7,linen,linen::b,b,1
kth_tips2b_003177,7,linen,linen::b,b,1
kth_tips2b_003178,7,linen,linen::b,b,1
kth_tips2b_003179,7,linen,linen::b,b,1
kth_tips2b_003180,7,linen,linen::b,b,1
kth_tips2b_003181,7,linen,linen::b,b,1
kth_tips2b_003182,7,linen,linen::b,b,1
kth_tips2b_003183,7,linen,linen::b,b,1
kth_tips2b_003184,7,linen,linen::b,b,1
kth_tips2b_003185,7,linen,linen::b,b,1
kth_tips2b_003186,7,linen,linen::b,b,1
kth_tips2b_003187,7,linen,linen::b,b,1
kth_tips2b_003188,7,linen,linen::b,b,1
kth_tips2b_003189,7,linen,linen::b,b,1
kth_tips2b_003190,7,linen,linen::b,b,1
kth_tips2b_003191,7,linen,linen::b,b,1
kth_tips2b_003192,7,linen,linen::b,b,1
kth_tips2b_003193,7,linen,linen::b,b,1
kth_tips2b_003194,7,linen,linen::b,b,1
kth_tips2b_003195,7,linen,linen::b,b,1
kth_tips2b_003196,7,linen,linen::b,b,1
kth_tips2b_003197,7,linen,linen::b,b,1
kth_tips2b_003198,7,linen,linen::b,b,1
kth_tips2b_003199,7,linen,linen::b,b,1
kth_tips2b_003200,7,linen,linen::b,b,1
kth_tips2b_003201,7,linen,linen::b,b,1
kth_tips2b_003202,7,linen,linen::b,b,1
kth_tips2b_003203,7,linen,linen::b,b,1
kth_tips2b_003204,7,linen,linen::b,b,1
kth_tips2b_003205,7,linen,linen::b,b,1
kth_tips2b_003206,7,linen,linen::b,b,1
kth_tips2b_003207,7,linen,linen::b,b,1
kth_tips2b_003208,7,linen,linen::b,b,1
kth_tips2b_003209,7,linen,linen::b,b,1
kth_tips2b_003210,7,linen,linen::b,b,1
kth_tips2b_003211,7,linen,linen::b,b,1
kth_tips2b_003212,7,linen,linen::b,b,1
kth_tips2b_003213,7,linen,linen::b,b,1
kth_tips2b_003214,7,linen,linen::b,b,1
kth_tips2b_003215,7,linen,linen::b,b,1
kth_tips2b_003216,7,linen,linen::b,b,1
kth_tips2b_003217,7,linen,linen::b,b,1
kth_tips2b_003218,7,linen,linen::b,b,1
kth_tips2b_003219,7,linen,linen::b,b,1
kth_tips2b_003220,7,linen,linen::b,b,1
kth_tips2b_003221,7,linen,linen::b,b,1
kth_tips2b_003222,7,linen,linen::b,b,1
kth_tips2b_003223,7,linen,linen::b,b,1
kth_tips2b_003224,7,linen,linen::b,b,1
kth_tips2b_003225,7,linen,linen::b,b,1
kth_tips2b_003226,7,linen,linen::b,b,1
kth_tips2b_003227,7,linen,linen::b,b,1
kth_tips2b_003228,7,linen,linen::b,b,1
kth_tips2b_003229,7,linen,linen::b,b,1
kth_tips2b_003230,7,linen,linen::b,b,1
kth_tips2b_003231,7,linen,linen::b,b,1
kth_tips2b_003232,7,linen,linen::b,b,1
kth_tips2b_003233,7,linen,linen::b,b,1
kth_tips2b_003234,7,linen,linen::b,b,1
kth_tips2b_003235,7,linen,linen::b,b,1
kth_tips2b_003236,7,linen,linen::b,b,1
kth_tips2b_003237,7,linen,linen::b,b,1
kth_tips2b_003238,7,linen,linen::b,b,1
kth_tips2b_003239,7,linen,linen::b,b,1
kth_tips2b_003240,7,linen,linen::c,c,2
kth_tips2b_003241,7,linen,linen::c,c,2
kth_tips2b_003242,7,linen,linen::c,c,2
kth_tips2b_003243,7,linen,linen::c,c,2
kth_tips2b_003244,7,linen,linen::c,c,2
kth_tips2b_003245,7,linen,linen::c,c,2
kth_tips2b_003246,7,linen,linen::c,c,2
kth_tips2b_003247,7,linen,linen::c,c,2
kth_tips2b_003248,7,linen,linen::c,c,2
kth_tips2b_003249,7,linen,linen::c,c,2
kth_tips2b_003250,7,linen,linen::c,c,2
kth_tips2b_003251,7,linen,linen::c,c,2
kth_tips2b_003252,7,linen,linen::c,c,2
kth_tips2b_003253,7,linen,linen::c,c,2
kth_tips2b_003254,7,linen,linen::c,c,2
kth_tips2b_003255,7,linen,linen::c,c,2
kth_tips2b_003256,7,linen,linen::c,c,2
kth_tips2b_003257,7,linen,linen::c,c,2
kth_tips2b_003258,7,linen,linen::c,c,2
kth_tips2b_003259,7,linen,linen::c,c,2
kth_tips2b_003260,7,linen,linen::c,c,2
kth_tips2b_003261,7,linen,linen::c,c,2
kth_tips2b_003262,7,linen,linen::c,c,2
kth_tips2b_003263,7,linen,linen::c,c,2
kth_tips2b_003264,7,linen,linen::c,c,2
kth_tips2b_003265,7,linen,linen::c,c,2
kth_tips2b_003266,7,linen,linen::c,c,2
kth_tips2b_003267,7,linen,linen::c,c,2
kth_tips2b_003268,7,linen,linen::c,c,2
kth_tips2b_003269,7,linen,linen::c,c,2
kth_tips2b_003270,7,linen,linen::c,c,2
kth_tips2b_003271,7,linen,linen::c,c,2
kth_tips2b_003272,7,linen,linen::c,c,2
kth_tips2b_003273,7,linen,linen::c,c,2
kth_tips2b_003274,7,linen,linen::c,c,2
kth_tips2b_003275,7,linen,linen::c,c,2
kth_tips2b_003276,7,linen,linen::c,c,2
kth_tips2b_003277,7,linen,linen::c,c,2
kth_tips2b_003278,7,linen,linen::c,c,2
kth_tips2b_003279,7,linen,linen::c,c,2
kth_tips2b_003280,7,linen,linen::c,c,2
kth_tips2b_003281,7,linen,linen::c,c,2
kth_tips2b_003282,7,linen,linen::c,c,2
kth_tips2b_003283,7,linen,linen::c,c,2
kth_tips2b_003284,7,linen,linen::c,c,2
kth_tips2b_003285,7,linen,linen::c,c,2
kth_tips2b_003286,7,linen,linen::c,c,2
kth_tips2b_003287,7,linen,linen::c,c,2
kth_tips2b_003288,7,linen,linen::c,c,2
kth_tips2b_003289,7,linen,linen::c,c,2
kth_tips2b_003290,7,linen,linen::c,c,2
kth_tips2b_003291,7,linen,linen::c,c,2
kth_tips2b_003292,7,linen,linen::c,c,2
kth_tips2b_003293,7,linen,linen::c,c,2
kth_tips2b_003294,7,linen,linen::c,c,2
kth_tips2b_003295,7,linen,linen::c,c,2
kth_tips2b_003296,7,linen,linen::c,c,2
kth_tips2b_003297,7,linen,linen::c,c,2
kth_tips2b_003298,7,linen,linen::c,c,2
kth_tips2b_003299,7,linen,linen::c,c,2
kth_tips2b_003300,7,linen,linen::c,c,2
kth_tips2b_003301,7,linen,linen::c,c,2
kth_tips2b_003302,7,linen,linen::c,c,2
kth_tips2b_003303,7,linen,linen::c,c,2
kth_tips2b_003304,7,linen,linen::c,c,2
kth_tips2b_003305,7,linen,linen::c,c,2
kth_tips2b_003306,7,linen,linen::c,c,2
kth_tips2b_003307,7,linen,linen::c,c,2
kth_tips2b_003308,7,linen,linen::c,c,2
kth_tips2b_003309,7,linen,linen::c,c,2
kth_tips2b_003310,7,linen,linen::c,c,2
kth_tips2b_003311,7,linen,linen::c,c,2
kth_tips2b_003312,7,linen,linen::c,c,2
kth_tips2b_003313,7,linen,linen::c,c,2
kth_tips2b_003314,7,linen,linen::c,c,2
kth_tips2b_003315,7,linen,linen::c,c,2
kth_tips2b_003316,7,linen,linen::c,c,2
kth_tips2b_003317,7,linen,linen::c,c,2
kth_tips2b_003318,7,linen,linen::c,c,2
kth_tips2b_003319,7,linen,linen::c,c,2
kth_tips2b_003320,7,linen,linen::c,c,2
kth_tips2b_003321,7,linen,linen::c,c,2
kth_tips2b_003322,7,linen,linen::c,c,2
kth_tips2b_003323,7,linen,linen::c,c,2
kth_tips2b_003324,7,linen,linen::c,c,2
kth_tips2b_003325,7,linen,linen::c,c,2
kth_tips2b_003326,7,linen,linen::c,c,2
kth_tips2b_003327,7,linen,linen::c,c,2
kth_tips2b_003328,7,linen,linen::c,c,2
kth_tips2b_003329,7,linen,linen::c,c,2
kth_tips2b_003330,7,linen,linen::c,c,2
kth_tips2b_003331,7,linen,linen::c,c,2
kth_tips2b_003332,7,linen,linen::c,c,2
kth_tips2b_003333,7,linen,linen::c,c,2
kth_tips2b_003334,7,linen,linen::c,c,2
kth_tips2b_003335,7,linen,linen::c,c,2
kth_tips2b_003336,7,linen,linen::c,c,2
kth_tips2b_003337,7,linen,linen::c,c,2
kth_tips2b_003338,7,linen,linen::c,c,2
kth_tips2b_003339,7,linen,linen::c,c,2
kth_tips2b_003340,7,linen,linen::c,c,2
kth_tips2b_003341,7,linen,linen::c,c,2
kth_tips2b_003342,7,linen,linen::c,c,2
kth_tips2b_003343,7,linen,linen::c,c,2
kth_tips2b_003344,7,linen,linen::c,c,2
kth_tips2b_003345,7,linen,linen::c,c,2
kth_tips2b_003346,7,linen,linen::c,c,2
kth_tips2b_003347,7,linen,linen::c,c,2
kth_tips2b_003348,7,linen,linen::d,d,3
kth_tips2b_003349,7,linen,linen::d,d,3
kth_tips2b_003350,7,linen,linen::d,d,3
kth_tips2b_003351,7,linen,linen::d,d,3
kth_tips2b_003352,7,linen,linen::d,d,3
kth_tips2b_003353,7,linen,linen::d,d,3
kth_tips2b_003354,7,linen,linen::d,d,3
kth_tips2b_003355,7,linen,linen::d,d,3
kth_tips2b_003356,7,linen,linen::d,d,3
kth_tips2b_003357,7,linen,linen::d,d,3
kth_tips2b_003358,7,linen,linen::d,d,3
kth_tips2b_003359,7,linen,linen::d,d,3
kth_tips2b_003360,7,linen,linen::d,d,3
kth_tips2b_003361,7,linen,linen::d,d,3
kth_tips2b_003362,7,linen,linen::d,d,3
kth_tips2b_003363,7,linen,linen::d,d,3
kth_tips2b_003364,7,linen,linen::d,d,3
kth_tips2b_003365,7,linen,linen::d,d,3
kth_tips2b_003366,7,linen,linen::d,d,3
kth_tips2b_003367,7,linen,linen::d,d,3
kth_tips2b_003368,7,linen,linen::d,d,3
kth_tips2b_003369,7,linen,linen::d,d,3
kth_tips2b_003370,7,linen,linen::d,d,3
kth_tips2b_003371,7,linen,linen::d,d,3
kth_tips2b_003372,7,linen,linen::d,d,3
kth_tips2b_003373,7,linen,linen::d,d,3
kth_tips2b_003374,7,linen,linen::d,d,3
kth_tips2b_003375,7,linen,linen::d,d,3
kth_tips2b_003376,7,linen,linen::d,d,3
kth_tips2b_003377,7,linen,linen::d,d,3
kth_tips2b_003378,7,linen,linen::d,d,3
kth_tips2b_003379,7,linen,linen::d,d,3
kth_tips2b_003380,7,linen,linen::d,d,3
kth_tips2b_003381,7,linen,linen::d,d,3
kth_tips2b_003382,7,linen,linen::d,d,3
kth_tips2b_003383,7,linen,linen::d,d,3
kth_tips2b_003384,7,linen,linen::d,d,3
kth_tips2b_003385,7,linen,linen::d,d,3
kth_tips2b_003386,7,linen,linen::d,d,3
kth_tips2b_003387,7,linen,linen::d,d,3
kth_tips2b_003388,7,linen,linen::d,d,3
kth_tips2b_003389,7,linen,linen::d,d,3
kth_tips2b_003390,7,linen,linen::d,d,3
kth_tips2b_003391,7,linen,linen::d,d,3
kth_tips2b_003392,7,linen,linen::d,d,3
kth_tips2b_003393,7,linen,linen::d,d,3
kth_tips2b_003394,7,linen,linen::d,d,3
kth_tips2b_003395,7,linen,linen::d,d,3
kth_tips2b_003396,7,linen,linen::d,d,3
kth_tips2b_003397,7,linen,linen::d,d,3
kth_tips2b_003398,7,linen,linen::d,d,3
kth_tips2b_003399,7,linen,linen::d,d,3
kth_tips2b_003400,7,linen,linen::d,d,3
kth_tips2b_003401,7,linen,linen::d,d,3
kth_tips2b_003402,7,linen,linen::d,d,3
kth_tips2b_003403,7,linen,linen::d,d,3
kth_tips2b_003404,7,linen,linen::d,d,3
kth_tips2b_003405,7,linen,linen::d,d,3
kth_tips2b_003406,7,linen,linen::d,d,3
kth_tips2b_003407,7,linen,linen::d,d,3
kth_tips2b_003408,7,linen,linen::d,d,3
kth_tips2b_003409,7,linen,linen::d,d,3
kth_tips2b_003410,7,linen,linen::d,d,3
kth_tips2b_003411,7,linen,linen::d,d,3
kth_tips2b_003412,7,linen,linen::d,d,3
kth_tips2b_003413,7,linen,linen::d,d,3
kth_tips2b_003414,7,linen,linen::d,d,3
kth_tips2b_003415,7,linen,linen::d,d,3
kth_tips2b_003416,7,linen,linen::d,d,3
kth_tips2b_003417,7,linen,linen::d,d,3
kth_tips2b_003418,7,linen,linen::d,d,3
kth_tips2b_003419,7,linen,linen::d,d,3
kth_tips2b_003420,7,linen,linen::d,d,3
kth_tips2b_003421,7,linen,linen::d,d,3
kth_tips2b_003422,7,linen,linen::d,d,3
kth_tips2b_003423,7,linen,linen::d,d,3
kth_tips2b_003424,7,linen,linen::d,d,3
kth_tips2b_003425,7,linen,linen::d,d,3
kth_tips2b_003426,7,linen,linen::d,d,3
kth_tips2b_003427,7,linen,linen::d,d,3
kth_tips2b_003428,7,linen,linen::d,d,3
kth_tips2b_003429,7,linen,linen::d,d,3
kth_tips2b_003430,7,linen,linen::d,d,3
kth_tips2b_003431,7,linen,linen::d,d,3
kth_tips2b_003432,7,linen,linen::d,d,3
kth_tips2b_003433,7,linen,linen::d,d,3
kth_tips2b_003434,7,linen,linen::d,d,3
kth_tips2b_003435,7,linen,linen::d,d,3
kth_tips2b_003436,7,linen,linen::d,d,3
kth_tips2b_003437,7,linen,linen::d,d,3
kth_tips2b_003438,7,linen,linen::d,d,3
kth_tips2b_003439,7,linen,linen::d,d,3
kth_tips2b_003440,7,linen,linen::d,d,3
kth_tips2b_003441,7,linen,linen::d,d,3
kth_tips2b_003442,7,linen,linen::d,d,3
kth_tips2b_003443,7,linen,linen::d,d,3
kth_tips2b_003444,7,linen,linen::d,d,3
kth_tips2b_003445,7,linen,linen::d,d,3
kth_tips2b_003446,7,linen,linen::d,d,3
kth_tips2b_003447,7,linen,linen::d,d,3
kth_tips2b_003448,7,linen,linen::d,d,3
kth_tips2b_003449,7,linen,linen::d,d,3
kth_tips2b_003450,7,linen,linen::d,d,3
kth_tips2b_003451,7,linen,linen::d,d,3
kth_tips2b_003452,7,linen,linen::d,d,3
kth_tips2b_003453,7,linen,linen::d,d,3
kth_tips2b_003454,7,linen,linen::d,d,3
kth_tips2b_003455,7,linen,linen::d,d,3
kth_tips2b_003456,8,white_bread,white_bread::a,a,0
kth_tips2b_003457,8,white_bread,white_bread::a,a,0
kth_tips2b_003458,8,white_bread,white_bread::a,a,0
kth_tips2b_003459,8,white_bread,white_bread::a,a,0
kth_tips2b_003460,8,white_bread,white_bread::a,a,0
kth_tips2b_003461,8,white_bread,white_bread::a,a,0
kth_tips2b_003462,8,white_bread,white_bread::a,a,0
kth_tips2b_003463,8,white_bread,white_bread::a,a,0
kth_tips2b_003464,8,white_bread,white_bread::a,a,0
kth_tips2b_003465,8,white_bread,white_bread::a,a,0
kth_tips2b_003466,8,white_bread,white_bread::a,a,0
kth_tips2b_003467,8,white_bread,white_bread::a,a,0
kth_tips2b_003468,8,white_bread,white_bread::a,a,0
kth_tips2b_003469,8,white_bread,white_bread::a,a,0
kth_tips2b_003470,8,white_bread,white_bread::a,a,0
kth_tips2b_003471,8,white_bread,white_bread::a,a,0
kth_tips2b_003472,8,white_bread,white_bread::a,a,0
kth_tips2b_003473,8,white_bread,white_bread::a,a,0
kth_tips2b_003474,8,white_bread,white_bread::a,a,0
kth_tips2b_003475,8,white_bread,white_bread::a,a,0
kth_tips2b_003476,8,white_bread,white_bread::a,a,0
kth_tips2b_003477,8,white_bread,white_bread::a,a,0
kth_tips2b_003478,8,white_bread,white_bread::a,a,0
kth_tips2b_003479,8,white_bread,white_bread::a,a,0
kth_tips2b_003480,8,white_bread,white_bread::a,a,0
kth_tips2b_003481,8,white_bread,white_bread::a,a,0
kth_tips2b_003482,8,white_bread,white_bread::a,a,0
kth_tips2b_003483,8,white_bread,white_bread::a,a,0
kth_tips2b_003484,8,white_bread,white_bread::a,a,0
kth_tips2b_003485,8,white_bread,white_bread::a,a,0
kth_tips2b_003486,8,white_bread,white_bread::a,a,0
kth_tips2b_003487,8,white_bread,white_bread::a,a,0
kth_tips2b_003488,8,white_bread,white_bread::a,a,0
kth_tips2b_003489,8,white_bread,white_bread::a,a,0
kth_tips2b_003490,8,white_bread,white_bread::a,a,0
kth_tips2b_003491,8,white_bread,white_bread::a,a,0
kth_tips2b_003492,8,white_bread,white_bread::a,a,0
kth_tips2b_003493,8,white_bread,white_bread::a,a,0
kth_tips2b_003494,8,white_bread,white_bread::a,a,0
kth_tips2b_003495,8,white_bread,white_bread::a,a,0
kth_tips2b_003496,8,white_bread,white_bread::a,a,0
kth_tips2b_003497,8,white_bread,white_bread::a,a,0
kth_tips2b_003498,8,white_bread,white_bread::a,a,0
kth_tips2b_003499,8,white_bread,white_bread::a,a,0
kth_tips2b_003500,8,white_bread,white_bread::a,a,0
kth_tips2b_003501,8,white_bread,white_bread::a,a,0
kth_tips2b_003502,8,white_bread,white_bread::a,a,0
kth_tips2b_003503,8,white_bread,white_bread::a,a,0
kth_tips2b_003504,8,white_bread,white_bread::a,a,0
kth_tips2b_003505,8,white_bread,white_bread::a,a,0
kth_tips2b_003506,8,white_bread,white_bread::a,a,0
kth_tips2b_003507,8,white_bread,white_bread::a,a,0
kth_tips2b_003508,8,white_bread,white_bread::a,a,0
kth_tips2b_003509,8,white_bread,white_bread::a,a,0
kth_tips2b_003510,8,white_bread,white_bread::a,a,0
kth_tips2b_003511,8,white_bread,white_bread::a,a,0
kth_tips2b_003512,8,white_bread,white_bread::a,a,0
kth_tips2b_003513,8,white_bread,white_bread::a,a,0
kth_tips2b_003514,8,white_bread,white_bread::a,a,0
kth_tips2b_003515,8,white_bread,white_bread::a,a,0
kth_tips2b_003516,8,white_bread,white_bread::a,a,0
kth_tips2b_003517,8,white_bread,white_bread::a,a,0
kth_tips2b_003518,8,white_bread,white_bread::a,a,0
kth_tips2b_003519,8,white_bread,white_bread::a,a,0
kth_tips2b_003520,8,white_bread,white_bread::a,a,0
kth_tips2b_003521,8,white_bread,white_bread::a,a,0
kth_tips2b_003522,8,white_bread,white_bread::a,a,0
kth_tips2b_003523,8,white_bread,white_bread::a,a,0
kth_tips2b_003524,8,white_bread,white_bread::a,a,0
kth_tips2b_003525,8,white_bread,white_bread::a,a,0
kth_tips2b_003526,8,white_bread,white_bread::a,a,0
kth_tips2b_003527,8,white_bread,white_bread::a,a,0
kth_tips2b_003528,8,white_bread,white_bread::a,a,0
kth_tips2b_003529,8,white_bread,white_bread::a,a,0
kth_tips2b_003530,8,white_bread,white_bread::a,a,0
kth_tips2b_003531,8,white_bread,white_bread::a,a,0
kth_tips2b_003532,8,white_bread,white_bread::a,a,0
kth_tips2b_003533,8,white_bread,white_bread::a,a,0
kth_tips2b_003534,8,white_bread,white_bread::a,a,0
kth_tips2b_003535,8,white_bread,white_bread::a,a,0
kth_tips2b_003536,8,white_bread,white_bread::a,a,0
kth_tips2b_003537,8,white_bread,white_bread::a,a,0
kth_tips2b_003538,8,white_bread,white_bread::a,a,0
kth_tips2b_003539,8,white_bread,white_bread::a,a,0
kth_tips2b_003540,8,white_bread,white_bread::a,a,0
kth_tips2b_003541,8,white_bread,white_bread::a,a,0
kth_tips2b_003542,8,white_bread,white_bread::a,a,0
kth_tips2b_003543,8,white_bread,white_bread::a,a,0
kth_tips2b_003544,8,white_bread,white_bread::a,a,0
kth_tips2b_003545,8,white_bread,white_bread::a,a,0
kth_tips2b_003546,8,white_bread,white_bread::a,a,0
kth_tips2b_003547,8,white_bread,white_bread::a,a,0
kth_tips2b_003548,8,white_bread,white_bread::a,a,0
kth_tips2b_003549,8,white_bread,white_bread::a,a,0
kth_tips2b_003550,8,white_bread,white_bread::a,a,0
kth_tips2b_003551,8,white_bread,white_bread::a,a,0
kth_tips2b_003552,8,white_bread,white_bread::a,a,0
kth_tips2b_003553,8,white_bread,white_bread::a,a,0
kth_tips2b_003554,8,white_bread,white_bread::a,a,0
kth_tips2b_003555,8,white_bread,white_bread::a,a,0
kth_tips2b_003556,8,white_bread,white_bread::a,a,0
kth_tips2b_003557,8,white_bread,white_bread::a,a,0
kth_tips2b_003558,8,white_bread,white_bread::a,a,0
kth_tips2b_003559,8,white_bread,white_bread::a,a,0
kth_tips2b_003560,8,white_bread,white_bread::a,a,0
kth_tips2b_003561,8,white_bread,white_bread::a,a,0
kth_tips2b_003562,8,white_bread,white_bread::a,a,0
kth_tips2b_003563,8,white_bread,white_bread::a,a,0
kth_tips2b_003564,8,white_bread,white_bread::b,b,1
kth_tips2b_003565,8,white_bread,white_bread::b,b,1
kth_tips2b_003566,8,white_bread,white_bread::b,b,1
kth_tips2b_003567,8,white_bread,white_bread::b,b,1
kth_tips2b_003568,8,white_bread,white_bread::b,b,1
kth_tips2b_003569,8,white_bread,white_bread::b,b,1
kth_tips2b_003570,8,white_bread,white_bread::b,b,1
kth_tips2b_003571,8,white_bread,white_bread::b,b,1
kth_tips2b_003572,8,white_bread,white_bread::b,b,1
kth_tips2b_003573,8,white_bread,white_bread::b,b,1
kth_tips2b_003574,8,white_bread,white_bread::b,b,1
kth_tips2b_003575,8,white_bread,white_bread::b,b,1
kth_tips2b_003576,8,white_bread,white_bread::b,b,1
kth_tips2b_003577,8,white_bread,white_bread::b,b,1
kth_tips2b_003578,8,white_bread,white_bread::b,b,1
kth_tips2b_003579,8,white_bread,white_bread::b,b,1
kth_tips2b_003580,8,white_bread,white_bread::b,b,1
kth_tips2b_003581,8,white_bread,white_bread::b,b,1
kth_tips2b_003582,8,white_bread,white_bread::b,b,1
kth_tips2b_003583,8,white_bread,white_bread::b,b,1
kth_tips2b_003584,8,white_bread,white_bread::b,b,1
kth_tips2b_003585,8,white_bread,white_bread::b,b,1
kth_tips2b_003586,8,white_bread,white_bread::b,b,1
kth_tips2b_003587,8,white_bread,white_bread::b,b,1
kth_tips2b_003588,8,white_bread,white_bread::b,b,1
kth_tips2b_003589,8,white_bread,white_bread::b,b,1
kth_tips2b_003590,8,white_bread,white_bread::b,b,1
kth_tips2b_003591,8,white_bread,white_bread::b,b,1
kth_tips2b_003592,8,white_bread,white_bread::b,b,1
kth_tips2b_003593,8,white_bread,white_bread::b,b,1
kth_tips2b_003594,8,white_bread,white_bread::b,b,1
kth_tips2b_003595,8,white_bread,white_bread::b,b,1
kth_tips2b_003596,8,white_bread,white_bread::b,b,1
kth_tips2b_003597,8,white_bread,white_bread::b,b,1
kth_tips2b_003598,8,white_bread,white_bread::b,b,1
kth_tips2b_003599,8,white_bread,white_bread::b,b,1
kth_tips2b_003600,8,white_bread,white_bread::b,b,1
kth_tips2b_003601,8,white_bread,white_bread::b,b,1
kth_tips2b_003602,8,white_bread,white_bread::b,b,1
kth_tips2b_003603,8,white_bread,white_bread::b,b,1
kth_tips2b_003604,8,white_bread,white_bread::b,b,1
kth_tips2b_003605,8,white_bread,white_bread::b,b,1
kth_tips2b_003606,8,white_bread,white_bread::b,b,1
kth_tips2b_003607,8,white_bread,white_bread::b,b,1
kth_tips2b_003608,8,white_bread,white_bread::b,b,1
kth_tips2b_003609,8,white_bread,white_bread::b,b,1
kth_tips2b_003610,8,white_bread,white_bread::b,b,1
kth_tips2b_003611,8,white_bread,white_bread::b,b,1
kth_tips2b_003612,8,white_bread,white_bread::b,b,1
kth_tips2b_003613,8,white_bread,white_bread::b,b,1
kth_tips2b_003614,8,white_bread,white_bread::b,b,1
kth_tips2b_003615,8,white_bread,white_bread::b,b,1
kth_tips2b_003616,8,white_bread,white_bread::b,b,1
kth_tips2b_003617,8,white_bread,white_bread::b,b,1
kth_tips2b_003618,8,white_bread,white_bread::b,b,1
kth_tips2b_003619,8,white_bread,white_bread::b,b,1
kth_tips2b_003620,8,white_bread,white_bread::b,b,1
kth_tips2b_003621,8,white_bread,white_bread::b,b,1
kth_tips2b_003622,8,white_bread,white_bread::b,b,1
kth_tips2b_003623,8,white_bread,white_bread::b,b,1
kth_tips2b_003624,8,white_bread,white_bread::b,b,1
kth_tips2b_003625,8,white_bread,white_bread::b,b,1
kth_tips2b_003626,8,white_bread,white_bread::b,b,1
kth_tips2b_003627,8,white_bread,white_bread::b,b,1
kth_tips2b_003628,8,white_bread,white_bread::b,b,1
kth_tips2b_003629,8,white_bread,white_bread::b,b,1
kth_tips2b_003630,8,white_bread,white_bread::b,b,1
kth_tips2b_003631,8,white_bread,white_bread::b,b,1
kth_tips2b_003632,8,white_bread,white_bread::b,b,1
kth_tips2b_003633,8,white_bread,white_bread::b,b,1
kth_tips2b_003634,8,white_bread,white_bread::b,b,1
kth_tips2b_003635,8,white_bread,white_bread::b,b,1
kth_tips2b_003636,8,white_bread,white_bread::b,b,1
kth_tips2b_003637,8,white_bread,white_bread::b,b,1
kth_tips2b_003638,8,white_bread,white_bread::b,b,1
kth_tips2b_003639,8,white_bread,white_bread::b,b,1
kth_tips2b_003640,8,white_bread,white_bread::b,b,1
kth_tips2b_003641,8,white_bread,white_bread::b,b,1
kth_tips2b_003642,8,white_bread,white_bread::b,b,1
kth_tips2b_003643,8,white_bread,white_bread::b,b,1
kth_tips2b_003644,8,white_bread,white_bread::b,b,1
kth_tips2b_003645,8,white_bread,white_bread::b,b,1
kth_tips2b_003646,8,white_bread,white_bread::b,b,1
kth_tips2b_003647,8,white_bread,white_bread::b,b,1
kth_tips2b_003648,8,white_bread,white_bread::b,b,1
kth_tips2b_003649,8,white_bread,white_bread::b,b,1
kth_tips2b_003650,8,white_bread,white_bread::b,b,1
kth_tips2b_003651,8,white_bread,white_bread::b,b,1
kth_tips2b_003652,8,white_bread,white_bread::b,b,1
kth_tips2b_003653,8,white_bread,white_bread::b,b,1
kth_tips2b_003654,8,white_bread,white_bread::b,b,1
kth_tips2b_003655,8,white_bread,white_bread::b,b,1
kth_tips2b_003656,8,white_bread,white_bread::b,b,1
kth_tips2b_003657,8,white_bread,white_bread::b,b,1
kth_tips2b_003658,8,white_bread,white_bread::b,b,1
kth_tips2b_003659,8,white_bread,white_bread::b,b,1
kth_tips2b_003660,8,white_bread,white_bread::b,b,1
kth_tips2b_003661,8,white_bread,white_bread::b,b,1
kth_tips2b_003662,8,white_bread,white_bread::b,b,1
kth_tips2b_003663,8,white_bread,white_bread::b,b,1
kth_tips2b_003664,8,white_bread,white_bread::b,b,1
kth_tips2b_003665,8,white_bread,white_bread::b,b,1
kth_tips2b_003666,8,white_bread,white_bread::b,b,1
kth_tips2b_003667,8,white_bread,white_bread::b,b,1
kth_tips2b_003668,8,white_bread,white_bread::b,b,1
kth_tips2b_003669,8,white_bread,white_bread::b,b,1
kth_tips2b_003670,8,white_bread,white_bread::b,b,1
kth_tips2b_003671,8,white_bread,white_bread::b,b,1
kth_tips2b_003672,8,white_bread,white_bread::c,c,2
kth_tips2b_003673,8,white_bread,white_bread::c,c,2
kth_tips2b_003674,8,white_bread,white_bread::c,c,2
kth_tips2b_003675,8,white_bread,white_bread::c,c,2
kth_tips2b_003676,8,white_bread,white_bread::c,c,2
kth_tips2b_003677,8,white_bread,white_bread::c,c,2
kth_tips2b_003678,8,white_bread,white_bread::c,c,2
kth_tips2b_003679,8,white_bread,white_bread::c,c,2
kth_tips2b_003680,8,white_bread,white_bread::c,c,2
kth_tips2b_003681,8,white_bread,white_bread::c,c,2
kth_tips2b_003682,8,white_bread,white_bread::c,c,2
kth_tips2b_003683,8,white_bread,white_bread::c,c,2
kth_tips2b_003684,8,white_bread,white_bread::c,c,2
kth_tips2b_003685,8,white_bread,white_bread::c,c,2
kth_tips2b_003686,8,white_bread,white_bread::c,c,2
kth_tips2b_003687,8,white_bread,white_bread::c,c,2
kth_tips2b_003688,8,white_bread,white_bread::c,c,2
kth_tips2b_003689,8,white_bread,white_bread::c,c,2
kth_tips2b_003690,8,white_bread,white_bread::c,c,2
kth_tips2b_003691,8,white_bread,white_bread::c,c,2
kth_tips2b_003692,8,white_bread,white_bread::c,c,2
kth_tips2b_003693,8,white_bread,white_bread::c,c,2
kth_tips2b_003694,8,white_bread,white_bread::c,c,2
kth_tips2b_003695,8,white_bread,white_bread::c,c,2
kth_tips2b_003696,8,white_bread,white_bread::c,c,2
kth_tips2b_003697,8,white_bread,white_bread::c,c,2
kth_tips2b_003698,8,white_bread,white_bread::c,c,2
kth_tips2b_003699,8,white_bread,white_bread::c,c,2
kth_tips2b_003700,8,white_bread,white_bread::c,c,2
kth_tips2b_003701,8,white_bread,white_bread::c,c,2
kth_tips2b_003702,8,white_bread,white_bread::c,c,2
kth_tips2b_003703,8,white_bread,white_bread::c,c,2
kth_tips2b_003704,8,white_bread,white_bread::c,c,2
kth_tips2b_003705,8,white_bread,white_bread::c,c,2
kth_tips2b_003706,8,white_bread,white_bread::c,c,2
kth_tips2b_003707,8,white_bread,white_bread::c,c,2
kth_tips2b_003708,8,white_bread,white_bread::c,c,2
kth_tips2b_003709,8,white_bread,white_bread::c,c,2
kth_tips2b_003710,8,white_bread,white_bread::c,c,2
kth_tips2b_003711,8,white_bread,white_bread::c,c,2
kth_tips2b_003712,8,white_bread,white_bread::c,c,2
kth_tips2b_003713,8,white_bread,white_bread::c,c,2
kth_tips2b_003714,8,white_bread,white_bread::c,c,2
kth_tips2b_003715,8,white_bread,white_bread::c,c,2
kth_tips2b_003716,8,white_bread,white_bread::c,c,2
kth_tips2b_003717,8,white_bread,white_bread::c,c,2
kth_tips2b_003718,8,white_bread,white_bread::c,c,2
kth_tips2b_003719,8,white_bread,white_bread::c,c,2
kth_tips2b_003720,8,white_bread,white_bread::c,c,2
kth_tips2b_003721,8,white_bread,white_bread::c,c,2
kth_tips2b_003722,8,white_bread,white_bread::c,c,2
kth_tips2b_003723,8,white_bread,white_bread::c,c,2
kth_tips2b_003724,8,white_bread,white_bread::c,c,2
kth_tips2b_003725,8,white_bread,white_bread::c,c,2
kth_tips2b_003726,8,white_bread,white_bread::c,c,2
kth_tips2b_003727,8,white_bread,white_bread::c,c,2
kth_tips2b_003728,8,white_bread,white_bread::c,c,2
kth_tips2b_003729,8,white_bread,white_bread::c,c,2
kth_tips2b_003730,8,white_bread,white_bread::c,c,2
kth_tips2b_003731,8,white_bread,white_bread::c,c,2
kth_tips2b_003732,8,white_bread,white_bread::c,c,2
kth_tips2b_003733,8,white_bread,white_bread::c,c,2
kth_tips2b_003734,8,white_bread,white_bread::c,c,2
kth_tips2b_003735,8,white_bread,white_bread::c,c,2
kth_tips2b_003736,8,white_bread,white_bread::c,c,2
kth_tips2b_003737,8,white_bread,white_bread::c,c,2
kth_tips2b_003738,8,white_bread,white_bread::c,c,2
kth_tips2b_003739,8,white_bread,white_bread::c,c,2
kth_tips2b_003740,8,white_bread,white_bread::c,c,2
kth_tips2b_003741,8,white_bread,white_bread::c,c,2
kth_tips2b_003742,8,white_bread,white_bread::c,c,2
kth_tips2b_003743,8,white_bread,white_bread::c,c,2
kth_tips2b_003744,8,white_bread,white_bread::c,c,2
kth_tips2b_003745,8,white_bread,white_bread::c,c,2
kth_tips2b_003746,8,white_bread,white_bread::c,c,2
kth_tips2b_003747,8,white_bread,white_bread::c,c,2
kth_tips2b_003748,8,white_bread,white_bread::c,c,2
kth_tips2b_003749,8,white_bread,white_bread::c,c,2
kth_tips2b_003750,8,white_bread,white_bread::c,c,2
kth_tips2b_003751,8,white_bread,white_bread::c,c,2
kth_tips2b_003752,8,white_bread,white_bread::c,c,2
kth_tips2b_003753,8,white_bread,white_bread::c,c,2
kth_tips2b_003754,8,white_bread,white_bread::c,c,2
kth_tips2b_003755,8,white_bread,white_bread::c,c,2
kth_tips2b_003756,8,white_bread,white_bread::c,c,2
kth_tips2b_003757,8,white_bread,white_bread::c,c,2
kth_tips2b_003758,8,white_bread,white_bread::c,c,2
kth_tips2b_003759,8,white_bread,white_bread::c,c,2
kth_tips2b_003760,8,white_bread,white_bread::c,c,2
kth_tips2b_003761,8,white_bread,white_bread::c,c,2
kth_tips2b_003762,8,white_bread,white_bread::c,c,2
kth_tips2b_003763,8,white_bread,white_bread::c,c,2
kth_tips2b_003764,8,white_bread,white_bread::c,c,2
kth_tips2b_003765,8,white_bread,white_bread::c,c,2
kth_tips2b_003766,8,white_bread,white_bread::c,c,2
kth_tips2b_003767,8,white_bread,white_bread::c,c,2
kth_tips2b_003768,8,white_bread,white_bread::c,c,2
kth_tips2b_003769,8,white_bread,white_bread::c,c,2
kth_tips2b_003770,8,white_bread,white_bread::c,c,2
kth_tips2b_003771,8,white_bread,white_bread::c,c,2
kth_tips2b_003772,8,white_bread,white_bread::c,c,2
kth_tips2b_003773,8,white_bread,white_bread::c,c,2
kth_tips2b_003774,8,white_bread,white_bread::c,c,2
kth_tips2b_003775,8,white_bread,white_bread::c,c,2
kth_tips2b_003776,8,white_bread,white_bread::c,c,2
kth_tips2b_003777,8,white_bread,white_bread::c,c,2
kth_tips2b_003778,8,white_bread,white_bread::c,c,2
kth_tips2b_003779,8,white_bread,white_bread::c,c,2
kth_tips2b_003780,8,white_bread,white_bread::d,d,3
kth_tips2b_003781,8,white_bread,white_bread::d,d,3
kth_tips2b_003782,8,white_bread,white_bread::d,d,3
kth_tips2b_003783,8,white_bread,white_bread::d,d,3
kth_tips2b_003784,8,white_bread,white_bread::d,d,3
kth_tips2b_003785,8,white_bread,white_bread::d,d,3
kth_tips2b_003786,8,white_bread,white_bread::d,d,3
kth_tips2b_003787,8,white_bread,white_bread::d,d,3
kth_tips2b_003788,8,white_bread,white_bread::d,d,3
kth_tips2b_003789,8,white_bread,white_bread::d,d,3
kth_tips2b_003790,8,white_bread,white_bread::d,d,3
kth_tips2b_003791,8,white_bread,white_bread::d,d,3
kth_tips2b_003792,8,white_bread,white_bread::d,d,3
kth_tips2b_003793,8,white_bread,white_bread::d,d,3
kth_tips2b_003794,8,white_bread,white_bread::d,d,3
kth_tips2b_003795,8,white_bread,white_bread::d,d,3
kth_tips2b_003796,8,white_bread,white_bread::d,d,3
kth_tips2b_003797,8,white_bread,white_bread::d,d,3
kth_tips2b_003798,8,white_bread,white_bread::d,d,3
kth_tips2b_003799,8,white_bread,white_bread::d,d,3
kth_tips2b_003800,8,white_bread,white_bread::d,d,3
kth_tips2b_003801,8,white_bread,white_bread::d,d,3
kth_tips2b_003802,8,white_bread,white_bread::d,d,3
kth_tips2b_003803,8,white_bread,white_bread::d,d,3
kth_tips2b_003804,8,white_bread,white_bread::d,d,3
kth_tips2b_003805,8,white_bread,white_bread::d,d,3
kth_tips2b_003806,8,white_bread,white_bread::d,d,3
kth_tips2b_003807,8,white_bread,white_bread::d,d,3
kth_tips2b_003808,8,white_bread,white_bread::d,d,3
kth_tips2b_003809,8,white_bread,white_bread::d,d,3
kth_tips2b_003810,8,white_bread,white_bread::d,d,3
kth_tips2b_003811,8,white_bread,white_bread::d,d,3
kth_tips2b_003812,8,white_bread,white_bread::d,d,3
kth_tips2b_003813,8,white_bread,white_bread::d,d,3
kth_tips2b_003814,8,white_bread,white_bread::d,d,3
kth_tips2b_003815,8,white_bread,white_bread::d,d,3
kth_tips2b_003816,8,white_bread,white_bread::d,d,3
kth_tips2b_003817,8,white_bread,white_bread::d,d,3
kth_tips2b_003818,8,white_bread,white_bread::d,d,3
kth_tips2b_003819,8,white_bread,white_bread::d,d,3
kth_tips2b_003820,8,white_bread,white_bread::d,d,3
kth_tips2b_003821,8,white_bread,white_bread::d,d,3
kth_tips2b_003822,8,white_bread,white_bread::d,d,3
kth_tips2b_003823,8,white_bread,white_bread::d,d,3
kth_tips2b_003824,8,white_bread,white_bread::d,d,3
kth_tips2b_003825,8,white_bread,white_bread::d,d,3
kth_tips2b_003826,8,white_bread,white_bread::d,d,3
kth_tips2b_003827,8,white_bread,white_bread::d,d,3
kth_tips2b_003828,8,white_bread,white_bread::d,d,3
kth_tips2b_003829,8,white_bread,white_bread::d,d,3
kth_tips2b_003830,8,white_bread,white_bread::d,d,3
kth_tips2b_003831,8,white_bread,white_bread::d,d,3
kth_tips2b_003832,8,white_bread,white_bread::d,d,3
kth_tips2b_003833,8,white_bread,white_bread::d,d,3
kth_tips2b_003834,8,white_bread,white_bread::d,d,3
kth_tips2b_003835,8,white_bread,white_bread::d,d,3
kth_tips2b_003836,8,white_bread,white_bread::d,d,3
kth_tips2b_003837,8,white_bread,white_bread::d,d,3
kth_tips2b_003838,8,white_bread,white_bread::d,d,3
kth_tips2b_003839,8,white_bread,white_bread::d,d,3
kth_tips2b_003840,8,white_bread,white_bread::d,d,3
kth_tips2b_003841,8,white_bread,white_bread::d,d,3
kth_tips2b_003842,8,white_bread,white_bread::d,d,3
kth_tips2b_003843,8,white_bread,white_bread::d,d,3
kth_tips2b_003844,8,white_bread,white_bread::d,d,3
kth_tips2b_003845,8,white_bread,white_bread::d,d,3
kth_tips2b_003846,8,white_bread,white_bread::d,d,3
kth_tips2b_003847,8,white_bread,white_bread::d,d,3
kth_tips2b_003848,8,white_bread,white_bread::d,d,3
kth_tips2b_003849,8,white_bread,white_bread::d,d,3
kth_tips2b_003850,8,white_bread,white_bread::d,d,3
kth_tips2b_003851,8,white_bread,white_bread::d,d,3
kth_tips2b_003852,8,white_bread,white_bread::d,d,3
kth_tips2b_003853,8,white_bread,white_bread::d,d,3
kth_tips2b_003854,8,white_bread,white_bread::d,d,3
kth_tips2b_003855,8,white_bread,white_bread::d,d,3
kth_tips2b_003856,8,white_bread,white_bread::d,d,3
kth_tips2b_003857,8,white_bread,white_bread::d,d,3
kth_tips2b_003858,8,white_bread,white_bread::d,d,3
kth_tips2b_003859,8,white_bread,white_bread::d,d,3
kth_tips2b_003860,8,white_bread,white_bread::d,d,3
kth_tips2b_003861,8,white_bread,white_bread::d,d,3
kth_tips2b_003862,8,white_bread,white_bread::d,d,3
kth_tips2b_003863,8,white_bread,white_bread::d,d,3
kth_tips2b_003864,8,white_bread,white_bread::d,d,3
kth_tips2b_003865,8,white_bread,white_bread::d,d,3
kth_tips2b_003866,8,white_bread,white_bread::d,d,3
kth_tips2b_003867,8,white_bread,white_bread::d,d,3
kth_tips2b_003868,8,white_bread,white_bread::d,d,3
kth_tips2b_003869,8,white_bread,white_bread::d,d,3
kth_tips2b_003870,8,white_bread,white_bread::d,d,3
kth_tips2b_003871,8,white_bread,white_bread::d,d,3
kth_tips2b_003872,8,white_bread,white_bread::d,d,3
kth_tips2b_003873,8,white_bread,white_bread::d,d,3
kth_tips2b_003874,8,white_bread,white_bread::d,d,3
kth_tips2b_003875,8,white_bread,white_bread::d,d,3
kth_tips2b_003876,8,white_bread,white_bread::d,d,3
kth_tips2b_003877,8,white_bread,white_bread::d,d,3
kth_tips2b_003878,8,white_bread,white_bread::d,d,3
kth_tips2b_003879,8,white_bread,white_bread::d,d,3
kth_tips2b_003880,8,white_bread,white_bread::d,d,3
kth_tips2b_003881,8,white_bread,white_bread::d,d,3
kth_tips2b_003882,8,white_bread,white_bread::d,d,3
kth_tips2b_003883,8,white_bread,white_bread::d,d,3
kth_tips2b_003884,8,white_bread,white_bread::d,d,3
kth_tips2b_003885,8,white_bread,white_bread::d,d,3
kth_tips2b_003886,8,white_bread,white_bread::d,d,3
kth_tips2b_003887,8,white_bread,white_bread::d,d,3
kth_tips2b_003888,9,wood,wood::a,a,0
kth_tips2b_003889,9,wood,wood::a,a,0
kth_tips2b_003890,9,wood,wood::a,a,0
kth_tips2b_003891,9,wood,wood::a,a,0
kth_tips2b_003892,9,wood,wood::a,a,0
kth_tips2b_003893,9,wood,wood::a,a,0
kth_tips2b_003894,9,wood,wood::a,a,0
kth_tips2b_003895,9,wood,wood::a,a,0
kth_tips2b_003896,9,wood,wood::a,a,0
kth_tips2b_003897,9,wood,wood::a,a,0
kth_tips2b_003898,9,wood,wood::a,a,0
kth_tips2b_003899,9,wood,wood::a,a,0
kth_tips2b_003900,9,wood,wood::a,a,0
kth_tips2b_003901,9,wood,wood::a,a,0
kth_tips2b_003902,9,wood,wood::a,a,0
kth_tips2b_003903,9,wood,wood::a,a,0
kth_tips2b_003904,9,wood,wood::a,a,0
kth_tips2b_003905,9,wood,wood::a,a,0
kth_tips2b_003906,9,wood,wood::a,a,0
kth_tips2b_003907,9,wood,wood::a,a,0
kth_tips2b_003908,9,wood,wood::a,a,0
kth_tips2b_003909,9,wood,wood::a,a,0
kth_tips2b_003910,9,wood,wood::a,a,0
kth_tips2b_003911,9,wood,wood::a,a,0
kth_tips2b_003912,9,wood,wood::a,a,0
kth_tips2b_003913,9,wood,wood::a,a,0
kth_tips2b_003914,9,wood,wood::a,a,0
kth_tips2b_003915,9,wood,wood::a,a,0
kth_tips2b_003916,9,wood,wood::a,a,0
kth_tips2b_003917,9,wood,wood::a,a,0
kth_tips2b_003918,9,wood,wood::a,a,0
kth_tips2b_003919,9,wood,wood::a,a,0
kth_tips2b_003920,9,wood,wood::a,a,0
kth_tips2b_003921,9,wood,wood::a,a,0
kth_tips2b_003922,9,wood,wood::a,a,0
kth_tips2b_003923,9,wood,wood::a,a,0
kth_tips2b_003924,9,wood,wood::a,a,0
kth_tips2b_003925,9,wood,wood::a,a,0
kth_tips2b_003926,9,wood,wood::a,a,0
kth_tips2b_003927,9,wood,wood::a,a,0
kth_tips2b_003928,9,wood,wood::a,a,0
kth_tips2b_003929,9,wood,wood::a,a,0
kth_tips2b_003930,9,wood,wood::a,a,0
kth_tips2b_003931,9,wood,wood::a,a,0
kth_tips2b_003932,9,wood,wood::a,a,0
kth_tips2b_003933,9,wood,wood::a,a,0
kth_tips2b_003934,9,wood,wood::a,a,0
kth_tips2b_003935,9,wood,wood::a,a,0
kth_tips2b_003936,9,wood,wood::a,a,0
kth_tips2b_003937,9,wood,wood::a,a,0
kth_tips2b_003938,9,wood,wood::a,a,0
kth_tips2b_003939,9,wood,wood::a,a,0
kth_tips2b_003940,9,wood,wood::a,a,0
kth_tips2b_003941,9,wood,wood::a,a,0
kth_tips2b_003942,9,wood,wood::a,a,0
kth_tips2b_003943,9,wood,wood::a,a,0
kth_tips2b_003944,9,wood,wood::a,a,0
kth_tips2b_003945,9,wood,wood::a,a,0
kth_tips2b_003946,9,wood,wood::a,a,0
kth_tips2b_003947,9,wood,wood::a,a,0
kth_tips2b_003948,9,wood,wood::a,a,0
kth_tips2b_003949,9,wood,wood::a,a,0
kth_tips2b_003950,9,wood,wood::a,a,0
kth_tips2b_003951,9,wood,wood::a,a,0
kth_tips2b_003952,9,wood,wood::a,a,0
kth_tips2b_003953,9,wood,wood::a,a,0
kth_tips2b_003954,9,wood,wood::a,a,0
kth_tips2b_003955,9,wood,wood::a,a,0
kth_tips2b_003956,9,wood,wood::a,a,0
kth_tips2b_003957,9,wood,wood::a,a,0
kth_tips2b_003958,9,wood,wood::a,a,0
kth_tips2b_003959,9,wood,wood::a,a,0
kth_tips2b_003960,9,wood,wood::a,a,0
kth_tips2b_003961,9,wood,wood::a,a,0
kth_tips2b_003962,9,wood,wood::a,a,0
kth_tips2b_003963,9,wood,wood::a,a,0
kth_tips2b_003964,9,wood,wood::a,a,0
kth_tips2b_003965,9,wood,wood::a,a,0
kth_tips2b_003966,9,wood,wood::a,a,0
kth_tips2b_003967,9,wood,wood::a,a,0
kth_tips2b_003968,9,wood,wood::a,a,0
kth_tips2b_003969,9,wood,wood::a,a,0
kth_tips2b_003970,9,wood,wood::a,a,0
kth_tips2b_003971,9,wood,wood::a,a,0
kth_tips2b_003972,9,wood,wood::a,a,0
kth_tips2b_003973,9,wood,wood::a,a,0
kth_tips2b_003974,9,wood,wood::a,a,0
kth_tips2b_003975,9,wood,wood::a,a,0
kth_tips2b_003976,9,wood,wood::a,a,0
kth_tips2b_003977,9,wood,wood::a,a,0
kth_tips2b_003978,9,wood,wood::a,a,0
kth_tips2b_003979,9,wood,wood::a,a,0
kth_tips2b_003980,9,wood,wood::a,a,0
kth_tips2b_003981,9,wood,wood::a,a,0
kth_tips2b_003982,9,wood,wood::a,a,0
kth_tips2b_003983,9,wood,wood::a,a,0
kth_tips2b_003984,9,wood,wood::a,a,0
kth_tips2b_003985,9,wood,wood::a,a,0
kth_tips2b_003986,9,wood,wood::a,a,0
kth_tips2b_003987,9,wood,wood::a,a,0
kth_tips2b_003988,9,wood,wood::a,a,0
kth_tips2b_003989,9,wood,wood::a,a,0
kth_tips2b_003990,9,wood,wood::a,a,0
kth_tips2b_003991,9,wood,wood::a,a,0
kth_tips2b_003992,9,wood,wood::a,a,0
kth_tips2b_003993,9,wood,wood::a,a,0
kth_tips2b_003994,9,wood,wood::a,a,0
kth_tips2b_003995,9,wood,wood::a,a,0
kth_tips2b_003996,9,wood,wood::b,b,1
kth_tips2b_003997,9,wood,wood::b,b,1
kth_tips2b_003998,9,wood,wood::b,b,1
kth_tips2b_003999,9,wood,wood::b,b,1
kth_tips2b_004000,9,wood,wood::b,b,1
kth_tips2b_004001,9,wood,wood::b,b,1
kth_tips2b_004002,9,wood,wood::b,b,1
kth_tips2b_004003,9,wood,wood::b,b,1
kth_tips2b_004004,9,wood,wood::b,b,1
kth_tips2b_004005,9,wood,wood::b,b,1
kth_tips2b_004006,9,wood,wood::b,b,1
kth_tips2b_004007,9,wood,wood::b,b,1
kth_tips2b_004008,9,wood,wood::b,b,1
kth_tips2b_004009,9,wood,wood::b,b,1
kth_tips2b_004010,9,wood,wood::b,b,1
kth_tips2b_004011,9,wood,wood::b,b,1
kth_tips2b_004012,9,wood,wood::b,b,1
kth_tips2b_004013,9,wood,wood::b,b,1
kth_tips2b_004014,9,wood,wood::b,b,1
kth_tips2b_004015,9,wood,wood::b,b,1
kth_tips2b_004016,9,wood,wood::b,b,1
kth_tips2b_004017,9,wood,wood::b,b,1
kth_tips2b_004018,9,wood,wood::b,b,1
kth_tips2b_004019,9,wood,wood::b,b,1
kth_tips2b_004020,9,wood,wood::b,b,1
kth_tips2b_004021,9,wood,wood::b,b,1
kth_tips2b_004022,9,wood,wood::b,b,1
kth_tips2b_004023,9,wood,wood::b,b,1
kth_tips2b_004024,9,wood,wood::b,b,1
kth_tips2b_004025,9,wood,wood::b,b,1
kth_tips2b_004026,9,wood,wood::b,b,1
kth_tips2b_004027,9,wood,wood::b,b,1
kth_tips2b_004028,9,wood,wood::b,b,1
kth_tips2b_004029,9,wood,wood::b,b,1
kth_tips2b_004030,9,wood,wood::b,b,1
kth_tips2b_004031,9,wood,wood::b,b,1
kth_tips2b_004032,9,wood,wood::b,b,1
kth_tips2b_004033,9,wood,wood::b,b,1
kth_tips2b_004034,9,wood,wood::b,b,1
kth_tips2b_004035,9,wood,wood::b,b,1
kth_tips2b_004036,9,wood,wood::b,b,1
kth_tips2b_004037,9,wood,wood::b,b,1
kth_tips2b_004038,9,wood,wood::b,b,1
kth_tips2b_004039,9,wood,wood::b,b,1
kth_tips2b_004040,9,wood,wood::b,b,1
kth_tips2b_004041,9,wood,wood::b,b,1
kth_tips2b_004042,9,wood,wood::b,b,1
kth_tips2b_004043,9,wood,wood::b,b,1
kth_tips2b_004044,9,wood,wood::b,b,1
kth_tips2b_004045,9,wood,wood::b,b,1
kth_tips2b_004046,9,wood,wood::b,b,1
kth_tips2b_004047,9,wood,wood::b,b,1
kth_tips2b_004048,9,wood,wood::b,b,1
kth_tips2b_004049,9,wood,wood::b,b,1
kth_tips2b_004050,9,wood,wood::b,b,1
kth_tips2b_004051,9,wood,wood::b,b,1
kth_tips2b_004052,9,wood,wood::b,b,1
kth_tips2b_004053,9,wood,wood::b,b,1
kth_tips2b_004054,9,wood,wood::b,b,1
kth_tips2b_004055,9,wood,wood::b,b,1
kth_tips2b_004056,9,wood,wood::b,b,1
kth_tips2b_004057,9,wood,wood::b,b,1
kth_tips2b_004058,9,wood,wood::b,b,1
kth_tips2b_004059,9,wood,wood::b,b,1
kth_tips2b_004060,9,wood,wood::b,b,1
kth_tips2b_004061,9,wood,wood::b,b,1
kth_tips2b_004062,9,wood,wood::b,b,1
kth_tips2b_004063,9,wood,wood::b,b,1
kth_tips2b_004064,9,wood,wood::b,b,1
kth_tips2b_004065,9,wood,wood::b,b,1
kth_tips2b_004066,9,wood,wood::b,b,1
kth_tips2b_004067,9,wood,wood::b,b,1
kth_tips2b_004068,9,wood,wood::b,b,1
kth_tips2b_004069,9,wood,wood::b,b,1
kth_tips2b_004070,9,wood,wood::b,b,1
kth_tips2b_004071,9,wood,wood::b,b,1
kth_tips2b_004072,9,wood,wood::b,b,1
kth_tips2b_004073,9,wood,wood::b,b,1
kth_tips2b_004074,9,wood,wood::b,b,1
kth_tips2b_004075,9,wood,wood::b,b,1
kth_tips2b_004076,9,wood,wood::b,b,1
kth_tips2b_004077,9,wood,wood::b,b,1
kth_tips2b_004078,9,wood,wood::b,b,1
kth_tips2b_004079,9,wood,wood::b,b,1
kth_tips2b_004080,9,wood,wood::b,b,1
kth_tips2b_004081,9,wood,wood::b,b,1
kth_tips2b_004082,9,wood,wood::b,b,1
kth_tips2b_004083,9,wood,wood::b,b,1
kth_tips2b_004084,9,wood,wood::b,b,1
kth_tips2b_004085,9,wood,wood::b,b,1
kth_tips2b_004086,9,wood,wood::b,b,1
kth_tips2b_004087,9,wood,wood::b,b,1
kth_tips2b_004088,9,wood,wood::b,b,1
kth_tips2b_004089,9,wood,wood::b,b,1
kth_tips2b_004090,9,wood,wood::b,b,1
kth_tips2b_004091,9,wood,wood::b,b,1
kth_tips2b_004092,9,wood,wood::b,b,1
kth_tips2b_004093,9,wood,wood::b,b,1
kth_tips2b_004094,9,wood,wood::b,b,1
kth_tips2b_004095,9,wood,wood::b,b,1
kth_tips2b_004096,9,wood,wood::b,b,1
kth_tips2b_004097,9,wood,wood::b,b,1
kth_tips2b_004098,9,wood,wood::b,b,1
kth_tips2b_004099,9,wood,wood::b,b,1
kth_tips2b_004100,9,wood,wood::b,b,1
kth_tips2b_004101,9,wood,wood::b,b,1
kth_tips2b_004102,9,wood,wood::b,b,1
kth_tips2b_004103,9,wood,wood::b,b,1
kth_tips2b_004104,9,wood,wood::c,c,2
kth_tips2b_004105,9,wood,wood::c,c,2
kth_tips2b_004106,9,wood,wood::c,c,2
kth_tips2b_004107,9,wood,wood::c,c,2
kth_tips2b_004108,9,wood,wood::c,c,2
kth_tips2b_004109,9,wood,wood::c,c,2
kth_tips2b_004110,9,wood,wood::c,c,2
kth_tips2b_004111,9,wood,wood::c,c,2
kth_tips2b_004112,9,wood,wood::c,c,2
kth_tips2b_004113,9,wood,wood::c,c,2
kth_tips2b_004114,9,wood,wood::c,c,2
kth_tips2b_004115,9,wood,wood::c,c,2
kth_tips2b_004116,9,wood,wood::c,c,2
kth_tips2b_004117,9,wood,wood::c,c,2
kth_tips2b_004118,9,wood,wood::c,c,2
kth_tips2b_004119,9,wood,wood::c,c,2
kth_tips2b_004120,9,wood,wood::c,c,2
kth_tips2b_004121,9,wood,wood::c,c,2
kth_tips2b_004122,9,wood,wood::c,c,2
kth_tips2b_004123,9,wood,wood::c,c,2
kth_tips2b_004124,9,wood,wood::c,c,2
kth_tips2b_004125,9,wood,wood::c,c,2
kth_tips2b_004126,9,wood,wood::c,c,2
kth_tips2b_004127,9,wood,wood::c,c,2
kth_tips2b_004128,9,wood,wood::c,c,2
kth_tips2b_004129,9,wood,wood::c,c,2
kth_tips2b_004130,9,wood,wood::c,c,2
kth_tips2b_004131,9,wood,wood::c,c,2
kth_tips2b_004132,9,wood,wood::c,c,2
kth_tips2b_004133,9,wood,wood::c,c,2
kth_tips2b_004134,9,wood,wood::c,c,2
kth_tips2b_004135,9,wood,wood::c,c,2
kth_tips2b_004136,9,wood,wood::c,c,2
kth_tips2b_004137,9,wood,wood::c,c,2
kth_tips2b_004138,9,wood,wood::c,c,2
kth_tips2b_004139,9,wood,wood::c,c,2
kth_tips2b_004140,9,wood,wood::c,c,2
kth_tips2b_004141,9,wood,wood::c,c,2
kth_tips2b_004142,9,wood,wood::c,c,2
kth_tips2b_004143,9,wood,wood::c,c,2
kth_tips2b_004144,9,wood,wood::c,c,2
kth_tips2b_004145,9,wood,wood::c,c,2
kth_tips2b_004146,9,wood,wood::c,c,2
kth_tips2b_004147,9,wood,wood::c,c,2
kth_tips2b_004148,9,wood,wood::c,c,2
kth_tips2b_004149,9,wood,wood::c,c,2
kth_tips2b_004150,9,wood,wood::c,c,2
kth_tips2b_004151,9,wood,wood::c,c,2
kth_tips2b_004152,9,wood,wood::c,c,2
kth_tips2b_004153,9,wood,wood::c,c,2
kth_tips2b_004154,9,wood,wood::c,c,2
kth_tips2b_004155,9,wood,wood::c,c,2
kth_tips2b_004156,9,wood,wood::c,c,2
kth_tips2b_004157,9,wood,wood::c,c,2
kth_tips2b_004158,9,wood,wood::c,c,2
kth_tips2b_004159,9,wood,wood::c,c,2
kth_tips2b_004160,9,wood,wood::c,c,2
kth_tips2b_004161,9,wood,wood::c,c,2
kth_tips2b_004162,9,wood,wood::c,c,2
kth_tips2b_004163,9,wood,wood::c,c,2
kth_tips2b_004164,9,wood,wood::c,c,2
kth_tips2b_004165,9,wood,wood::c,c,2
kth_tips2b_004166,9,wood,wood::c,c,2
kth_tips2b_004167,9,wood,wood::c,c,2
kth_tips2b_004168,9,wood,wood::c,c,2
kth_tips2b_004169,9,wood,wood::c,c,2
kth_tips2b_004170,9,wood,wood::c,c,2
kth_tips2b_004171,9,wood,wood::c,c,2
kth_tips2b_004172,9,wood,wood::c,c,2
kth_tips2b_004173,9,wood,wood::c,c,2
kth_tips2b_004174,9,wood,wood::c,c,2
kth_tips2b_004175,9,wood,wood::c,c,2
kth_tips2b_004176,9,wood,wood::c,c,2
kth_tips2b_004177,9,wood,wood::c,c,2
kth_tips2b_004178,9,wood,wood::c,c,2
kth_tips2b_004179,9,wood,wood::c,c,2
kth_tips2b_004180,9,wood,wood::c,c,2
kth_tips2b_004181,9,wood,wood::c,c,2
kth_tips2b_004182,9,wood,wood::c,c,2
kth_tips2b_004183,9,wood,wood::c,c,2
kth_tips2b_004184,9,wood,wood::c,c,2
kth_tips2b_004185,9,wood,wood::c,c,2
kth_tips2b_004186,9,wood,wood::c,c,2
kth_tips2b_004187,9,wood,wood::c,c,2
kth_tips2b_004188,9,wood,wood::c,c,2
kth_tips2b_004189,9,wood,wood::c,c,2
kth_tips2b_004190,9,wood,wood::c,c,2
kth_tips2b_004191,9,wood,wood::c,c,2
kth_tips2b_004192,9,wood,wood::c,c,2
kth_tips2b_004193,9,wood,wood::c,c,2
kth_tips2b_004194,9,wood,wood::c,c,2
kth_tips2b_004195,9,wood,wood::c,c,2
kth_tips2b_004196,9,wood,wood::c,c,2
kth_tips2b_004197,9,wood,wood::c,c,2
kth_tips2b_004198,9,wood,wood::c,c,2
kth_tips2b_004199,9,wood,wood::c,c,2
kth_tips2b_004200,9,wood,wood::c,c,2
kth_tips2b_004201,9,wood,wood::c,c,2
kth_tips2b_004202,9,wood,wood::c,c,2
kth_tips2b_004203,9,wood,wood::c,c,2
kth_tips2b_004204,9,wood,wood::c,c,2
kth_tips2b_004205,9,wood,wood::c,c,2
kth_tips2b_004206,9,wood,wood::c,c,2
kth_tips2b_004207,9,wood,wood::c,c,2
kth_tips2b_004208,9,wood,wood::c,c,2
kth_tips2b_004209,9,wood,wood::c,c,2
kth_tips2b_004210,9,wood,wood::c,c,2
kth_tips2b_004211,9,wood,wood::c,c,2
kth_tips2b_004212,9,wood,wood::d,d,3
kth_tips2b_004213,9,wood,wood::d,d,3
kth_tips2b_004214,9,wood,wood::d,d,3
kth_tips2b_004215,9,wood,wood::d,d,3
kth_tips2b_004216,9,wood,wood::d,d,3
kth_tips2b_004217,9,wood,wood::d,d,3
kth_tips2b_004218,9,wood,wood::d,d,3
kth_tips2b_004219,9,wood,wood::d,d,3
kth_tips2b_004220,9,wood,wood::d,d,3
kth_tips2b_004221,9,wood,wood::d,d,3
kth_tips2b_004222,9,wood,wood::d,d,3
kth_tips2b_004223,9,wood,wood::d,d,3
kth_tips2b_004224,9,wood,wood::d,d,3
kth_tips2b_004225,9,wood,wood::d,d,3
kth_tips2b_004226,9,wood,wood::d,d,3
kth_tips2b_004227,9,wood,wood::d,d,3
kth_tips2b_004228,9,wood,wood::d,d,3
kth_tips2b_004229,9,wood,wood::d,d,3
kth_tips2b_004230,9,wood,wood::d,d,3
kth_tips2b_004231,9,wood,wood::d,d,3
kth_tips2b_004232,9,wood,wood::d,d,3
kth_tips2b_004233,9,wood,wood::d,d,3
kth_tips2b_004234,9,wood,wood::d,d,3
kth_tips2b_004235,9,wood,wood::d,d,3
kth_tips2b_004236,9,wood,wood::d,d,3
kth_tips2b_004237,9,wood,wood::d,d,3
kth_tips2b_004238,9,wood,wood::d,d,3
kth_tips2b_004239,9,wood,wood::d,d,3
kth_tips2b_004240,9,wood,wood::d,d,3
kth_tips2b_004241,9,wood,wood::d,d,3
kth_tips2b_004242,9,wood,wood::d,d,3
kth_tips2b_004243,9,wood,wood::d,d,3
kth_tips2b_004244,9,wood,wood::d,d,3
kth_tips2b_004245,9,wood,wood::d,d,3
kth_tips2b_004246,9,wood,wood::d,d,3
kth_tips2b_004247,9,wood,wood::d,d,3
kth_tips2b_004248,9,wood,wood::d,d,3
kth_tips2b_004249,9,wood,wood::d,d,3
kth_tips2b_004250,9,wood,wood::d,d,3
kth_tips2b_004251,9,wood,wood::d,d,3
kth_tips2b_004252,9,wood,wood::d,d,3
kth_tips2b_004253,9,wood,wood::d,d,3
kth_tips2b_004254,9,wood,wood::d,d,3
kth_tips2b_004255,9,wood,wood::d,d,3
kth_tips2b_004256,9,wood,wood::d,d,3
kth_tips2b_004257,9,wood,wood::d,d,3
kth_tips2b_004258,9,wood,wood::d,d,3
kth_tips2b_004259,9,wood,wood::d,d,3
kth_tips2b_004260,9,wood,wood::d,d,3
kth_tips2b_004261,9,wood,wood::d,d,3
kth_tips2b_004262,9,wood,wood::d,d,3
kth_tips2b_004263,9,wood,wood::d,d,3
kth_tips2b_004264,9,wood,wood::d,d,3
kth_tips2b_004265,9,wood,wood::d,d,3
kth_tips2b_004266,9,wood,wood::d,d,3
kth_tips2b_004267,9,wood,wood::d,d,3
kth_tips2b_004268,9,wood,wood::d,d,3
kth_tips2b_004269,9,wood,wood::d,d,3
kth_tips2b_004270,9,wood,wood::d,d,3
kth_tips2b_004271,9,wood,wood::d,d,3
kth_tips2b_004272,9,wood,wood::d,d,3
kth_tips2b_004273,9,wood,wood::d,d,3
kth_tips2b_004274,9,wood,wood::d,d,3
kth_tips2b_004275,9,wood,wood::d,d,3
kth_tips2b_004276,9,wood,wood::d,d,3
kth_tips2b_004277,9,wood,wood::d,d,3
kth_tips2b_004278,9,wood,wood::d,d,3
kth_tips2b_004279,9,wood,wood::d,d,3
kth_tips2b_004280,9,wood,wood::d,d,3
kth_tips2b_004281,9,wood,wood::d,d,3
kth_tips2b_004282,9,wood,wood::d,d,3
kth_tips2b_004283,9,wood,wood::d,d,3
kth_tips2b_004284,9,wood,wood::d,d,3
kth_tips2b_004285,9,wood,wood::d,d,3
kth_tips2b_004286,9,wood,wood::d,d,3
kth_tips2b_004287,9,wood,wood::d,d,3
kth_tips2b_004288,9,wood,wood::d,d,3
kth_tips2b_004289,9,wood,wood::d,d,3
kth_tips2b_004290,9,wood,wood::d,d,3
kth_tips2b_004291,9,wood,wood::d,d,3
kth_tips2b_004292,9,wood,wood::d,d,3
kth_tips2b_004293,9,wood,wood::d,d,3
kth_tips2b_004294,9,wood,wood::d,d,3
kth_tips2b_004295,9,wood,wood::d,d,3
kth_tips2b_004296,9,wood,wood::d,d,3
kth_tips2b_004297,9,wood,wood::d,d,3
kth_tips2b_004298,9,wood,wood::d,d,3
kth_tips2b_004299,9,wood,wood::d,d,3
kth_tips2b_004300,9,wood,wood::d,d,3
kth_tips2b_004301,9,wood,wood::d,d,3
kth_tips2b_004302,9,wood,wood::d,d,3
kth_tips2b_004303,9,wood,wood::d,d,3
kth_tips2b_004304,9,wood,wood::d,d,3
kth_tips2b_004305,9,wood,wood::d,d,3
kth_tips2b_004306,9,wood,wood::d,d,3
kth_tips2b_004307,9,wood,wood::d,d,3
kth_tips2b_004308,9,wood,wood::d,d,3
kth_tips2b_004309,9,wood,wood::d,d,3
kth_tips2b_004310,9,wood,wood::d,d,3
kth_tips2b_004311,9,wood,wood::d,d,3
kth_tips2b_004312,9,wood,wood::d,d,3
kth_tips2b_004313,9,wood,wood::d,d,3
kth_tips2b_004314,9,wood,wood::d,d,3
kth_tips2b_004315,9,wood,wood::d,d,3
kth_tips2b_004316,9,wood,wood::d,d,3
kth_tips2b_004317,9,wood,wood::d,d,3
kth_tips2b_004318,9,wood,wood::d,d,3
kth_tips2b_004319,9,wood,wood::d,d,3
kth_tips2b_004320,10,wool,wool::a,a,0
kth_tips2b_004321,10,wool,wool::a,a,0
kth_tips2b_004322,10,wool,wool::a,a,0
kth_tips2b_004323,10,wool,wool::a,a,0
kth_tips2b_004324,10,wool,wool::a,a,0
kth_tips2b_004325,10,wool,wool::a,a,0
kth_tips2b_004326,10,wool,wool::a,a,0
kth_tips2b_004327,10,wool,wool::a,a,0
kth_tips2b_004328,10,wool,wool::a,a,0
kth_tips2b_004329,10,wool,wool::a,a,0
kth_tips2b_004330,10,wool,wool::a,a,0
kth_tips2b_004331,10,wool,wool::a,a,0
kth_tips2b_004332,10,wool,wool::a,a,0
kth_tips2b_004333,10,wool,wool::a,a,0
kth_tips2b_004334,10,wool,wool::a,a,0
kth_tips2b_004335,10,wool,wool::a,a,0
kth_tips2b_004336,10,wool,wool::a,a,0
kth_tips2b_004337,10,wool,wool::a,a,0
kth_tips2b_004338,10,wool,wool::a,a,0
kth_tips2b_004339,10,wool,wool::a,a,0
kth_tips2b_004340,10,wool,wool::a,a,0
kth_tips2b_004341,10,wool,wool::a,a,0
kth_tips2b_004342,10,wool,wool::a,a,0
kth_tips2b_004343,10,wool,wool::a,a,0
kth_tips2b_004344,10,wool,wool::a,a,0
kth_tips2b_004345,10,wool,wool::a,a,0
kth_tips2b_004346,10,wool,wool::a,a,0
kth_tips2b_004347,10,wool,wool::a,a,0
kth_tips2b_004348,10,wool,wool::a,a,0
kth_tips2b_004349,10,wool,wool::a,a,0
kth_tips2b_004350,10,wool,wool::a,a,0
kth_tips2b_004351,10,wool,wool::a,a,0
kth_tips2b_004352,10,wool,wool::a,a,0
kth_tips2b_004353,10,wool,wool::a,a,0
kth_tips2b_004354,10,wool,wool::a,a,0
kth_tips2b_004355,10,wool,wool::a,a,0
kth_tips2b_004356,10,wool,wool::a,a,0
kth_tips2b_004357,10,wool,wool::a,a,0
kth_tips2b_004358,10,wool,wool::a,a,0
kth_tips2b_004359,10,wool,wool::a,a,0
kth_tips2b_004360,10,wool,wool::a,a,0
kth_tips2b_004361,10,wool,wool::a,a,0
kth_tips2b_004362,10,wool,wool::a,a,0
kth_tips2b_004363,10,wool,wool::a,a,0
kth_tips2b_004364,10,wool,wool::a,a,0
kth_tips2b_004365,10,wool,wool::a,a,0
kth_tips2b_004366,10,wool,wool::a,a,0
kth_tips2b_004367,10,wool,wool::a,a,0
kth_tips2b_004368,10,wool,wool::a,a,0
kth_tips2b_004369,10,wool,wool::a,a,0
kth_tips2b_004370,10,wool,wool::a,a,0
kth_tips2b_004371,10,wool,wool::a,a,0
kth_tips2b_004372,10,wool,wool::a,a,0
kth_tips2b_004373,10,wool,wool::a,a,0
kth_tips2b_004374,10,wool,wool::a,a,0
kth_tips2b_004375,10,wool,wool::a,a,0
kth_tips2b_004376,10,wool,wool::a,a,0
kth_tips2b_004377,10,wool,wool::a,a,0
kth_tips2b_004378,10,wool,wool::a,a,0
kth_tips2b_004379,10,wool,wool::a,a,0
kth_tips2b_004380,10,wool,wool::a,a,0
kth_tips2b_004381,10,wool,wool::a,a,0
kth_tips2b_004382,10,wool,wool::a,a,0
kth_tips2b_004383,10,wool,wool::a,a,0
kth_tips2b_004384,10,wool,wool::a,a,0
kth_tips2b_004385,10,wool,wool::a,a,0
kth_tips2b_004386,10,wool,wool::a,a,0
kth_tips2b_004387,10,wool,wool::a,a,0
kth_tips2b_004388,10,wool,wool::a,a,0
kth_tips2b_004389,10,wool,wool::a,a,0
kth_tips2b_004390,10,wool,wool::a,a,0
kth_tips2b_004391,10,wool,wool::a,a,0
kth_tips2b_004392,10,wool,wool::a,a,0
kth_tips2b_004393,10,wool,wool::a,a,0
kth_tips2b_004394,10,wool,wool::a,a,0
kth_tips2b_004395,10,wool,wool::a,a,0
kth_tips2b_004396,10,wool,wool::a,a,0
kth_tips2b_004397,10,wool,wool::a,a,0
kth_tips2b_004398,10,wool,wool::a,a,0
kth_tips2b_004399,10,wool,wool::a,a,0
kth_tips2b_004400,10,wool,wool::a,a,0
kth_tips2b_004401,10,wool,wool::a,a,0
kth_tips2b_004402,10,wool,wool::a,a,0
kth_tips2b_004403,10,wool,wool::a,a,0
kth_tips2b_004404,10,wool,wool::a,a,0
kth_tips2b_004405,10,wool,wool::a,a,0
kth_tips2b_004406,10,wool,wool::a,a,0
kth_tips2b_004407,10,wool,wool::a,a,0
kth_tips2b_004408,10,wool,wool::a,a,0
kth_tips2b_004409,10,wool,wool::a,a,0
kth_tips2b_004410,10,wool,wool::a,a,0
kth_tips2b_004411,10,wool,wool::a,a,0
kth_tips2b_004412,10,wool,wool::a,a,0
kth_tips2b_004413,10,wool,wool::a,a,0
kth_tips2b_004414,10,wool,wool::a,a,0
kth_tips2b_004415,10,wool,wool::a,a,0
kth_tips2b_004416,10,wool,wool::a,a,0
kth_tips2b_004417,10,wool,wool::a,a,0
kth_tips2b_004418,10,wool,wool::a,a,0
kth_tips2b_004419,10,wool,wool::a,a,0
kth_tips2b_004420,10,wool,wool::a,a,0
kth_tips2b_004421,10,wool,wool::a,a,0
kth_tips2b_004422,10,wool,wool::a,a,0
kth_tips2b_004423,10,wool,wool::a,a,0
kth_tips2b_004424,10,wool,wool::a,a,0
kth_tips2b_004425,10,wool,wool::a,a,0
kth_tips2b_004426,10,wool,wool::a,a,0
kth_tips2b_004427,10,wool,wool::a,a,0
kth_tips2b_004428,10,wool,wool::b,b,1
kth_tips2b_004429,10,wool,wool::b,b,1
kth_tips2b_004430,10,wool,wool::b,b,1
kth_tips2b_004431,10,wool,wool::b,b,1
kth_tips2b_004432,10,wool,wool::b,b,1
kth_tips2b_004433,10,wool,wool::b,b,1
kth_tips2b_004434,10,wool,wool::b,b,1
kth_tips2b_004435,10,wool,wool::b,b,1
kth_tips2b_004436,10,wool,wool::b,b,1
kth_tips2b_004437,10,wool,wool::b,b,1
kth_tips2b_004438,10,wool,wool::b,b,1
kth_tips2b_004439,10,wool,wool::b,b,1
kth_tips2b_004440,10,wool,wool::b,b,1
kth_tips2b_004441,10,wool,wool::b,b,1
kth_tips2b_004442,10,wool,wool::b,b,1
kth_tips2b_004443,10,wool,wool::b,b,1
kth_tips2b_004444,10,wool,wool::b,b,1
kth_tips2b_004445,10,wool,wool::b,b,1
kth_tips2b_004446,10,wool,wool::b,b,1
kth_tips2b_004447,10,wool,wool::b,b,1
kth_tips2b_004448,10,wool,wool::b,b,1
kth_tips2b_004449,10,wool,wool::b,b,1
kth_tips2b_004450,10,wool,wool::b,b,1
kth_tips2b_004451,10,wool,wool::b,b,1
kth_tips2b_004452,10,wool,wool::b,b,1
kth_tips2b_004453,10,wool,wool::b,b,1
kth_tips2b_004454,10,wool,wool::b,b,1
kth_tips2b_004455,10,wool,wool::b,b,1
kth_tips2b_004456,10,wool,wool::b,b,1
kth_tips2b_004457,10,wool,wool::b,b,1
kth_tips2b_004458,10,wool,wool::b,b,1
kth_tips2b_004459,10,wool,wool::b,b,1
kth_tips2b_004460,10,wool,wool::b,b,1
kth_tips2b_004461,10,wool,wool::b,b,1
kth_tips2b_004462,10,wool,wool::b,b,1
kth_tips2b_004463,10,wool,wool::b,b,1
kth_tips2b_004464,10,wool,wool::b,b,1
kth_tips2b_004465,10,wool,wool::b,b,1
kth_tips2b_004466,10,wool,wool::b,b,1
kth_tips2b_004467,10,wool,wool::b,b,1
kth_tips2b_004468,10,wool,wool::b,b,1
kth_tips2b_004469,10,wool,wool::b,b,1
kth_tips2b_004470,10,wool,wool::b,b,1
kth_tips2b_004471,10,wool,wool::b,b,1
kth_tips2b_004472,10,wool,wool::b,b,1
kth_tips2b_004473,10,wool,wool::b,b,1
kth_tips2b_004474,10,wool,wool::b,b,1
kth_tips2b_004475,10,wool,wool::b,b,1
kth_tips2b_004476,10,wool,wool::b,b,1
kth_tips2b_004477,10,wool,wool::b,b,1
kth_tips2b_004478,10,wool,wool::b,b,1
kth_tips2b_004479,10,wool,wool::b,b,1
kth_tips2b_004480,10,wool,wool::b,b,1
kth_tips2b_004481,10,wool,wool::b,b,1
kth_tips2b_004482,10,wool,wool::b,b,1
kth_tips2b_004483,10,wool,wool::b,b,1
kth_tips2b_004484,10,wool,wool::b,b,1
kth_tips2b_004485,10,wool,wool::b,b,1
kth_tips2b_004486,10,wool,wool::b,b,1
kth_tips2b_004487,10,wool,wool::b,b,1
kth_tips2b_004488,10,wool,wool::b,b,1
kth_tips2b_004489,10,wool,wool::b,b,1
kth_tips2b_004490,10,wool,wool::b,b,1
kth_tips2b_004491,10,wool,wool::b,b,1
kth_tips2b_004492,10,wool,wool::b,b,1
kth_tips2b_004493,10,wool,wool::b,b,1
kth_tips2b_004494,10,wool,wool::b,b,1
kth_tips2b_004495,10,wool,wool::b,b,1
kth_tips2b_004496,10,wool,wool::b,b,1
kth_tips2b_004497,10,wool,wool::b,b,1
kth_tips2b_004498,10,wool,wool::b,b,1
kth_tips2b_004499,10,wool,wool::b,b,1
kth_tips2b_004500,10,wool,wool::b,b,1
kth_tips2b_004501,10,wool,wool::b,b,1
kth_tips2b_004502,10,wool,wool::b,b,1
kth_tips2b_004503,10,wool,wool::b,b,1
kth_tips2b_004504,10,wool,wool::b,b,1
kth_tips2b_004505,10,wool,wool::b,b,1
kth_tips2b_004506,10,wool,wool::b,b,1
kth_tips2b_004507,10,wool,wool::b,b,1
kth_tips2b_004508,10,wool,wool::b,b,1
kth_tips2b_004509,10,wool,wool::b,b,1
kth_tips2b_004510,10,wool,wool::b,b,1
kth_tips2b_004511,10,wool,wool::b,b,1
kth_tips2b_004512,10,wool,wool::b,b,1
kth_tips2b_004513,10,wool,wool::b,b,1
kth_tips2b_004514,10,wool,wool::b,b,1
kth_tips2b_004515,10,wool,wool::b,b,1
kth_tips2b_004516,10,wool,wool::b,b,1
kth_tips2b_004517,10,wool,wool::b,b,1
kth_tips2b_004518,10,wool,wool::b,b,1
kth_tips2b_004519,10,wool,wool::b,b,1
kth_tips2b_004520,10,wool,wool::b,b,1
kth_tips2b_004521,10,wool,wool::b,b,1
kth_tips2b_004522,10,wool,wool::b,b,1
kth_tips2b_004523,10,wool,wool::b,b,1
kth_tips2b_004524,10,wool,wool::b,b,1
kth_tips2b_004525,10,wool,wool::b,b,1
kth_tips2b_004526,10,wool,wool::b,b,1
kth_tips2b_004527,10,wool,wool::b,b,1
kth_tips2b_004528,10,wool,wool::b,b,1
kth_tips2b_004529,10,wool,wool::b,b,1
kth_tips2b_004530,10,wool,wool::b,b,1
kth_tips2b_004531,10,wool,wool::b,b,1
kth_tips2b_004532,10,wool,wool::b,b,1
kth_tips2b_004533,10,wool,wool::b,b,1
kth_tips2b_004534,10,wool,wool::b,b,1
kth_tips2b_004535,10,wool,wool::b,b,1
kth_tips2b_004536,10,wool,wool::c,c,2
kth_tips2b_004537,10,wool,wool::c,c,2
kth_tips2b_004538,10,wool,wool::c,c,2
kth_tips2b_004539,10,wool,wool::c,c,2
kth_tips2b_004540,10,wool,wool::c,c,2
kth_tips2b_004541,10,wool,wool::c,c,2
kth_tips2b_004542,10,wool,wool::c,c,2
kth_tips2b_004543,10,wool,wool::c,c,2
kth_tips2b_004544,10,wool,wool::c,c,2
kth_tips2b_004545,10,wool,wool::c,c,2
kth_tips2b_004546,10,wool,wool::c,c,2
kth_tips2b_004547,10,wool,wool::c,c,2
kth_tips2b_004548,10,wool,wool::c,c,2
kth_tips2b_004549,10,wool,wool::c,c,2
kth_tips2b_004550,10,wool,wool::c,c,2
kth_tips2b_004551,10,wool,wool::c,c,2
kth_tips2b_004552,10,wool,wool::c,c,2
kth_tips2b_004553,10,wool,wool::c,c,2
kth_tips2b_004554,10,wool,wool::c,c,2
kth_tips2b_004555,10,wool,wool::c,c,2
kth_tips2b_004556,10,wool,wool::c,c,2
kth_tips2b_004557,10,wool,wool::c,c,2
kth_tips2b_004558,10,wool,wool::c,c,2
kth_tips2b_004559,10,wool,wool::c,c,2
kth_tips2b_004560,10,wool,wool::c,c,2
kth_tips2b_004561,10,wool,wool::c,c,2
kth_tips2b_004562,10,wool,wool::c,c,2
kth_tips2b_004563,10,wool,wool::c,c,2
kth_tips2b_004564,10,wool,wool::c,c,2
kth_tips2b_004565,10,wool,wool::c,c,2
kth_tips2b_004566,10,wool,wool::c,c,2
kth_tips2b_004567,10,wool,wool::c,c,2
kth_tips2b_004568,10,wool,wool::c,c,2
kth_tips2b_004569,10,wool,wool::c,c,2
kth_tips2b_004570,10,wool,wool::c,c,2
kth_tips2b_004571,10,wool,wool::c,c,2
kth_tips2b_004572,10,wool,wool::c,c,2
kth_tips2b_004573,10,wool,wool::c,c,2
kth_tips2b_004574,10,wool,wool::c,c,2
kth_tips2b_004575,10,wool,wool::c,c,2
kth_tips2b_004576,10,wool,wool::c,c,2
kth_tips2b_004577,10,wool,wool::c,c,2
kth_tips2b_004578,10,wool,wool::c,c,2
kth_tips2b_004579,10,wool,wool::c,c,2
kth_tips2b_004580,10,wool,wool::c,c,2
kth_tips2b_004581,10,wool,wool::c,c,2
kth_tips2b_004582,10,wool,wool::c,c,2
kth_tips2b_004583,10,wool,wool::c,c,2
kth_tips2b_004584,10,wool,wool::c,c,2
kth_tips2b_004585,10,wool,wool::c,c,2
kth_tips2b_004586,10,wool,wool::c,c,2
kth_tips2b_004587,10,wool,wool::c,c,2
kth_tips2b_004588,10,wool,wool::c,c,2
kth_tips2b_004589,10,wool,wool::c,c,2
kth_tips2b_004590,10,wool,wool::c,c,2
kth_tips2b_004591,10,wool,wool::c,c,2
kth_tips2b_004592,10,wool,wool::c,c,2
kth_tips2b_004593,10,wool,wool::c,c,2
kth_tips2b_004594,10,wool,wool::c,c,2
kth_tips2b_004595,10,wool,wool::c,c,2
kth_tips2b_004596,10,wool,wool::c,c,2
kth_tips2b_004597,10,wool,wool::c,c,2
kth_tips2b_004598,10,wool,wool::c,c,2
kth_tips2b_004599,10,wool,wool::c,c,2
kth_tips2b_004600,10,wool,wool::c,c,2
kth_tips2b_004601,10,wool,wool::c,c,2
kth_tips2b_004602,10,wool,wool::c,c,2
kth_tips2b_004603,10,wool,wool::c,c,2
kth_tips2b_004604,10,wool,wool::c,c,2
kth_tips2b_004605,10,wool,wool::c,c,2
kth_tips2b_004606,10,wool,wool::c,c,2
kth_tips2b_004607,10,wool,wool::c,c,2
kth_tips2b_004608,10,wool,wool::c,c,2
kth_tips2b_004609,10,wool,wool::c,c,2
kth_tips2b_004610,10,wool,wool::c,c,2
kth_tips2b_004611,10,wool,wool::c,c,2
kth_tips2b_004612,10,wool,wool::c,c,2
kth_tips2b_004613,10,wool,wool::c,c,2
kth_tips2b_004614,10,wool,wool::c,c,2
kth_tips2b_004615,10,wool,wool::c,c,2
kth_tips2b_004616,10,wool,wool::c,c,2
kth_tips2b_004617,10,wool,wool::c,c,2
kth_tips2b_004618,10,wool,wool::c,c,2
kth_tips2b_004619,10,wool,wool::c,c,2
kth_tips2b_004620,10,wool,wool::c,c,2
kth_tips2b_004621,10,wool,wool::c,c,2
kth_tips2b_004622,10,wool,wool::c,c,2
kth_tips2b_004623,10,wool,wool::c,c,2
kth_tips2b_004624,10,wool,wool::c,c,2
kth_tips2b_004625,10,wool,wool::c,c,2
kth_tips2b_004626,10,wool,wool::c,c,2
kth_tips2b_004627,10,wool,wool::c,c,2
kth_tips2b_004628,10,wool,wool::c,c,2
kth_tips2b_004629,10,wool,wool::c,c,2
kth_tips2b_004630,10,wool,wool::c,c,2
kth_tips2b_004631,10,wool,wool::c,c,2
kth_tips2b_004632,10,wool,wool::c,c,2
kth_tips2b_004633,10,wool,wool::c,c,2
kth_tips2b_004634,10,wool,wool::c,c,2
kth_tips2b_004635,10,wool,wool::c,c,2
kth_tips2b_004636,10,wool,wool::c,c,2
kth_tips2b_004637,10,wool,wool::c,c,2
kth_tips2b_004638,10,wool,wool::c,c,2
kth_tips2b_004639,10,wool,wool::c,c,2
kth_tips2b_004640,10,wool,wool::c,c,2
kth_tips2b_004641,10,wool,wool::c,c,2
kth_tips2b_004642,10,wool,wool::c,c,2
kth_tips2b_004643,10,wool,wool::c,c,2
kth_tips2b_004644,10,wool,wool::d,d,3
kth_tips2b_004645,10,wool,wool::d,d,3
kth_tips2b_004646,10,wool,wool::d,d,3
kth_tips2b_004647,10,wool,wool::d,d,3
kth_tips2b_004648,10,wool,wool::d,d,3
kth_tips2b_004649,10,wool,wool::d,d,3
kth_tips2b_004650,10,wool,wool::d,d,3
kth_tips2b_004651,10,wool,wool::d,d,3
kth_tips2b_004652,10,wool,wool::d,d,3
kth_tips2b_004653,10,wool,wool::d,d,3
kth_tips2b_004654,10,wool,wool::d,d,3
kth_tips2b_004655,10,wool,wool::d,d,3
kth_tips2b_004656,10,wool,wool::d,d,3
kth_tips2b_004657,10,wool,wool::d,d,3
kth_tips2b_004658,10,wool,wool::d,d,3
kth_tips2b_004659,10,wool,wool::d,d,3
kth_tips2b_004660,10,wool,wool::d,d,3
kth_tips2b_004661,10,wool,wool::d,d,3
kth_tips2b_004662,10,wool,wool::d,d,3
kth_tips2b_004663,10,wool,wool::d,d,3
kth_tips2b_004664,10,wool,wool::d,d,3
kth_tips2b_004665,10,wool,wool::d,d,3
kth_tips2b_004666,10,wool,wool::d,d,3
kth_tips2b_004667,10,wool,wool::d,d,3
kth_tips2b_004668,10,wool,wool::d,d,3
kth_tips2b_004669,10,wool,wool::d,d,3
kth_tips2b_004670,10,wool,wool::d,d,3
kth_tips2b_004671,10,wool,wool::d,d,3
kth_tips2b_004672,10,wool,wool::d,d,3
kth_tips2b_004673,10,wool,wool::d,d,3
kth_tips2b_004674,10,wool,wool::d,d,3
kth_tips2b_004675,10,wool,wool::d,d,3
kth_tips2b_004676,10,wool,wool::d,d,3
kth_tips2b_004677,10,wool,wool::d,d,3
kth_tips2b_004678,10,wool,wool::d,d,3
kth_tips2b_004679,10,wool,wool::d,d,3
kth_tips2b_004680,10,wool,wool::d,d,3
kth_tips2b_004681,10,wool,wool::d,d,3
kth_tips2b_004682,10,wool,wool::d,d,3
kth_tips2b_004683,10,wool,wool::d,d,3
kth_tips2b_004684,10,wool,wool::d,d,3
kth_tips2b_004685,10,wool,wool::d,d,3
kth_tips2b_004686,10,wool,wool::d,d,3
kth_tips2b_004687,10,wool,wool::d,d,3
kth_tips2b_004688,10,wool,wool::d,d,3
kth_tips2b_004689,10,wool,wool::d,d,3
kth_tips2b_004690,10,wool,wool::d,d,3
kth_tips2b_004691,10,wool,wool::d,d,3
kth_tips2b_004692,10,wool,wool::d,d,3
kth_tips2b_004693,10,wool,wool::d,d,3
kth_tips2b_004694,10,wool,wool::d,d,3
kth_tips2b_004695,10,wool,wool::d,d,3
kth_tips2b_004696,10,wool,wool::d,d,3
kth_tips2b_004697,10,wool,wool::d,d,3
kth_tips2b_004698,10,wool,wool::d,d,3
kth_tips2b_004699,10,wool,wool::d,d,3
kth_tips2b_004700,10,wool,wool::d,d,3
kth_tips2b_004701,10,wool,wool::d,d,3
kth_tips2b_004702,10,wool,wool::d,d,3
kth_tips2b_004703,10,wool,wool::d,d,3
kth_tips2b_004704,10,wool,wool::d,d,3
kth_tips2b_004705,10,wool,wool::d,d,3
kth_tips2b_004706,10,wool,wool::d,d,3
kth_tips2b_004707,10,wool,wool::d,d,3
kth_tips2b_004708,10,wool,wool::d,d,3
kth_tips2b_004709,10,wool,wool::d,d,3
kth_tips2b_004710,10,wool,wool::d,d,3
kth_tips2b_004711,10,wool,wool::d,d,3
kth_tips2b_004712,10,wool,wool::d,d,3
kth_tips2b_004713,10,wool,wool::d,d,3
kth_tips2b_004714,10,wool,wool::d,d,3
kth_tips2b_004715,10,wool,wool::d,d,3
kth_tips2b_004716,10,wool,wool::d,d,3
kth_tips2b_004717,10,wool,wool::d,d,3
kth_tips2b_004718,10,wool,wool::d,d,3
kth_tips2b_004719,10,wool,wool::d,d,3
kth_tips2b_004720,10,wool,wool::d,d,3
kth_tips2b_004721,10,wool,wool::d,d,3
kth_tips2b_004722,10,wool,wool::d,d,3
kth_tips2b_004723,10,wool,wool::d,d,3
kth_tips2b_004724,10,wool,wool::d,d,3
kth_tips2b_004725,10,wool,wool::d,d,3
kth_tips2b_004726,10,wool,wool::d,d,3
kth_tips2b_004727,10,wool,wool::d,d,3
kth_tips2b_004728,10,wool,wool::d,d,3
kth_tips2b_004729,10,wool,wool::d,d,3
kth_tips2b_004730,10,wool,wool::d,d,3
kth_tips2b_004731,10,wool,wool::d,d,3
kth_tips2b_004732,10,wool,wool::d,d,3
kth_tips2b_004733,10,wool,wool::d,d,3
kth_tips2b_004734,10,wool,wool::d,d,3
kth_tips2b_004735,10,wool,wool::d,d,3
kth_tips2b_004736,10,wool,wool::d,d,3
kth_tips2b_004737,10,wool,wool::d,d,3
kth_tips2b_004738,10,wool,wool::d,d,3
kth_tips2b_004739,10,wool,wool::d,d,3
kth_tips2b_004740,10,wool,wool::d,d,3
kth_tips2b_004741,10,wool,wool::d,d,3
kth_tips2b_004742,10,wool,wool::d,d,3
kth_tips2b_004743,10,wool,wool::d,d,3
kth_tips2b_004744,10,wool,wool::d,d,3
kth_tips2b_004745,10,wool,wool::d,d,3
kth_tips2b_004746,10,wool,wool::d,d,3
kth_tips2b_004747,10,wool,wool::d,d,3
kth_tips2b_004748,10,wool,wool::d,d,3
kth_tips2b_004749,10,wool,wool::d,d,3
kth_tips2b_004750,10,wool,wool::d,d,3
kth_tips2b_004751,10,wool,wool::d,d,3
